Name,Tm,PA,AB,AVG,OBP,SLG,BB%,K%,wOBA,xwOBA,wRC+,ISO,BABIP,Chase%,ZCon%,OCon%,SwStr%,Barrel%,HardHit%,Launch Angle
Matt Olson,ATL,247.0,225.0,0.262,0.324,0.511,0.0769,0.2551,0.361,0.362,129.0,0.249,0.302,,,,,,,
Ozzie Albies,ATL,230.0,214.0,0.29,0.313,0.463,0.0348,0.087,0.332,0.287,109.0,0.173,0.281,,,,,,,
Bryce Harper,PHI,225.0,184.0,0.212,0.333,0.326,0.1556,0.2578,0.301,0.394,88.0,0.114,0.276,,,,,,,
Kyle Schwarber,PHI,214.0,180.0,0.272,0.383,0.522,0.1355,0.285,0.394,0.366,151.0,0.25,0.343,,,,,,,
Bryan Reynolds,PIT,204.0,180.0,0.283,0.368,0.456,0.1127,0.2304,0.363,0.348,130.0,0.173,0.354,,,,,,,
Rafael Devers,SFG,200.0,182.0,0.181,0.25,0.302,0.075,0.28,0.249,0.33,53.0,0.121,0.23,,,,,,,
Pete Crow-Armstrong,CHC,198.0,169.0,0.314,0.414,0.58,0.1162,0.2778,0.43,0.364,175.0,0.266,0.408,,,,,,,
Trea Turner,PHI,194.0,172.0,0.221,0.309,0.314,0.1031,0.1649,0.283,0.293,76.0,0.093,0.255,,,,,,,
Ben Rice,NYY,194.0,176.0,0.25,0.32,0.466,0.0722,0.2784,0.344,0.375,117.0,0.216,0.304,,,,,,,
Shohei Ohtani,LAD,193.0,173.0,0.272,0.333,0.538,0.0725,0.2487,0.37,0.403,134.0,0.266,0.304,,,,,,,
Iván Herrera,STL,193.0,152.0,0.237,0.399,0.375,0.1813,0.1554,0.349,0.331,121.0,0.138,0.265,,,,,,,
Michael Harris II,ATL,192.0,180.0,0.272,0.309,0.467,0.0417,0.1771,0.337,0.343,112.0,0.195,0.295,,,,,,,
Gunnar Henderson,BAL,192.0,174.0,0.23,0.302,0.454,0.0781,0.2083,0.33,0.316,108.0,0.224,0.254,,,,,,,
Corbin Carroll,ARI,190.0,163.0,0.319,0.411,0.558,0.1158,0.2105,0.417,0.348,166.0,0.239,0.395,,,,,,,
Drake Baldwin,ATL,189.0,171.0,0.246,0.317,0.398,0.0794,0.2011,0.319,0.371,100.0,0.152,0.278,,,,,,,
Freddie Freeman,LAD,186.0,167.0,0.275,0.344,0.389,0.086,0.1882,0.327,0.371,106.0,0.114,0.326,,,,,,,
Mauricio Dubón,ATL,184.0,171.0,0.251,0.29,0.392,0.0489,0.1033,0.298,0.304,86.0,0.141,0.26,,,,,,,
Brandon Lowe,PIT,181.0,165.0,0.206,0.254,0.327,0.0663,0.3812,0.257,0.32,58.0,0.121,0.305,,,,,,,
Miguel Vargas,CHW,180.0,147.0,0.279,0.402,0.585,0.1722,0.1611,0.417,0.391,166.0,0.306,0.271,,,,,,,
Pete Alonso,BAL,180.0,162.0,0.259,0.328,0.451,0.0833,0.2444,0.334,0.39,110.0,0.192,0.306,,,,,,,
Alec Burleson,STL,179.0,168.0,0.22,0.257,0.31,0.0503,0.1676,0.251,0.38,55.0,0.09,0.248,,,,,,,
Michael Busch,CHC,178.0,151.0,0.232,0.337,0.404,0.118,0.2247,0.33,0.332,108.0,0.172,0.271,,,,,,,
Geraldo Perdomo,ARI,177.0,145.0,0.269,0.36,0.352,0.1299,0.1186,0.32,0.329,101.0,0.083,0.299,,,,,,,
Wilyer Abreu,BOS,176.0,151.0,0.311,0.4,0.517,0.1193,0.1648,0.399,0.352,154.0,0.206,0.35,,,,,,,
Kevin McGonigle,DET,175.0,153.0,0.235,0.32,0.333,0.1086,0.1943,0.296,0.353,85.0,0.098,0.28,,,,,,,
Cole Young,SEA,175.0,159.0,0.233,0.291,0.314,0.0571,0.2,0.273,0.315,69.0,0.081,0.276,,,,,,,
CJ Abrams,WSN,172.0,160.0,0.244,0.285,0.438,0.0523,0.314,0.313,0.332,96.0,0.194,0.324,,,,,,,
Ernie Clement,TOR,171.0,162.0,0.253,0.287,0.37,0.0409,0.1053,0.289,0.266,80.0,0.117,0.262,,,,,,,
Josh Naylor,SEA,171.0,159.0,0.296,0.339,0.396,0.0468,0.1637,0.326,0.316,105.0,0.1,0.341,,,,,,,
Josh Bell,MIN,170.0,159.0,0.277,0.318,0.428,0.0529,0.1824,0.327,0.329,105.0,0.151,0.315,,,,,,,
Taylor Ward,SEA,170.0,137.0,0.226,0.365,0.365,0.1824,0.2,0.328,0.337,106.0,0.139,0.267,,,,,,,
Cody Bellinger,NYY,169.0,149.0,0.255,0.32,0.409,0.0947,0.1538,0.318,0.347,100.0,0.154,0.276,,,,,,,
Brooks Lee,MIN,169.0,154.0,0.208,0.274,0.312,0.0651,0.2367,0.265,0.273,64.0,0.104,0.261,,,,,,,
Dillon Dingler,DET,168.0,153.0,0.216,0.268,0.346,0.0595,0.2738,0.271,0.348,68.0,0.13,0.274,,,,,,,
Nick Gonzales,PIT,167.0,151.0,0.265,0.329,0.318,0.0778,0.1677,0.294,0.323,83.0,0.053,0.317,,,,,,,
Colson Montgomery,CHW,167.0,150.0,0.26,0.335,0.5,0.0719,0.2814,0.365,0.302,131.0,0.24,0.319,,,,,,,
Zach Neto,LAA,167.0,149.0,0.268,0.347,0.47,0.1018,0.2635,0.356,0.306,125.0,0.202,0.343,,,,,,,
Luis Arraez,PHI,167.0,153.0,0.301,0.327,0.405,0.024,0.0778,0.32,0.308,101.0,0.104,0.319,,,,,,,
Chandler Simpson,TBR,166.0,155.0,0.277,0.288,0.342,0.0181,0.1024,0.275,0.262,71.0,0.065,0.307,,,,,,,
Brice Turang,MIL,166.0,147.0,0.19,0.274,0.259,0.1024,0.259,0.247,0.337,52.0,0.069,0.262,,,,,,,
Luke Keaschall,MIN,165.0,143.0,0.273,0.364,0.357,0.1091,0.1758,0.324,0.312,104.0,0.084,0.333,,,,,,,
Jonathan Aranda,TBR,165.0,143.0,0.238,0.327,0.301,0.103,0.2788,0.289,0.349,80.0,0.063,0.33,,,,,,,
Austin Riley,ATL,164.0,142.0,0.232,0.329,0.338,0.1098,0.3171,0.301,0.298,88.0,0.106,0.348,,,,,,,
Brandon Nimmo,TEX,164.0,151.0,0.311,0.354,0.483,0.0549,0.1951,0.364,0.356,130.0,0.172,0.362,,,,,,,
Willi Castro,COL,163.0,153.0,0.268,0.307,0.399,0.0429,0.2577,0.31,0.312,94.0,0.131,0.343,,,,,,,
Yandy Díaz,TBR,163.0,145.0,0.29,0.356,0.476,0.0859,0.1227,0.357,0.355,126.0,0.186,0.292,,,,,,,
TJ Rumfield,COL,163.0,141.0,0.262,0.362,0.369,0.1288,0.1288,0.331,0.328,108.0,0.107,0.297,,,,,,,
Paul Goldschmidt,NYY,162.0,140.0,0.307,0.401,0.607,0.1173,0.1914,0.43,0.31,175.0,0.3,0.327,,,,,,,
Brayan Rocchio,CLE,161.0,145.0,0.214,0.266,0.331,0.0497,0.1615,0.265,0.291,64.0,0.117,0.237,,,,,,,
Junior Caminero,TBR,160.0,130.0,0.292,0.425,0.523,0.1812,0.1438,0.405,0.364,158.0,0.231,0.303,,,,,,,
Julio Rodríguez,SEA,159.0,143.0,0.217,0.296,0.406,0.0943,0.239,0.309,0.343,93.0,0.189,0.237,,,,,,,
Lane Thomas,ATL,159.0,136.0,0.272,0.371,0.456,0.1384,0.2264,0.364,0.314,131.0,0.184,0.333,,,,,,,
Chase Meidroth,CHW,158.0,136.0,0.316,0.397,0.507,0.1203,0.1899,0.394,0.292,151.0,0.191,0.379,,,,,,,
Steven Kwan,CLE,158.0,130.0,0.223,0.35,0.262,0.1519,0.1329,0.288,0.322,80.0,0.039,0.264,,,,,,,
Kyle Tucker,LAD,157.0,136.0,0.25,0.338,0.397,0.1146,0.1783,0.325,0.326,104.0,0.147,0.296,,,,,,,
Alec Bohm,PHI,157.0,147.0,0.272,0.306,0.456,0.0382,0.1274,0.33,0.319,108.0,0.184,0.276,,,,,,,
Hunter Goodman,COL,156.0,137.0,0.27,0.353,0.511,0.1154,0.3526,0.369,0.331,134.0,0.241,0.378,,,,,,,
Jackson Merrill,SDP,155.0,148.0,0.284,0.31,0.412,0.0387,0.2774,0.316,0.335,98.0,0.128,0.373,,,,,,,
Jordan Walker,STL,155.0,136.0,0.287,0.374,0.537,0.1226,0.2,0.394,0.354,151.0,0.25,0.313,,,,,,,
Jo Adell,CLE,155.0,140.0,0.314,0.361,0.6,0.0516,0.2258,0.408,0.329,160.0,0.286,0.333,,,,,,,
Bo Bichette,NYM,155.0,140.0,0.264,0.323,0.436,0.0839,0.1677,0.331,0.322,108.0,0.172,0.288,,,,,,,
Yordan Alvarez,HOU,155.0,136.0,0.265,0.335,0.5,0.0839,0.1613,0.352,0.457,122.0,0.235,0.257,,,,,,,
Jung Hoo Lee,SFG,154.0,146.0,0.267,0.299,0.37,0.0325,0.1234,0.295,0.319,84.0,0.103,0.294,,,,,,,
Alex Bregman,CHC,154.0,126.0,0.262,0.383,0.421,0.1494,0.1429,0.355,0.315,124.0,0.159,0.277,,,,,,,
Jazz Chisholm Jr.,NYY,153.0,141.0,0.22,0.268,0.39,0.0654,0.3464,0.287,0.293,78.0,0.17,0.306,,,,,,,
Salvador Perez,KCR,153.0,140.0,0.271,0.316,0.443,0.0392,0.1895,0.326,0.303,105.0,0.172,0.312,,,,,,,
Jac Caglianone,KCR,153.0,148.0,0.264,0.288,0.459,0.0065,0.2941,0.325,0.362,104.0,0.195,0.333,,,,,,,
Mike Trout,LAA,152.0,122.0,0.262,0.397,0.426,0.1776,0.2368,0.36,0.379,128.0,0.164,0.329,,,,,,,
William Contreras,MIL,152.0,132.0,0.28,0.362,0.402,0.1118,0.1579,0.333,0.336,109.0,0.122,0.318,,,,,,,
Daylen Lile,WSN,152.0,139.0,0.23,0.283,0.309,0.0526,0.2303,0.265,0.324,64.0,0.079,0.295,,,,,,,
Myles Straw,TOR,150.0,135.0,0.215,0.268,0.333,0.0733,0.18,0.266,0.295,64.0,0.118,0.248,,,,,,,
Chase DeLauter,CLE,149.0,136.0,0.346,0.396,0.485,0.0805,0.1879,0.385,0.34,145.0,0.139,0.421,,,,,,,
Carter Jensen,KCR,149.0,133.0,0.233,0.309,0.353,0.094,0.2953,0.297,0.292,85.0,0.12,0.322,,,,,,,
Nico Hoerner,CHC,149.0,139.0,0.273,0.315,0.381,0.0537,0.1007,0.308,0.324,93.0,0.108,0.293,,,,,,,
Spencer Torkelson,DET,149.0,127.0,0.26,0.362,0.402,0.1409,0.2886,0.341,0.308,115.0,0.142,0.366,,,,,,,
Ceddanne Rafaela,BOS,148.0,139.0,0.273,0.318,0.489,0.0473,0.2365,0.347,0.283,119.0,0.216,0.333,,,,,,,
Cal Raleigh,SEA,148.0,126.0,0.151,0.264,0.294,0.1284,0.3581,0.257,0.31,58.0,0.143,0.188,,,,,,,
Ildemaro Vargas,ARI,148.0,141.0,0.305,0.327,0.504,0.0338,0.0878,0.356,0.3,125.0,0.199,0.301,,,,,,,
Elly De La Cruz,CIN,147.0,130.0,0.331,0.395,0.623,0.0952,0.2721,0.432,0.361,177.0,0.292,0.417,,,,,,,
Nick Loftin,KCR,147.0,124.0,0.274,0.363,0.403,0.1088,0.1497,0.339,0.297,114.0,0.129,0.317,,,,,,,
Randy Arozarena,SEA,146.0,127.0,0.283,0.363,0.48,0.0959,0.1849,0.368,0.347,133.0,0.197,0.313,,,,,,,
Bobby Witt Jr.,KCR,146.0,129.0,0.279,0.356,0.457,0.1096,0.1301,0.34,0.383,114.0,0.178,0.299,,,,,,,
Sal Stewart,CIN,145.0,125.0,0.288,0.386,0.52,0.131,0.2345,0.385,0.35,145.0,0.232,0.337,,,,,,,
Vaughn Grissom,LAA,144.0,125.0,0.264,0.343,0.352,0.0903,0.1528,0.313,0.311,96.0,0.088,0.308,,,,,,,
Otto Lopez,MIA,144.0,133.0,0.338,0.347,0.496,0.0347,0.1319,0.358,0.325,127.0,0.158,0.359,,,,,,,
Xavier Edwards,MIA,142.0,125.0,0.248,0.326,0.376,0.1056,0.1549,0.309,0.313,93.0,0.128,0.27,,,,,,,
Kazuma Okamoto,TOR,141.0,125.0,0.256,0.34,0.52,0.0993,0.2624,0.374,0.318,137.0,0.264,0.3,,,,,,,
Seiya Suzuki,CHC,141.0,117.0,0.308,0.411,0.547,0.1489,0.1844,0.408,0.338,160.0,0.239,0.337,,,,,,,
Carson Benge,NYM,141.0,129.0,0.264,0.326,0.411,0.0709,0.2553,0.327,0.341,106.0,0.147,0.33,,,,,,,
Amed Rosario,NYY,140.0,129.0,0.202,0.25,0.364,0.0643,0.2286,0.269,0.313,66.0,0.162,0.223,,,,,,,
Randal Grichuk,CHW,140.0,132.0,0.311,0.35,0.636,0.05,0.2429,0.42,0.336,168.0,0.325,0.36,,,,,,,
Nick Fortes,TBR,140.0,124.0,0.242,0.307,0.323,0.0429,0.1143,0.285,0.283,77.0,0.081,0.269,,,,,,,
Munetaka Murakami,CHW,139.0,112.0,0.188,0.338,0.384,0.1871,0.3597,0.324,0.364,104.0,0.196,0.263,,,,,,,
Jacob Young,WSN,138.0,122.0,0.295,0.368,0.459,0.087,0.1594,0.364,0.318,131.0,0.164,0.34,,,,,,,
Manny Machado,SDP,138.0,122.0,0.23,0.297,0.402,0.0942,0.2101,0.3,0.33,87.0,0.172,0.261,,,,,,,
Jonah Heim,ATH,138.0,126.0,0.262,0.319,0.532,0.0797,0.1812,0.366,0.296,132.0,0.27,0.258,,,,,,,
Ryan Vilade,TBR,138.0,125.0,0.272,0.326,0.504,0.0797,0.2319,0.355,0.326,124.0,0.232,0.307,,,,,,,
José Fermín,STL,138.0,121.0,0.273,0.35,0.446,0.1087,0.1087,0.35,0.295,121.0,0.173,0.282,,,,,,,
Leody Taveras,BAL,138.0,123.0,0.203,0.274,0.244,0.087,0.3043,0.24,0.278,47.0,0.041,0.3,,,,,,,
Jackson Chourio,MIL,137.0,121.0,0.298,0.38,0.496,0.1168,0.2336,0.372,0.342,136.0,0.198,0.361,,,,,,,
Isaac Collins,KCR,137.0,124.0,0.21,0.272,0.323,0.0584,0.2117,0.267,0.299,65.0,0.113,0.255,,,,,,,
Heriberto Hernández,MIA,137.0,120.0,0.242,0.328,0.542,0.1095,0.2263,0.372,0.353,136.0,0.3,0.238,,,,,,,
Willson Contreras,BOS,136.0,111.0,0.27,0.404,0.541,0.1618,0.1985,0.406,0.374,159.0,0.271,0.299,,,,,,,
Taylor Walls,TBR,135.0,117.0,0.188,0.262,0.256,0.0815,0.2148,0.238,0.248,46.0,0.068,0.239,,,,,,,
Mookie Betts,LAD,135.0,123.0,0.228,0.289,0.374,0.0815,0.0815,0.284,0.324,77.0,0.146,0.22,,,,,,,
José Caballero,NYY,135.0,126.0,0.246,0.289,0.373,0.0519,0.3111,0.292,0.281,82.0,0.127,0.333,,,,,,,
Ian Happ,CHC,134.0,121.0,0.157,0.233,0.289,0.0672,0.3507,0.238,0.311,46.0,0.132,0.214,,,,,,,
George Springer,TOR,134.0,116.0,0.233,0.316,0.397,0.097,0.1791,0.314,0.306,97.0,0.164,0.264,,,,,,,
Miguel Rojas,LAD,134.0,121.0,0.314,0.358,0.479,0.0672,0.1119,0.362,0.319,129.0,0.165,0.33,,,,,,,
Fernando Tatis Jr.,SDP,134.0,117.0,0.299,0.388,0.573,0.1269,0.194,0.412,0.374,163.0,0.274,0.333,,,,,,,
Ezequiel Tovar,COL,134.0,121.0,0.198,0.263,0.314,0.0746,0.306,0.259,0.279,60.0,0.116,0.278,,,,,,,
Nasim Nuñez,WSN,133.0,115.0,0.226,0.331,0.278,0.1278,0.188,0.285,0.266,77.0,0.052,0.281,,,,,,,
Caleb Durbin,BOS,133.0,117.0,0.248,0.315,0.376,0.0677,0.1203,0.308,0.288,93.0,0.128,0.263,,,,,,,
Trent Grisham,NYY,133.0,117.0,0.231,0.316,0.376,0.1128,0.1955,0.308,0.339,93.0,0.145,0.27,,,,,,,
Jake Burger,TEX,133.0,118.0,0.271,0.338,0.542,0.0902,0.2707,0.378,0.312,140.0,0.271,0.307,,,,,,,
Jake McCarthy,COL,132.0,121.0,0.314,0.366,0.512,0.0379,0.1667,0.383,0.318,143.0,0.198,0.358,,,,,,,
Jake Bauers,MIL,132.0,111.0,0.288,0.394,0.541,0.1439,0.2197,0.404,0.372,157.0,0.253,0.338,,,,,,,
Xander Bogaerts,SDP,132.0,116.0,0.216,0.311,0.284,0.1212,0.1212,0.272,0.323,69.0,0.068,0.242,,,,,,,
Vladimir Guerrero Jr.,TOR,131.0,110.0,0.264,0.374,0.355,0.145,0.1374,0.33,0.333,107.0,0.091,0.297,,,,,,,
Travis Bazzana,CLE,131.0,114.0,0.184,0.29,0.228,0.1145,0.2595,0.247,0.3,52.0,0.044,0.253,,,,,,,
Nolan Arenado,ARI,131.0,117.0,0.248,0.321,0.462,0.0992,0.1985,0.338,0.287,113.0,0.214,0.267,,,,,,,
Coby Mayo,BAL,131.0,120.0,0.325,0.382,0.767,0.0687,0.2748,0.485,0.318,212.0,0.442,0.348,,,,,,,
Ezequiel Duran,TEX,130.0,110.0,0.282,0.385,0.436,0.1308,0.2385,0.364,0.3,131.0,0.154,0.364,,,,,,,
Gabriel Moreno,ARI,129.0,111.0,0.288,0.349,0.468,0.1008,0.155,0.351,0.368,122.0,0.18,0.304,,,,,,,
Isaac Paredes,HOU,129.0,116.0,0.284,0.349,0.405,0.0698,0.155,0.334,0.324,110.0,0.121,0.333,,,,,,,
Jarren Duran,BOS,127.0,113.0,0.221,0.294,0.31,0.0866,0.2441,0.274,0.298,70.0,0.089,0.284,,,,,,,
Javier Sanoja,MIA,127.0,119.0,0.328,0.37,0.504,0.063,0.1181,0.381,0.282,142.0,0.176,0.356,,,,,,,
Henry Bolte,ATH,127.0,116.0,0.267,0.325,0.431,0.0472,0.3543,0.335,0.304,111.0,0.164,0.394,,,,,,,
José Ramírez,CLE,126.0,107.0,0.308,0.405,0.533,0.127,0.0714,0.395,0.342,152.0,0.225,0.298,,,,,,,
Jared Triolo,PIT,126.0,115.0,0.287,0.349,0.357,0.0794,0.1429,0.318,0.291,99.0,0.07,0.333,,,,,,,
Kody Clemens,MIN,125.0,117.0,0.239,0.282,0.427,0.048,0.232,0.31,0.336,94.0,0.188,0.277,,,,,,,
Cam Smith,HOU,124.0,109.0,0.202,0.282,0.413,0.0887,0.2258,0.304,0.32,90.0,0.211,0.208,,,,,,,
Joey Ortiz,MIL,124.0,111.0,0.243,0.311,0.36,0.0887,0.2177,0.3,0.294,87.0,0.117,0.305,,,,,,,
Jahmai Jones,BOS,122.0,104.0,0.231,0.344,0.423,0.123,0.2869,0.342,0.333,116.0,0.192,0.308,,,,,,,
Oswald Peraza,LAA,122.0,113.0,0.239,0.289,0.442,0.0492,0.2869,0.319,0.269,101.0,0.203,0.301,,,,,,,
Brandon Marsh,PHI,122.0,114.0,0.228,0.264,0.36,0.0328,0.3689,0.274,0.309,70.0,0.132,0.343,,,,,,,
Carson Kelly,CHC,122.0,107.0,0.308,0.393,0.505,0.123,0.1885,0.394,0.314,150.0,0.197,0.354,,,,,,,
Marcus Semien,NYM,121.0,105.0,0.238,0.322,0.362,0.1074,0.2149,0.306,0.307,91.0,0.124,0.282,,,,,,,
Jonny DeLuca,TBR,121.0,115.0,0.261,0.292,0.391,0.0413,0.2149,0.3,0.272,87.0,0.13,0.322,,,,,,,
Juan Soto,NYM,121.0,106.0,0.274,0.358,0.443,0.1157,0.1322,0.354,0.421,124.0,0.169,0.291,,,,,,,
Christian Walker,HOU,121.0,100.0,0.23,0.355,0.45,0.1322,0.1901,0.353,0.302,123.0,0.22,0.247,,,,,,,
Justin Foscue,TEX,121.0,107.0,0.308,0.388,0.579,0.0992,0.2397,0.417,0.324,166.0,0.271,0.375,,,,,,,
Andrés Giménez,TOR,121.0,111.0,0.225,0.283,0.315,0.0248,0.157,0.271,0.267,68.0,0.09,0.256,,,,,,,
Hao-Yu Lee,DET,120.0,112.0,0.25,0.286,0.375,0.05,0.2167,0.29,0.303,80.0,0.125,0.306,,,,,,,
Cole Carrigg,COL,119.0,110.0,0.282,0.305,0.482,0.042,0.2689,0.333,0.324,109.0,0.2,0.359,,,,,,,
Ronald Acuña Jr.,ATL,119.0,100.0,0.22,0.345,0.4,0.1513,0.2521,0.331,0.363,109.0,0.18,0.273,,,,,,,
Ty France,SDP,118.0,101.0,0.277,0.356,0.465,0.0847,0.2542,0.354,0.331,124.0,0.188,0.343,,,,,,,
Wyatt Langford,TEX,118.0,105.0,0.248,0.331,0.419,0.1017,0.2288,0.332,0.317,109.0,0.171,0.297,,,,,,,
Edmundo Sosa,PHI,117.0,104.0,0.269,0.328,0.462,0.0598,0.2137,0.343,0.336,116.0,0.193,0.303,,,,,,,
Jakob Marsee,MIA,117.0,88.0,0.159,0.348,0.273,0.1538,0.265,0.299,0.301,87.0,0.114,0.228,,,,,,,
Adley Rutschman,BOS,116.0,104.0,0.231,0.302,0.356,0.0948,0.1207,0.294,0.34,83.0,0.125,0.239,,,,,,,
Derek Hill,PHI,116.0,107.0,0.243,0.283,0.449,0.0517,0.3362,0.319,0.287,100.0,0.206,0.323,,,,,,,
Jake Mangum,PIT,116.0,104.0,0.279,0.345,0.346,0.0517,0.2069,0.312,0.285,96.0,0.067,0.35,,,,,,,
Angel Martínez,CLE,116.0,110.0,0.282,0.298,0.473,0.0172,0.1552,0.332,0.305,109.0,0.191,0.303,,,,,,,
Daulton Varsho,HOU,115.0,107.0,0.243,0.296,0.355,0.0522,0.1913,0.29,0.29,80.0,0.112,0.298,,,,,,,
Bryson Stott,PHI,115.0,101.0,0.287,0.368,0.436,0.1043,0.1565,0.356,0.328,125.0,0.149,0.333,,,,,,,
Lawrence Butler,ATH,115.0,101.0,0.218,0.307,0.376,0.1043,0.2609,0.306,0.317,91.0,0.158,0.269,,,,,,,
Royce Lewis,MIN,115.0,105.0,0.257,0.322,0.438,0.0783,0.2,0.331,0.313,108.0,0.181,0.295,,,,,,,
JJ Bleday,CIN,114.0,100.0,0.2,0.289,0.37,0.114,0.2281,0.294,0.35,84.0,0.17,0.214,,,,,,,
Andrés Chaparro,WSN,114.0,94.0,0.202,0.342,0.436,0.1491,0.2281,0.347,0.371,119.0,0.234,0.222,,,,,,,
Andruw Monasterio,BOS,114.0,102.0,0.255,0.333,0.51,0.1053,0.1842,0.365,0.299,131.0,0.255,0.276,,,,,,,
Victor Caratini,MIN,113.0,96.0,0.188,0.31,0.271,0.0885,0.2832,0.275,0.318,71.0,0.083,0.258,,,,,,,
David Fry,CLE,113.0,92.0,0.163,0.319,0.315,0.1858,0.3451,0.296,0.263,85.0,0.152,0.224,,,,,,,
Teoscar Hernández,LAD,113.0,99.0,0.273,0.354,0.455,0.1062,0.2301,0.353,0.31,123.0,0.182,0.319,,,,,,,
Bryce Eldridge,SFG,113.0,103.0,0.291,0.354,0.495,0.0885,0.2832,0.371,0.354,135.0,0.204,0.379,,,,,,,
Jose Altuve,HOU,111.0,98.0,0.265,0.351,0.388,0.0991,0.2072,0.333,0.275,109.0,0.123,0.319,,,,,,,
Dylan Crews,WSN,110.0,98.0,0.286,0.364,0.5,0.1,0.2091,0.378,0.315,140.0,0.214,0.329,,,,,,,
J.P. Crawford,SEA,110.0,87.0,0.207,0.355,0.253,0.1636,0.1818,0.292,0.32,82.0,0.046,0.25,,,,,,,
Andrew Vaughn,MIL,110.0,94.0,0.351,0.445,0.564,0.1364,0.1182,0.435,0.341,178.0,0.213,0.392,,,,,,,
Eli White,BOS,110.0,99.0,0.232,0.3,0.404,0.0818,0.2636,0.31,0.26,94.0,0.172,0.284,,,,,,,
Christian Yelich,MIL,109.0,99.0,0.222,0.287,0.364,0.0826,0.2661,0.289,0.318,80.0,0.142,0.294,,,,,,,
Vinnie Pasquantino,KCR,109.0,99.0,0.182,0.257,0.263,0.0826,0.211,0.239,0.331,46.0,0.081,0.227,,,,,,,
Dane Myers,CIN,109.0,94.0,0.277,0.367,0.479,0.1101,0.2202,0.37,0.314,135.0,0.202,0.328,,,,,,,
Gary Sánchez,MIL,109.0,91.0,0.242,0.358,0.462,0.1468,0.1835,0.36,0.343,128.0,0.22,0.254,,,,,,,
Ryan Jeffers,MIN,109.0,88.0,0.295,0.431,0.455,0.1927,0.1284,0.392,0.35,149.0,0.16,0.333,,,,,,,
Max Muncy,LAD,107.0,96.0,0.24,0.318,0.479,0.0841,0.2804,0.348,0.35,120.0,0.239,0.283,,,,,,,
A.J. Ewing,NYM,106.0,92.0,0.25,0.324,0.391,0.0943,0.2736,0.315,0.314,98.0,0.141,0.333,,,,,,,
Garrett Mitchell,MIL,106.0,89.0,0.258,0.362,0.371,0.1132,0.283,0.33,0.346,108.0,0.113,0.373,,,,,,,
Francisco Lindor,NYM,105.0,92.0,0.207,0.305,0.413,0.1238,0.1333,0.318,0.339,100.0,0.206,0.192,,,,,,,
Cedric Mullins,TBR,104.0,90.0,0.2,0.287,0.278,0.0769,0.1827,0.261,0.261,61.0,0.078,0.243,,,,,,,
Liam Hicks,TBR,103.0,90.0,0.2,0.284,0.244,0.0874,0.1553,0.247,0.317,52.0,0.044,0.23,,,,,,,
Oneil Cruz,PIT,102.0,96.0,0.302,0.343,0.49,0.049,0.4118,0.36,0.357,128.0,0.188,0.5,,,,,,,
Esmerlyn Valdez,PIT,102.0,83.0,0.253,0.392,0.687,0.1863,0.3333,0.452,0.336,190.0,0.434,0.3,,,,,,,
Matt McLain,CIN,102.0,85.0,0.224,0.34,0.376,0.1373,0.2157,0.325,0.311,104.0,0.152,0.254,,,,,,,
Gleyber Torres,DET,101.0,77.0,0.195,0.376,0.364,0.2079,0.198,0.333,0.326,110.0,0.169,0.232,,,,,,,
Ryan Kreidler,MIN,100.0,88.0,0.182,0.28,0.295,0.11,0.16,0.265,0.286,64.0,0.113,0.2,,,,,,,
Corey Seager,TEX,99.0,87.0,0.241,0.333,0.391,0.1111,0.2929,0.325,0.345,104.0,0.15,0.327,,,,,,,
Eugenio Suárez,CIN,99.0,83.0,0.181,0.313,0.361,0.1616,0.4141,0.303,0.282,89.0,0.18,0.289,,,,,,,
Austin Hedges,CLE,99.0,83.0,0.253,0.337,0.373,0.1111,0.101,0.318,0.28,99.0,0.12,0.264,,,,,,,
Francisco Alvarez,NYM,98.0,84.0,0.202,0.316,0.286,0.1327,0.3571,0.277,0.323,72.0,0.084,0.319,,,,,,,
Luisangel Acuña,CHW,97.0,94.0,0.234,0.247,0.266,0.0206,0.1649,0.227,0.265,39.0,0.032,0.278,,,,,,,
Sam Antonacci,CHW,96.0,82.0,0.232,0.337,0.268,0.0521,0.2083,0.287,0.341,79.0,0.036,0.306,,,,,,,
Kyle Stowers,MIA,96.0,85.0,0.188,0.271,0.318,0.0938,0.3021,0.265,0.331,64.0,0.13,0.268,,,,,,,
Esteury Ruiz,MIA,96.0,78.0,0.244,0.375,0.487,0.1354,0.3229,0.377,0.299,140.0,0.243,0.341,,,,,,,
Tyrone Taylor,CHC,96.0,89.0,0.315,0.344,0.562,0.0417,0.2083,0.391,0.316,149.0,0.247,0.359,,,,,,,
Connor Norby,COL,95.0,76.0,0.211,0.368,0.329,0.1684,0.2737,0.326,0.299,105.0,0.118,0.306,,,,,,,
Jose Siri,LAA,95.0,86.0,0.174,0.253,0.384,0.0737,0.3474,0.278,0.311,73.0,0.21,0.208,,,,,,,
J.T. Realmuto,PHI,94.0,80.0,0.25,0.33,0.35,0.0851,0.1277,0.305,0.32,91.0,0.1,0.261,,,,,,,
Leo Jiménez,MIA,93.0,82.0,0.183,0.28,0.28,0.0753,0.2043,0.261,0.32,61.0,0.097,0.213,,,,,,,
Heliot Ramos,NYY,93.0,82.0,0.28,0.366,0.488,0.1183,0.2473,0.366,0.32,132.0,0.208,0.357,,,,,,,
Blaze Alexander,BAL,92.0,85.0,0.271,0.315,0.341,0.0652,0.2391,0.288,0.361,79.0,0.07,0.349,,,,,,,
Troy Johnston,COL,91.0,83.0,0.217,0.256,0.325,0.044,0.1429,0.256,0.331,58.0,0.108,0.229,,,,,,,
Alika Williams,ATH,90.0,83.0,0.289,0.33,0.446,0.0444,0.2111,0.339,0.242,114.0,0.157,0.365,,,,,,,
Keibert Ruiz,WSN,90.0,87.0,0.287,0.311,0.46,0.0333,0.1778,0.336,0.283,111.0,0.173,0.324,,,,,,,
Dominic Canzone,SEA,89.0,72.0,0.25,0.393,0.444,0.1573,0.236,0.372,0.357,136.0,0.194,0.298,,,,,,,
Jeff McNeil,ATH,87.0,78.0,0.218,0.291,0.256,0.092,0.0805,0.253,0.309,56.0,0.038,0.239,,,,,,,
Tyler Stephenson,CIN,87.0,70.0,0.2,0.356,0.286,0.1954,0.2299,0.3,0.337,88.0,0.086,0.265,,,,,,,
Austin Wells,NYY,87.0,80.0,0.125,0.184,0.263,0.069,0.2874,0.2,0.288,20.0,0.138,0.132,,,,,,,
Pedro Pagés,STL,87.0,80.0,0.188,0.253,0.225,0.0805,0.2989,0.222,0.267,35.0,0.037,0.278,,,,,,,
Samuel Basallo,BAL,87.0,84.0,0.179,0.207,0.25,0.0345,0.3793,0.205,0.32,23.0,0.071,0.265,,,,,,,
Brady House,WSN,86.0,78.0,0.346,0.407,0.577,0.093,0.2442,0.426,0.334,172.0,0.231,0.434,,,,,,,
Zack Gelof,ATH,86.0,80.0,0.263,0.306,0.425,0.0581,0.2442,0.32,0.3,101.0,0.162,0.321,,,,,,,
Sal Frelick,MIL,84.0,75.0,0.187,0.262,0.267,0.0714,0.119,0.243,0.284,49.0,0.08,0.2,,,,,,,
Jeremy Peña,HOU,81.0,73.0,0.26,0.333,0.397,0.0741,0.2469,0.326,0.328,105.0,0.137,0.333,,,,,,,
Weston Wilson,SEA,81.0,73.0,0.205,0.284,0.356,0.0864,0.321,0.287,0.257,79.0,0.151,0.273,,,,,,,
Braden Montgomery,CHW,80.0,70.0,0.157,0.25,0.286,0.1,0.275,0.244,0.32,49.0,0.129,0.208,,,,,,,
Henry Davis,PIT,80.0,75.0,0.133,0.152,0.227,0.025,0.25,0.165,0.283,-3.0,0.094,0.145,,,,,,,
Brett Baty,NYM,80.0,70.0,0.171,0.275,0.229,0.1125,0.3375,0.239,0.305,46.0,0.058,0.279,,,,,,,
Mickey Moniak,COL,79.0,73.0,0.192,0.228,0.356,0.0253,0.3671,0.253,0.283,56.0,0.164,0.256,,,,,,,
Alejandro Kirk,TOR,79.0,69.0,0.304,0.38,0.377,0.1139,0.1772,0.331,0.311,108.0,0.073,0.364,,,,,,,
Nathan Church,STL,78.0,70.0,0.214,0.273,0.314,0.0641,0.1667,0.264,0.285,63.0,0.1,0.232,,,,,,,
Logan O'Hoppe,TEX,78.0,73.0,0.26,0.308,0.301,0.0641,0.2308,0.275,0.262,71.0,0.041,0.345,,,,,,,
Jackson Holliday,BAL,78.0,69.0,0.246,0.333,0.348,0.1154,0.2821,0.308,0.304,93.0,0.102,0.348,,,,,,,
Elias Díaz,TEX,77.0,72.0,0.236,0.273,0.514,0.0519,0.1948,0.331,0.27,108.0,0.278,0.226,,,,,,,
Luis García Jr.,NYY,76.0,72.0,0.236,0.276,0.375,0.0526,0.1711,0.288,0.354,79.0,0.139,0.25,,,,,,,
Brenton Doyle,CHW,76.0,69.0,0.217,0.28,0.362,0.0789,0.2763,0.286,0.239,78.0,0.145,0.283,,,,,,,
Yainer Diaz,HOU,76.0,71.0,0.254,0.303,0.352,0.0526,0.2237,0.292,0.302,82.0,0.098,0.321,,,,,,,
Tommy Edman,LAD,75.0,63.0,0.222,0.347,0.397,0.0933,0.28,0.337,0.315,112.0,0.175,0.282,,,,,,,
Spencer Horwitz,PIT,75.0,63.0,0.206,0.32,0.254,0.12,0.1867,0.272,0.317,69.0,0.048,0.245,,,,,,,
Luis Torrens,NYM,75.0,67.0,0.254,0.324,0.478,0.08,0.2,0.351,0.3,122.0,0.224,0.271,,,,,,,
Tyler Tolbert,KCR,74.0,62.0,0.274,0.375,0.387,0.1351,0.1486,0.344,0.301,117.0,0.113,0.32,,,,,,,
Zach McKinstry,DET,74.0,63.0,0.159,0.264,0.175,0.1081,0.1757,0.215,0.287,30.0,0.016,0.2,,,,,,,
Jake Cronenworth,SDP,73.0,66.0,0.242,0.306,0.318,0.0411,0.1918,0.284,0.282,76.0,0.076,0.294,,,,,,,
Ryan Waldschmidt,ARI,72.0,63.0,0.317,0.394,0.429,0.1111,0.1944,0.366,0.304,132.0,0.112,0.408,,,,,,,
Matt Shaw,CHC,71.0,63.0,0.286,0.366,0.508,0.0845,0.1831,0.381,0.301,142.0,0.222,0.333,,,,,,,
Tim Tawa,ARI,70.0,62.0,0.226,0.29,0.29,0.0857,0.2571,0.262,0.316,62.0,0.064,0.311,,,,,,,
Nelson Velázquez,HOU,69.0,61.0,0.18,0.261,0.426,0.087,0.3043,0.299,0.333,87.0,0.246,0.189,,,,,,,
Denzer Guzman,LAA,69.0,62.0,0.161,0.246,0.387,0.1014,0.3043,0.28,0.266,74.0,0.226,0.162,,,,,,,
Agustín Ramírez,MIA,69.0,56.0,0.286,0.42,0.446,0.1739,0.2174,0.382,0.28,143.0,0.16,0.375,,,,,,,
Freddy Fermin,SDP,68.0,63.0,0.175,0.224,0.317,0.0588,0.1912,0.24,0.277,47.0,0.142,0.188,,,,,,,
Jordan Beck,COL,68.0,62.0,0.323,0.368,0.468,0.0735,0.3235,0.363,0.253,130.0,0.145,0.475,,,,,,,
David Hamilton,MIL,67.0,59.0,0.254,0.313,0.339,0.0597,0.2388,0.293,0.275,83.0,0.085,0.333,,,,,,,
Miguel Amaya,CHC,66.0,55.0,0.273,0.385,0.364,0.1364,0.1818,0.342,0.287,116.0,0.091,0.333,,,,,,,
Jorge Mateo,TBR,66.0,62.0,0.226,0.273,0.355,0.0606,0.2879,0.279,0.317,73.0,0.129,0.293,,,,,,,
Evan Carter,TEX,66.0,57.0,0.123,0.194,0.123,0.0758,0.3333,0.156,0.283,-10.0,0.0,0.2,,,,,,,
Brandon Valenzuela,TOR,66.0,56.0,0.179,0.288,0.321,0.1212,0.2424,0.277,0.313,72.0,0.142,0.205,,,,,,,
Nathan Lukes,TOR,65.0,57.0,0.14,0.222,0.211,0.0462,0.2308,0.205,0.292,24.0,0.071,0.171,,,,,,,
Carlos Narváez,BAL,65.0,58.0,0.172,0.262,0.224,0.0923,0.3231,0.229,0.267,40.0,0.052,0.27,,,,,,,
Connor Wong,BOS,63.0,56.0,0.268,0.328,0.446,0.0635,0.1429,0.341,0.294,115.0,0.178,0.273,,,,,,,
Alex Call,LAD,63.0,53.0,0.302,0.397,0.434,0.0952,0.1746,0.369,0.279,134.0,0.132,0.357,,,,,,,
Kyle Isbel,KCR,63.0,58.0,0.155,0.183,0.241,0.0317,0.2063,0.189,0.267,12.0,0.086,0.182,,,,,,,
Luis Robert Jr.,NYM,62.0,56.0,0.214,0.29,0.429,0.0968,0.2258,0.317,0.324,99.0,0.215,0.211,,,,,,,
Jose Fernandez,ARI,62.0,57.0,0.263,0.311,0.333,0.0645,0.2258,0.289,0.285,80.0,0.07,0.349,,,,,,,
Joe Mack,MIA,58.0,49.0,0.184,0.241,0.265,0.069,0.2586,0.229,0.294,39.0,0.081,0.235,,,,,,,
Nick Yorke,PIT,58.0,53.0,0.208,0.259,0.283,0.069,0.2759,0.244,0.295,49.0,0.075,0.27,,,,,,,
Jorge Barrosa,ARI,57.0,45.0,0.244,0.364,0.422,0.1228,0.193,0.349,0.235,120.0,0.178,0.294,,,,,,,
Darell Hernaiz,ATH,56.0,50.0,0.26,0.339,0.32,0.1071,0.1607,0.302,0.271,89.0,0.06,0.3,,,,,,,
Tommy White,ATH,56.0,54.0,0.315,0.339,0.315,0.0357,0.2143,0.294,0.308,84.0,0.0,0.405,,,,,,,
Justin Crawford,PHI,56.0,50.0,0.22,0.304,0.22,0.0714,0.1964,0.25,0.286,53.0,0.0,0.282,,,,,,,
Ben Malgeri,DET,56.0,46.0,0.174,0.304,0.217,0.1429,0.2857,0.252,0.308,55.0,0.043,0.258,,,,,,,
Christian Vázquez,HOU,56.0,51.0,0.216,0.241,0.353,0.0357,0.1786,0.257,0.237,59.0,0.137,0.244,,,,,,,
Nicky Lopez,TEX,55.0,48.0,0.25,0.275,0.25,0.0182,0.1455,0.237,0.253,45.0,0.0,0.293,,,,,,,
James McCann,ARI,53.0,49.0,0.265,0.321,0.306,0.0755,0.1887,0.284,0.286,77.0,0.041,0.333,,,,,,,
Tristan Peters,CHW,53.0,45.0,0.156,0.255,0.244,0.0943,0.2075,0.235,0.313,44.0,0.088,0.182,,,,,,,
Trevor Larnach,MIN,52.0,45.0,0.178,0.275,0.333,0.1154,0.2308,0.276,0.332,71.0,0.155,0.194,,,,,,,
Colton Cowser,BAL,52.0,44.0,0.159,0.255,0.227,0.1154,0.4231,0.227,0.329,38.0,0.068,0.273,,,,,,,
Brett Sullivan,COL,52.0,46.0,0.261,0.314,0.37,0.0577,0.1154,0.301,0.278,88.0,0.109,0.293,,,,,,,
Rafael Flores Jr.,PIT,51.0,44.0,0.227,0.333,0.5,0.1373,0.3137,0.357,0.345,126.0,0.273,0.25,,,,,,,
Josh Lowe,LAA,51.0,47.0,0.17,0.2,0.191,0.0392,0.3333,0.177,0.287,5.0,0.021,0.258,,,,,,,
Gabriel Arias,CHC,50.0,48.0,0.125,0.16,0.125,0.04,0.5,0.123,0.269,-32.0,0.0,0.261,,,,,,,
Christian Encarnacion-Strand,BAL,50.0,44.0,0.318,0.388,0.705,0.1,0.32,0.459,0.357,194.0,0.387,0.391,,,,,,,
Jared Young,NYM,49.0,45.0,0.222,0.286,0.289,0.0408,0.2449,0.262,0.314,62.0,0.067,0.303,,,,,,,
Trevor Story,BOS,48.0,44.0,0.227,0.271,0.295,0.0417,0.3333,0.253,0.248,56.0,0.068,0.345,,,,,,,
Victor Robles,SEA,48.0,44.0,0.295,0.333,0.364,0.0625,0.2083,0.308,0.285,93.0,0.069,0.371,,,,,,,
Richie Palacios,TBR,47.0,43.0,0.163,0.234,0.233,0.0851,0.234,0.215,0.301,30.0,0.07,0.219,,,,,,,
Cooper Pratt,MIL,47.0,38.0,0.132,0.217,0.132,0.0851,0.2553,0.172,0.305,1.0,0.0,0.172,,,,,,,
Ha-Seong Kim,ATL,47.0,43.0,0.07,0.149,0.07,0.0851,0.2766,0.115,0.214,-37.0,0.0,0.1,,,,,,,
Griffin Conine,MIA,47.0,44.0,0.182,0.234,0.182,0.0426,0.3191,0.196,0.367,17.0,0.0,0.276,,,,,,,
Javier Báez,DET,47.0,45.0,0.267,0.298,0.444,0.0426,0.1489,0.322,0.271,102.0,0.177,0.297,,,,,,,
Andrew Benintendi,CHW,46.0,43.0,0.233,0.267,0.256,0.0435,0.3478,0.237,0.313,45.0,0.023,0.37,,,,,,,
Drew Gilbert,SFG,45.0,41.0,0.049,0.114,0.049,0.0444,0.3333,0.088,0.332,-55.0,0.0,0.077,,,,,,,
Dylan Beavers,BAL,45.0,39.0,0.256,0.318,0.282,0.0889,0.2,0.273,0.308,69.0,0.026,0.323,,,,,,,
Patrick Bailey,CLE,45.0,34.0,0.176,0.318,0.294,0.1778,0.2667,0.283,0.306,76.0,0.118,0.217,,,,,,,
Danny Jansen,TEX,45.0,40.0,0.175,0.25,0.375,0.0667,0.3333,0.277,0.251,72.0,0.2,0.217,,,,,,,
Tyler Heineman,LAA,45.0,43.0,0.163,0.163,0.163,0.0,0.1556,0.145,0.237,-17.0,0.0,0.194,,,,,,,
Jonah Cox,SFG,45.0,42.0,0.262,0.295,0.5,0.0444,0.4667,0.342,0.276,115.0,0.238,0.474,,,,,,,
Jase Bowen,SDP,43.0,41.0,0.195,0.233,0.39,0.0465,0.3488,0.272,0.268,68.0,0.195,0.25,,,,,,,
Moisés Ballesteros,LAA,43.0,42.0,0.214,0.233,0.262,0.0233,0.2326,0.22,0.294,33.0,0.048,0.281,,,,,,,
Charles McAdoo,TOR,42.0,37.0,0.27,0.333,0.378,0.0952,0.3095,0.315,0.275,98.0,0.108,0.375,,,,,,,
Lars Nootbaar,ARI,42.0,36.0,0.139,0.238,0.222,0.119,0.2619,0.217,0.345,31.0,0.083,0.16,,,,,,,
Nolan Gorman,STL,40.0,36.0,0.167,0.225,0.278,0.075,0.25,0.225,0.28,37.0,0.111,0.192,,,,,,,
Owen Caissie,MIA,40.0,36.0,0.25,0.3,0.306,0.05,0.475,0.271,0.3,68.0,0.056,0.5,,,,,,,
Eduardo Valencia,DET,39.0,39.0,0.308,0.308,0.718,0.0,0.4103,0.437,0.306,180.0,0.41,0.421,,,,,,,
Osleivis Basabe,SFG,39.0,35.0,0.114,0.205,0.114,0.0513,0.1538,0.163,0.27,-4.0,0.0,0.138,,,,,,,
Christian Koss,SFG,39.0,38.0,0.184,0.184,0.289,0.0,0.2051,0.206,0.231,24.0,0.105,0.207,,,,,,,
Nick Sogard,BOS,39.0,36.0,0.333,0.385,0.639,0.0769,0.2051,0.438,0.318,180.0,0.306,0.385,,,,,,,
Roman Anthony,BOS,39.0,36.0,0.278,0.333,0.306,0.0769,0.2051,0.291,0.352,81.0,0.028,0.357,,,,,,,
Harry Ford,WSN,38.0,33.0,0.273,0.368,0.485,0.1316,0.2895,0.373,0.268,137.0,0.212,0.381,,,,,,,
Spencer Jones,NYY,38.0,34.0,0.382,0.447,0.676,0.0789,0.2632,0.48,0.326,209.0,0.294,0.5,,,,,,,
Drew Romo,CHW,38.0,31.0,0.129,0.27,0.29,0.1579,0.2105,0.261,0.252,61.0,0.161,0.136,,,,,,,
Luis Lara,MIL,38.0,35.0,0.229,0.289,0.314,0.0789,0.1316,0.271,0.32,68.0,0.085,0.267,,,,,,,
Ali Sánchez,NYY,38.0,36.0,0.306,0.324,0.444,0.0,0.2632,0.337,0.256,112.0,0.138,0.4,,,,,,,
Jake Rogers,CHW,37.0,31.0,0.258,0.351,0.484,0.1351,0.2973,0.361,0.274,129.0,0.226,0.316,,,,,,,
Edwin Arroyo,CIN,37.0,36.0,0.278,0.27,0.361,0.0,0.2162,0.27,0.311,67.0,0.083,0.345,,,,,,,
Jorbit Vivas,WSN,37.0,33.0,0.242,0.306,0.242,0.0811,0.0811,0.255,0.294,57.0,0.0,0.267,,,,,,,
Nathaniel Lowe,CLE,37.0,36.0,0.083,0.108,0.083,0.027,0.2703,0.091,0.335,-53.0,0.0,0.115,,,,,,,
Travis d'Arnaud,LAA,36.0,32.0,0.188,0.278,0.281,0.0833,0.3333,0.259,0.264,60.0,0.093,0.263,,,,,,,
TJ Friedl,CIN,36.0,34.0,0.206,0.25,0.206,0.0556,0.2222,0.211,0.244,28.0,0.0,0.269,,,,,,,
Joc Pederson,TEX,36.0,31.0,0.129,0.229,0.387,0.0833,0.3889,0.268,0.343,66.0,0.258,0.188,,,,,,,
Jordan Lawlar,ARI,36.0,32.0,0.313,0.371,0.531,0.0556,0.25,0.394,0.311,151.0,0.218,0.381,,,,,,,
Nick Allen,HOU,36.0,32.0,0.375,0.4,0.594,0.0278,0.1389,0.423,0.245,170.0,0.219,0.407,,,,,,,
Max Clark,DET,36.0,30.0,0.3,0.382,0.6,0.1111,0.1667,0.417,0.314,166.0,0.3,0.348,,,,,,,
Dominic Smith,ATL,36.0,31.0,0.161,0.257,0.194,0.1111,0.1389,0.217,0.298,31.0,0.033,0.192,,,,,,,
Mike Yastrzemski,ATL,36.0,31.0,0.194,0.306,0.226,0.0833,0.3611,0.256,0.31,58.0,0.032,0.333,,,,,,,
Luis Campusano,SDP,35.0,29.0,0.241,0.371,0.379,0.1714,0.2,0.341,0.335,115.0,0.138,0.286,,,,,,,
Wade Meckler,LAA,35.0,31.0,0.194,0.265,0.226,0.0571,0.2286,0.23,0.303,40.0,0.032,0.261,,,,,,,
Hunter Feduccia,LAD,34.0,33.0,0.152,0.176,0.212,0.0294,0.1471,0.173,0.323,2.0,0.06,0.179,,,,,,,
Pedro Ramírez,CHC,34.0,31.0,0.355,0.412,0.516,0.0882,0.1176,0.406,0.311,159.0,0.161,0.385,,,,,,,
Christopher Morel,NYM,33.0,32.0,0.188,0.212,0.219,0.0303,0.3939,0.194,0.226,16.0,0.031,0.316,,,,,,,
Kaelen Culpepper,MIN,33.0,30.0,0.3,0.333,0.467,0.0303,0.2727,0.345,0.315,118.0,0.167,0.381,,,,,,,
Taylor Trammell,HOU,33.0,29.0,0.103,0.188,0.172,0.0303,0.2424,0.173,0.292,2.0,0.069,0.143,,,,,,,
Cody Freeman,TEX,32.0,26.0,0.308,0.4,0.5,0.0938,0.1562,0.395,0.241,151.0,0.192,0.35,,,,,,,
Enrique Hernández,LAD,32.0,31.0,0.226,0.25,0.452,0.0312,0.3125,0.304,0.28,90.0,0.226,0.263,,,,,,,
Petey Halpin,CLE,32.0,28.0,0.036,0.097,0.036,0.0625,0.2812,0.073,0.293,-65.0,0.0,0.05,,,,,,,
Austin Hays,SDP,32.0,30.0,0.3,0.344,0.433,0.0625,0.25,0.332,0.277,109.0,0.133,0.381,,,,,,,
Jesús Sánchez,TOR,32.0,30.0,0.133,0.188,0.167,0.0312,0.1875,0.167,0.331,-2.0,0.034,0.167,,,,,,,
Billy Cook,PIT,32.0,31.0,0.161,0.188,0.258,0.0312,0.4062,0.195,0.149,17.0,0.097,0.278,,,,,,,
Jacob Gonzalez,PIT,31.0,25.0,0.24,0.387,0.36,0.0968,0.1935,0.346,0.302,118.0,0.12,0.316,,,,,,,
Brett Bateman,TOR,30.0,28.0,0.393,0.4,0.5,0.0333,0.2333,0.386,0.259,145.0,0.107,0.5,,,,,,,
Thomas Saggese,STL,29.0,25.0,0.2,0.31,0.4,0.1379,0.3448,0.315,0.27,98.0,0.2,0.286,,,,,,,
Bryan Torres,STL,29.0,25.0,0.2,0.286,0.2,0.069,0.1379,0.234,0.296,43.0,0.0,0.238,,,,,,,
Brian Navarreto,MIA,29.0,26.0,0.154,0.207,0.308,0.0,0.3448,0.227,0.194,39.0,0.154,0.188,,,,,,,
Ramón Urías,STL,28.0,23.0,0.261,0.393,0.696,0.1071,0.1786,0.459,0.312,195.0,0.435,0.2,,,,,,,
Joshua Báez,STL,28.0,26.0,0.231,0.286,0.731,0.0357,0.3929,0.428,0.297,173.0,0.5,0.182,,,,,,,
Brian Serven,ATH,26.0,26.0,0.192,0.192,0.423,0.0,0.2308,0.264,0.292,63.0,0.231,0.167,,,,,,,
Samad Taylor,SDP,26.0,25.0,0.4,0.423,0.48,0.0385,0.3077,0.396,0.326,152.0,0.08,0.588,,,,,,,
Jose Trevino,CIN,25.0,24.0,0.25,0.25,0.25,0.0,0.2,0.222,0.219,35.0,0.0,0.316,,,,,,,
Christian Moore,LAA,25.0,22.0,0.227,0.28,0.273,0.08,0.24,0.248,0.248,53.0,0.046,0.294,,,,,,,
Luke Maile,KCR,25.0,25.0,0.16,0.16,0.32,0.0,0.36,0.206,0.156,24.0,0.16,0.2,,,,,,,
Colt Keith,DET,25.0,24.0,0.125,0.16,0.125,0.0,0.16,0.135,0.337,-23.0,0.0,0.15,,,,,,,
John Rave,KCR,25.0,22.0,0.273,0.304,0.545,0.04,0.16,0.363,0.325,130.0,0.272,0.294,,,,,,,
Christian Franklin,BAL,24.0,20.0,0.15,0.292,0.25,0.125,0.3333,0.259,0.323,60.0,0.1,0.25,,,,,,,
Bryan De La Cruz,PHI,24.0,21.0,0.381,0.458,0.524,0.0833,0.125,0.434,0.291,178.0,0.143,0.412,,,,,,,
Alex Jackson,MIN,24.0,23.0,0.174,0.208,0.174,0.0,0.5,0.178,0.22,5.0,0.0,0.364,,,,,,,
Patrick Wisdom,SEA,23.0,21.0,0.095,0.174,0.095,0.087,0.4783,0.112,0.246,-39.0,0.0,0.2,,,,,,,
Jhonny Pereda,SEA,23.0,19.0,0.316,0.435,0.474,0.1304,0.2174,0.406,0.334,159.0,0.158,0.385,,,,,,,
Angel Genao,CLE,22.0,19.0,0.211,0.318,0.316,0.0909,0.0455,0.292,0.292,82.0,0.105,0.222,,,,,,,
Adam Frazier,LAA,21.0,16.0,0.25,0.4,0.25,0.0952,0.1429,0.319,0.264,100.0,0.0,0.308,,,,,,,
Jimmy Crooks,STL,21.0,18.0,0.167,0.286,0.444,0.0476,0.3333,0.323,0.294,103.0,0.277,0.2,,,,,,,
Daz Cameron,TOR,21.0,20.0,0.15,0.143,0.35,0.0,0.2857,0.203,0.291,22.0,0.2,0.143,,,,,,,
Josh Rojas,KCR,20.0,18.0,0.222,0.263,0.389,0.05,0.2,0.287,0.219,79.0,0.167,0.231,,,,,,,
Andrew Knizner,SFG,20.0,19.0,0.053,0.1,0.211,0.05,0.15,0.14,0.277,-21.0,0.158,0.0,,,,,,,
Yohel Pozo,BAL,20.0,19.0,0.211,0.25,0.211,0.05,0.0,0.212,0.246,28.0,0.0,0.211,,,,,,,
Carlos Cortes,ATH,20.0,19.0,0.368,0.4,0.474,0.0,0.2,0.385,0.31,145.0,0.106,0.467,,,,,,,
Sean Murphy,ATL,19.0,18.0,0.167,0.211,0.333,0.0526,0.2632,0.24,0.221,47.0,0.166,0.167,,,,,,,
José Tena,WSN,19.0,15.0,0.333,0.474,0.533,0.1579,0.3684,0.439,0.3,181.0,0.2,0.625,,,,,,,
Alek Thomas,LAD,18.0,17.0,0.235,0.278,0.353,0.0,0.2222,0.28,0.282,74.0,0.118,0.308,,,,,,,
Donovan Walton,ATH,17.0,15.0,0.133,0.133,0.333,0.0,0.1176,0.199,0.327,20.0,0.2,0.083,,,,,,,
Grant McCray,SFG,16.0,13.0,0.154,0.313,0.154,0.1875,0.375,0.24,0.297,47.0,0.0,0.286,,,,,,,
Brock Rodden,SEA,15.0,15.0,0.2,0.2,0.2,0.0,0.3333,0.178,0.205,5.0,0.0,0.3,,,,,,,
George Lombard Jr.,NYY,15.0,13.0,0.308,0.4,0.462,0.1333,0.4,0.377,0.295,139.0,0.154,0.571,,,,,,,
Drew Cavanaugh,SFG,15.0,12.0,0.083,0.214,0.083,0.1333,0.4667,0.162,0.323,-5.0,0.0,0.2,,,,,,,
Shay Whitcomb,SFG,15.0,15.0,0.133,0.133,0.4,0.0,0.5333,0.225,0.229,37.0,0.267,0.167,,,,,,,
LaMonte Wade Jr.,HOU,14.0,12.0,0.167,0.286,0.25,0.1429,0.2857,0.253,0.281,56.0,0.083,0.25,,,,,,,
Ben Rortvedt,LAD,13.0,13.0,0.308,0.308,0.308,0.0,0.2308,0.273,0.201,69.0,0.0,0.4,,,,,,,
Dustin Harris,SDP,13.0,10.0,0.3,0.417,0.3,0.0769,0.0769,0.34,0.328,114.0,0.0,0.333,,,,,,,
Max Kepler,ARI,12.0,12.0,0.333,0.333,0.5,0.0,0.25,0.36,0.277,128.0,0.167,0.444,,,,,,,
Sung-Mun Song,SDP,12.0,9.0,0.111,0.182,0.111,0.0833,0.1667,0.143,0.258,-18.0,0.0,0.125,,,,,,,
Andrew Pinckney,WSN,11.0,9.0,0.333,0.455,0.889,0.0909,0.1818,0.547,0.356,254.0,0.556,0.333,,,,,,,
Héctor Rodríguez,CIN,11.0,11.0,0.182,0.182,0.455,0.0,0.1818,0.272,0.301,68.0,0.273,0.125,,,,,,,
Ivan Johnson,CIN,10.0,9.0,0.0,0.1,0.0,0.1,0.3,0.069,0.214,-68.0,0.0,0.0,,,,,,,
Ryan Ritter,COL,8.0,6.0,0.0,0.143,0.0,0.125,0.375,0.099,0.232,-48.0,0.0,0.0,,,,,,,
Michael Conforto,CHC,8.0,7.0,0.429,0.5,1.286,0.125,0.125,0.722,0.322,372.0,0.857,0.25,,,,,,,
Corey Julks,DET,7.0,7.0,0.286,0.286,0.429,0.0,0.1429,0.308,,93.0,0.143,0.333,,,,,,,
Garrett Stubbs,PHI,7.0,6.0,0.167,0.286,0.167,0.1429,0.2857,0.225,0.222,37.0,0.0,0.25,,,,,,,
Abimelec Ortiz,WSN,7.0,7.0,0.143,0.143,0.143,0.0,0.7143,0.127,0.327,-29.0,0.0,0.5,,,,,,,
Michael Stefanic,ATH,6.0,6.0,0.5,0.5,0.667,0.0,0.0,0.508,,227.0,0.167,0.5,,,,,,,
Turner Hill,SFG,5.0,2.0,0.5,0.6,0.5,0.4,0.0,0.454,0.352,191.0,0.0,0.333,,,,,,,
Walker Jenkins,MIN,4.0,3.0,0.0,0.25,0.0,0.25,0.25,0.172,,2.0,0.0,0.0,,,,,,,
Brewer Hicklen,ATL,3.0,3.0,0.667,0.667,1.333,0.0,0.3333,0.847,0.354,456.0,0.666,1.0,,,,,,,
Cristian Pache,NYM,3.0,3.0,0.0,0.0,0.0,0.0,0.6667,0.0,,-114.0,0.0,0.0,,,,,,,
César Prieto,STL,3.0,3.0,0.0,0.0,0.0,0.0,0.0,0.0,0.249,-114.0,0.0,0.0,,,,,,,
Gabriel Gonzalez,MIN,3.0,1.0,0.0,0.667,0.0,0.6667,0.0,0.46,,195.0,0.0,0.0,,,,,,,
Zac Veen,COL,3.0,3.0,0.0,0.0,0.0,0.0,0.3333,0.0,0.3,-114.0,0.0,0.0,,,,,,,
Kenny Piper,TBR,3.0,3.0,0.333,0.333,1.333,0.0,0.6667,0.7,0.241,357.0,1.0,,,,,,,,
Matthew Lugo,KCR,2.0,2.0,0.0,0.0,0.0,0.0,1.0,0.0,,-114.0,0.0,,,,,,,,
Will Banfield,CIN,2.0,2.0,0.0,0.0,0.0,0.0,0.0,0.0,,-114.0,0.0,0.0,,,,,,,
Brett Callahan,DET,1.0,0.0,0.0,1.0,0.0,0.0,0.0,0.722,0.368,371.0,0.0,,,,,,,,
