team,away_ERA,away_FIP,away_HR9,home_ERA,home_FIP,home_HR9,away_WHIP,away_apps,home_WHIP,home_apps,away_K_pct,home_K_pct,vs_lhh_ERA,vs_lhh_FIP,vs_lhh_HR9,vs_rhh_ERA,vs_rhh_FIP,vs_rhh_HR9,appearances,away_BB_pct,home_BB_pct,overall_ERA,overall_FIP,overall_HR9,vs_lhh_WHIP,vs_lhh_apps,vs_rhh_WHIP,vs_rhh_apps,overall_WHIP,overall_apps,vs_lhh_K_pct,vs_rhh_K_pct,overall_K_pct,vs_lhh_BB_pct,vs_rhh_BB_pct,overall_BB_pct,vs_low_abq_ERA,vs_low_abq_FIP,vs_low_abq_HR9,vs_low_obr_ERA,vs_low_obr_FIP,vs_low_obr_HR9,vs_low_osi_ERA,vs_low_osi_FIP,vs_low_osi_HR9,vs_low_rcv_ERA,vs_low_rcv_FIP,vs_low_rcv_HR9,vs_mid_abq_ERA,vs_mid_abq_FIP,vs_mid_abq_HR9,vs_mid_obr_ERA,vs_mid_obr_FIP,vs_mid_obr_HR9,vs_mid_osi_ERA,vs_mid_osi_FIP,vs_mid_osi_HR9,vs_mid_rcv_ERA,vs_mid_rcv_FIP,vs_mid_rcv_HR9,away_ip_per_app,home_ip_per_app,vs_high_abq_ERA,vs_high_abq_FIP,vs_high_abq_HR9,vs_high_obr_ERA,vs_high_obr_FIP,vs_high_obr_HR9,vs_high_osi_ERA,vs_high_osi_FIP,vs_high_osi_HR9,vs_high_rcv_ERA,vs_high_rcv_FIP,vs_high_rcv_HR9,vs_low_abq_WHIP,vs_low_abq_apps,vs_low_obr_WHIP,vs_low_obr_apps,vs_low_osi_WHIP,vs_low_osi_apps,vs_low_rcv_WHIP,vs_low_rcv_apps,vs_mid_abq_WHIP,vs_mid_abq_apps,vs_mid_obr_WHIP,vs_mid_obr_apps,vs_mid_osi_WHIP,vs_mid_osi_apps,vs_mid_rcv_WHIP,vs_mid_rcv_apps,away_ABQ_allowed,away_AVG_allowed,away_OBR_allowed,away_OPS_allowed,away_OSI_allowed,away_RCV_allowed,home_ABQ_allowed,home_AVG_allowed,home_OBR_allowed,home_OPS_allowed,home_OSI_allowed,home_RCV_allowed,low_leverage_ERA,low_leverage_FIP,low_leverage_HR9,vs_high_abq_WHIP,vs_high_abq_apps,vs_high_obr_WHIP,vs_high_obr_apps,vs_high_osi_WHIP,vs_high_osi_apps,vs_high_rcv_WHIP,vs_high_rcv_apps,vs_low_abq_K_pct,vs_low_obr_K_pct,vs_low_osi_K_pct,vs_low_rcv_K_pct,vs_mid_abq_K_pct,vs_mid_obr_K_pct,vs_mid_osi_K_pct,vs_mid_rcv_K_pct,high_leverage_ERA,high_leverage_FIP,high_leverage_HR9,low_leverage_WHIP,low_leverage_apps,vs_high_abq_K_pct,vs_high_obr_K_pct,vs_high_osi_K_pct,vs_high_rcv_K_pct,vs_lhh_ip_per_app,vs_low_abq_BB_pct,vs_low_obr_BB_pct,vs_low_osi_BB_pct,vs_low_rcv_BB_pct,vs_mid_abq_BB_pct,vs_mid_obr_BB_pct,vs_mid_osi_BB_pct,vs_mid_rcv_BB_pct,vs_rhh_ip_per_app,high_leverage_WHIP,high_leverage_apps,low_leverage_K_pct,overall_ip_per_app,vs_high_abq_BB_pct,vs_high_obr_BB_pct,vs_high_osi_BB_pct,vs_high_rcv_BB_pct,vs_lhh_ABQ_allowed,vs_lhh_AVG_allowed,vs_lhh_OBR_allowed,vs_lhh_OPS_allowed,vs_lhh_OSI_allowed,vs_lhh_RCV_allowed,vs_rhh_ABQ_allowed,vs_rhh_AVG_allowed,vs_rhh_OBR_allowed,vs_rhh_OPS_allowed,vs_rhh_OSI_allowed,vs_rhh_RCV_allowed,high_leverage_K_pct,low_leverage_BB_pct,overall_ABQ_allowed,overall_AVG_allowed,overall_OBR_allowed,overall_OPS_allowed,overall_OSI_allowed,overall_RCV_allowed,away_pitches_per_app,high_leverage_BB_pct,home_pitches_per_app,vs_low_abq_ip_per_app,vs_low_obr_ip_per_app,vs_low_osi_ip_per_app,vs_low_rcv_ip_per_app,vs_mid_abq_ip_per_app,vs_mid_obr_ip_per_app,vs_mid_osi_ip_per_app,vs_mid_rcv_ip_per_app,vs_high_abq_ip_per_app,vs_high_obr_ip_per_app,vs_high_osi_ip_per_app,vs_high_rcv_ip_per_app,vs_lhh_pitches_per_app,vs_low_abq_ABQ_allowed,vs_low_abq_AVG_allowed,vs_low_abq_OBR_allowed,vs_low_abq_OPS_allowed,vs_low_abq_OSI_allowed,vs_low_abq_RCV_allowed,vs_low_obr_ABQ_allowed,vs_low_obr_AVG_allowed,vs_low_obr_OBR_allowed,vs_low_obr_OPS_allowed,vs_low_obr_OSI_allowed,vs_low_obr_RCV_allowed,vs_low_osi_ABQ_allowed,vs_low_osi_AVG_allowed,vs_low_osi_OBR_allowed,vs_low_osi_OPS_allowed,vs_low_osi_OSI_allowed,vs_low_osi_RCV_allowed,vs_low_rcv_ABQ_allowed,vs_low_rcv_AVG_allowed,vs_low_rcv_OBR_allowed,vs_low_rcv_OPS_allowed,vs_low_rcv_OSI_allowed,vs_low_rcv_RCV_allowed,vs_mid_abq_ABQ_allowed,vs_mid_abq_AVG_allowed,vs_mid_abq_OBR_allowed,vs_mid_abq_OPS_allowed,vs_mid_abq_OSI_allowed,vs_mid_abq_RCV_allowed,vs_mid_obr_ABQ_allowed,vs_mid_obr_AVG_allowed,vs_mid_obr_OBR_allowed,vs_mid_obr_OPS_allowed,vs_mid_obr_OSI_allowed,vs_mid_obr_RCV_allowed,vs_mid_osi_ABQ_allowed,vs_mid_osi_AVG_allowed,vs_mid_osi_OBR_allowed,vs_mid_osi_OPS_allowed,vs_mid_osi_OSI_allowed,vs_mid_osi_RCV_allowed,vs_mid_rcv_ABQ_allowed,vs_mid_rcv_AVG_allowed,vs_mid_rcv_OBR_allowed,vs_mid_rcv_OPS_allowed,vs_mid_rcv_OSI_allowed,vs_mid_rcv_RCV_allowed,vs_rhh_pitches_per_app,low_leverage_ip_per_app,overall_pitches_per_app,vs_high_abq_ABQ_allowed,vs_high_abq_AVG_allowed,vs_high_abq_OBR_allowed,vs_high_abq_OPS_allowed,vs_high_abq_OSI_allowed,vs_high_abq_RCV_allowed,vs_high_obr_ABQ_allowed,vs_high_obr_AVG_allowed,vs_high_obr_OBR_allowed,vs_high_obr_OPS_allowed,vs_high_obr_OSI_allowed,vs_high_obr_RCV_allowed,vs_high_osi_ABQ_allowed,vs_high_osi_AVG_allowed,vs_high_osi_OBR_allowed,vs_high_osi_OPS_allowed,vs_high_osi_OSI_allowed,vs_high_osi_RCV_allowed,vs_high_rcv_ABQ_allowed,vs_high_rcv_AVG_allowed,vs_high_rcv_OBR_allowed,vs_high_rcv_OPS_allowed,vs_high_rcv_OSI_allowed,vs_high_rcv_RCV_allowed,high_leverage_ip_per_app,low_leverage_ABQ_allowed,low_leverage_AVG_allowed,low_leverage_OBR_allowed,low_leverage_OPS_allowed,low_leverage_OSI_allowed,low_leverage_RCV_allowed,high_leverage_ABQ_allowed,high_leverage_AVG_allowed,high_leverage_OBR_allowed,high_leverage_OPS_allowed,high_leverage_OSI_allowed,high_leverage_RCV_allowed,vs_low_abq_pitches_per_app,vs_low_obr_pitches_per_app,vs_low_osi_pitches_per_app,vs_low_rcv_pitches_per_app,vs_mid_abq_pitches_per_app,vs_mid_obr_pitches_per_app,vs_mid_osi_pitches_per_app,vs_mid_rcv_pitches_per_app,vs_high_abq_pitches_per_app,vs_high_obr_pitches_per_app,vs_high_osi_pitches_per_app,vs_high_rcv_pitches_per_app,low_leverage_pitches_per_app,high_leverage_pitches_per_app,away_inherited_runners_scored_pct,home_inherited_runners_scored_pct,vs_lhh_inherited_runners_scored_pct,vs_rhh_inherited_runners_scored_pct,overall_inherited_runners_scored_pct,vs_low_abq_inherited_runners_scored_pct,vs_low_obr_inherited_runners_scored_pct,vs_low_osi_inherited_runners_scored_pct,vs_low_rcv_inherited_runners_scored_pct,vs_mid_abq_inherited_runners_scored_pct,vs_mid_obr_inherited_runners_scored_pct,vs_mid_osi_inherited_runners_scored_pct,vs_mid_rcv_inherited_runners_scored_pct,vs_high_abq_inherited_runners_scored_pct,vs_high_obr_inherited_runners_scored_pct,vs_high_osi_inherited_runners_scored_pct,vs_high_rcv_inherited_runners_scored_pct,low_leverage_inherited_runners_scored_pct,high_leverage_inherited_runners_scored_pct
ARI,3.05,3.13,0.69,3.05,3.5,0.89,1.03,122,1.08,139,23.2,21.5,4,3.7,1,1.66,2.64,0.42,261,7.4,7,3.05,3.33,0.8,1.21,118,0.81,104,1.06,261,21.6,23.5,22.3,7.6,6.2,7.2,2.99,3.5,0.9,2.54,3.47,0.91,2.84,3.35,0.85,1.92,2.49,0.36,3.06,2.76,0.28,3.34,3.04,0.7,3.41,3.34,0.85,3.55,3.12,0.75,1,1,3.26,3.06,0.77,3.3,3.39,0.76,3.35,3.26,0.48,3.48,4.13,1.16,1.03,187,1.02,90,1.05,160,0.91,73,1.11,26,1.11,66,1.03,62,1.04,83,48.9,0.2,50.8,0.56,51.2,53.4,46.7,0.21,46.4,0.6,51.7,61.2,4.45,4.19,0.89,1.11,48,1.05,105,1.12,39,1.18,105,22.2,21.4,22.1,23.4,20.6,22.6,24.2,23.5,3.13,3.14,0.74,1.29,18,23.8,22.7,19.9,20.4,1,7.3,6.3,6.6,5.9,7.6,6.4,7.7,6.8,1,1.03,189,16.3,1,6.3,8.4,9,8.4,49.4,0.23,51,0.66,53.6,59.6,45.5,0.17,45.4,0.46,49.3,56.6,23.2,9.3,47.7,0.21,48.5,0.59,51.4,57.5,15,6.9,15,1,1,1,1,1.2,1,1,1,1,1,1,1,16,40.5,0.2,40.3,0.58,46.1,56.8,39.7,0.21,26.8,0.59,39,52.4,40.8,0.21,34.2,0.59,41.9,51.4,38.6,0.19,34.3,0.5,36.1,36.4,56.5,0.22,52.5,0.57,53.1,51.5,45.6,0.22,42.2,0.6,46.8,52.9,56.5,0.2,61.6,0.58,60.4,61.9,55.5,0.2,53.3,0.58,54.4,54.8,14,1.7,15,71.2,0.226,78.3,0.62,71.4,63.7,56,0.19,71,0.57,65.1,64.8,62.3,0.197,86,0.554,76.5,75.8,48,0.22,54.6,0.66,59.8,74.4,0.9,49.2,0.23,50.5,0.66,53.1,59,47.1,0.2,48,0.57,50.9,56.9,15,15,15,15,18,14,15,15,15,16,16,15,25,14,27.1,22.2,29.7,24.4,24.7,28.1,14.3,27.6,17.6,0,50,26.3,37.5,29.4,17.6,12.5,18.5,55.6,20
ATH,2.72,2.6,0.47,5.44,4.62,1.64,1.12,101,1.51,124,28.2,24.4,4.1,3.55,1.03,3.9,3.72,1.16,225,9.2,9.9,4.27,3.75,1.13,1.21,87,1.34,92,1.34,225,27,27.1,25.9,9.8,9.7,9.7,4.59,4.01,1.26,5.67,4.39,1.45,4.86,4.02,1.24,5.38,3.57,1.05,3,3.57,0.6,4.21,3.97,1.18,3.53,3.18,0.76,4.07,3.89,1.09,1.1,1.2,2.45,0.97,0.49,3.16,2.95,0.82,2.19,3.51,1.46,3.45,3.78,1.24,1.37,180,1.55,65,1.44,145,1.46,76,1.3,30,1.36,87,1.23,60,1.39,77,41.2,0.2,40.1,0.56,45.7,55.3,45.3,0.27,47.9,0.8,50.9,58.4,4.24,4.34,1.34,1.04,15,1.13,73,0.97,20,1.18,72,25.5,23.3,24.1,24.5,18.6,24.1,29,24.9,4.66,3.58,1.1,1.21,23,45.1,30.7,31.2,28.3,1.2,10,9.6,9.4,8.4,9.3,9.7,11.3,10.5,1.2,1.38,143,23.2,1.2,5.6,9.7,6.2,9.9,45.2,0.21,50.8,0.64,52.4,59.5,42.2,0.24,40,0.71,46.3,56.4,27.4,9.8,43.5,0.24,44.4,0.7,48.6,57,19,9.8,22,1.2,1.1,1.2,1.1,1,1.2,1.2,1.2,1.2,1.2,1.2,1.3,21,38.9,0.24,41.1,0.72,46.4,57.9,36.8,0.28,21.7,0.8,34.9,48.6,39.5,0.26,32,0.74,40.6,51.3,37.1,0.27,28,0.74,35.7,43.5,57.7,0.23,47.9,0.64,51.4,50.8,43.3,0.24,40.9,0.71,45.9,53.5,49.4,0.2,63.3,0.61,60.4,65.1,50.8,0.24,49,0.72,51.7,55.4,20,1.8,21,69.2,0.224,76.9,0.589,68.8,59,49.6,0.2,68.9,0.59,64,68.8,54.4,0.2,77.7,0.622,70.7,74.4,42.4,0.2,56.7,0.64,58.8,73,1,41.8,0.22,49.8,0.69,53,64.7,43.8,0.24,44.4,0.7,48.3,55.9,21,20,21,19,16,21,21,21,20,21,19,22,29,18,30.6,35.5,36.6,29.4,33.3,35.6,57.9,39.2,37.8,35.7,21.4,4.8,27.3,0,19.4,45.5,33.3,38.5,28.2
ATL,1.88,3.03,0.69,2.22,2.44,0.53,1.03,83,0.94,85,27.2,27.8,2.39,3.31,0.9,1.77,2.29,0.38,168,9.2,6.3,2.06,2.72,0.61,0.97,74,0.86,68,0.98,168,27.5,26.4,27.5,9.1,5.6,7.7,1.5,2.49,0.5,2.28,3.13,0.76,1.84,2.56,0.57,2.1,2.66,0.58,3.44,3.02,0.74,1.17,1.78,0.17,2.85,2.42,0.44,1.93,2.12,0.32,1.1,1.2,4.5,4.6,1.5,2.53,3.04,0.8,1.85,4.05,1.11,2.12,3.37,0.91,0.98,127,1,61,1.01,113,1.04,69,0.85,32,1.01,47,0.88,34,0.86,49,43.7,0.19,39.5,0.55,43.6,48.3,48.4,0.19,46.7,0.52,50.4,56.1,0,2.15,0,1.42,9,0.95,60,1.03,21,1.03,50,29.2,22.9,27.7,26.2,23.7,32.7,28.8,29.9,2.7,2.58,0.7,0.73,7,19.6,28.4,24.2,27.1,1.2,8.1,6.3,7.1,6.8,5.8,8.5,7.7,7.1,1,1.07,100,28.6,1.1,7.8,8.4,10.5,9.3,45.7,0.17,45.6,0.54,49.4,56.6,47,0.18,41.6,0.49,45.2,48,28.5,10.2,46.1,0.19,43.1,0.54,47,52.2,17,6.3,18,1.1,1.2,1.1,1.1,1.1,1.1,1.2,1.1,1.3,1.1,1.2,1.2,20,41.6,0.18,40.7,0.52,45.2,53.1,43.3,0.2,23,0.56,33.5,38.6,43,0.2,32.7,0.55,39.1,43.6,42.8,0.2,30.9,0.56,34.3,32.2,57.2,0.18,41.7,0.5,46.9,45.6,44.7,0.19,42.6,0.5,47,53.8,52.6,0.17,56.9,0.48,58.8,65.7,51.6,0.17,50,0.47,52.4,55.9,16,2,18,69.8,0.277,81.8,0.796,72.6,64.1,50,0.18,64,0.53,60.8,64.8,52.4,0.176,77.1,0.581,70.8,76.7,45.3,0.18,53.3,0.56,59.3,76.1,1,45.5,0.11,31.4,0.35,37.3,38.4,47,0.22,43.9,0.6,48,53.4,18,18,18,17,17,18,19,18,24,18,19,19,29,17,31.2,22.2,26.1,28.6,28,26.8,33.3,33.3,45.5,42.9,30.8,10,26.7,0,18.8,25,0,100,18.2
BAL,3.32,3.52,1.05,3.31,3.44,1.06,1.09,103,1.1,111,25.1,23.6,3.48,3.37,1.08,3.51,3.51,1.17,214,7.8,6,3.32,3.48,1.05,1.06,97,1.04,87,1.09,214,24.7,25.6,24.3,5.9,6.5,6.8,2.99,3.36,0.98,3.4,3.21,0.99,3.46,3.72,1.17,4.02,3.76,1.15,4.72,4.5,1.57,3.81,4.22,1.46,3.48,3.1,0.87,3.09,3.92,1.39,1,1.2,3.68,2.83,0.82,2.63,2.92,0.66,0.71,2.78,0.71,2.87,2.96,0.77,1.08,155,1.02,77,1.12,132,1.16,70,1.19,35,1.17,72,1.08,68,1.01,54,48.9,0.2,46.1,0.6,50.2,55.8,46.9,0.22,36.4,0.64,45.5,54.8,2.05,3.69,1.23,1.05,24,1.08,65,0.87,14,1.09,90,25.3,26.3,24.1,23.1,18.9,22.3,24.5,23.2,3.81,3.37,1.03,0.91,10,25,24.3,25.5,26,1.1,7.3,6.6,7.4,7.4,5.6,6.9,5.9,5.6,1.1,1.14,150,25.9,1.1,4.5,6.9,5.9,7.1,49.3,0.21,46.2,0.61,51.5,59.2,45.6,0.21,34.9,0.61,43.1,50.7,24.7,7.1,47.9,0.22,41.1,0.62,47.7,55.3,16,6.6,17,1.1,1.1,1.1,1.1,1,1.1,1.1,1.1,0.9,1.1,0.9,1,17,40.9,0.21,43,0.6,47.8,58.4,45.6,0.2,20.9,0.58,34.1,41,43.6,0.22,29.5,0.64,38.8,46,45.9,0.22,23.5,0.65,32,31.9,57.7,0.24,21.4,0.71,36.5,38.6,52.7,0.23,40.1,0.69,48.4,54.9,54.2,0.22,54.4,0.62,58.9,67.4,57.1,0.21,38.8,0.63,48.7,54,16,2.2,16,78.5,0.226,57.6,0.61,63.5,59.6,45.2,0.21,66.1,0.59,63.1,72.6,57,0.167,85.7,0.481,78,84.2,43.9,0.21,56.2,0.6,59.4,74.2,0.9,43.6,0.18,52.2,0.56,54.1,63.9,49.4,0.22,41.3,0.64,48.3,55.6,17,16,16,17,15,17,17,16,14,16,15,16,31,14,32.7,12.2,25,17.8,23.7,20.8,17.1,18.6,24.1,22.2,27.3,34.5,22.7,41.7,28,20,23.8,0,24.2
BOS,3.1,3.92,1.26,3.46,3.2,0.83,1.09,99,1.2,107,24.7,24.9,3.71,3,0.57,2.43,3.52,1.14,206,8.4,7.8,3.29,3.54,1.03,1.16,60,1.06,106,1.15,206,24.1,25.9,24.8,8.6,7.3,8.1,3.33,3.53,1.04,3.74,3.59,1.17,3.23,3.83,1.28,2.34,3.5,1.1,2.7,3.37,1.2,2.74,3.58,1.21,3.4,3,0.57,3.19,3.57,1.03,1.1,1.1,3.75,3.81,0.75,3.44,3.44,0.66,,,,4.39,3.54,0.96,1.17,157,1.19,70,1.11,132,1.09,61,0.87,28,0.96,73,1.22,74,1.09,85,45.6,0.2,40,0.62,45,50.4,45.7,0.23,43.9,0.64,49.6,59,3.82,4.93,1.47,1.33,21,1.32,63,,,1.29,60,25.6,23.6,24.7,23.6,23.7,26.1,25.1,24.7,3.06,3.16,0.83,1.27,15,20.8,24.7,,26.1,1,8.5,6.2,7.4,6,3.4,6.7,9.4,8.2,1.1,1.16,144,20.9,1.1,10.9,11.7,,10,46.3,0.22,45,0.6,48.8,55.1,45.4,0.2,39.6,0.61,45.8,53.1,25.5,11.6,45.7,0.21,42,0.63,47.4,54.8,17,7.9,18,1.1,1.1,1.1,1.1,1.1,1.1,1.1,1.1,1.1,1.1,,1.1,16,39.6,0.22,42.6,0.64,46.8,56.9,40.2,0.24,25.3,0.68,38,51,40.4,0.21,33.2,0.64,41.1,50.6,40.8,0.22,29.1,0.63,35.3,38.5,56.4,0.19,33.1,0.56,43.8,46.9,50.7,0.19,40.3,0.58,47.6,53.6,55.1,0.22,57.8,0.61,58.7,62.4,52.8,0.2,42.8,0.6,49.3,54.4,17,2,17,76.8,0.233,50,0.67,56.8,50.3,45.9,0.22,62.5,0.64,57.7,60.5,,,,,,,40.7,0.23,54.2,0.66,57.1,72.1,1,46.4,0.21,39.1,0.69,48.2,59.7,46,0.22,42.9,0.62,47.7,54.6,18,17,17,16,16,17,17,18,19,18,,19,31,15,12.9,45.8,40.6,20.7,32.9,36.2,36.4,32.6,23.5,16.7,20.7,33.3,29.7,33.3,42.9,,44,45.5,32
CHC,4.05,4.54,1.42,4.31,4.64,1.53,1.34,92,1.27,97,20.4,21.4,3.93,4.36,1.45,4.25,4.35,1.19,189,8.8,9,4.18,4.59,1.48,1.28,68,1.41,94,1.31,189,22.6,19.8,20.9,8.6,9.6,8.9,3.7,4.6,1.58,5.15,4.46,1.62,4.24,4.45,1.43,4.58,4.42,1.49,5.91,4.67,1.48,2.92,4.51,1.17,3.79,5.37,1.9,3.77,4.52,1.22,1.4,1.3,4.68,4.34,0.72,4.02,4.77,1.53,4.68,3.58,0.72,4.07,4.86,1.69,1.25,138,1.28,61,1.23,119,1.27,72,1.38,30,1.26,55,1.36,53,1.26,60,47.1,0.25,48,0.73,50.4,55.6,45.1,0.23,41.7,0.71,46.3,52.3,1.88,3.93,0.75,1.6,21,1.36,73,1.68,17,1.41,57,22.2,21.6,20.9,22.9,17.6,19,21.6,17.9,4.43,5.1,1.77,0.96,13,17.4,21.4,19,21.1,1.3,8.6,6.7,8.2,8.6,7.4,10.5,10.8,9.3,1.3,1.34,127,15.8,1.3,13,10.1,8.6,8.9,49,0.23,46.6,0.7,50,54.5,45.2,0.25,44.3,0.72,47.6,53,21.9,8.4,46.1,0.24,44.8,0.72,48.3,53.9,23,10.2,20,1.3,1.5,1.4,1.3,1.4,1.1,1.2,1.2,1.2,1.3,1.5,1.4,22,40.3,0.23,42.1,0.71,46.1,54.8,42,0.25,24.8,0.74,35.4,43,41.6,0.23,33.9,0.7,40,45.8,41.5,0.24,33.3,0.71,36,35.3,54.4,0.26,40.5,0.75,46.2,46.9,46,0.22,41.5,0.67,46.5,52.6,54.7,0.23,58.3,0.75,58.9,62.8,53.2,0.23,49.7,0.68,52.2,54.4,21,1.8,22,72.4,0.25,68.6,0.715,65.8,57.8,49.6,0.24,63.9,0.73,60.4,64,50.5,0.302,78.8,0.791,73.2,83,44.4,0.25,54.1,0.77,59.7,76.9,1,49.4,0.17,55.5,0.52,54.5,57,45.2,0.23,43.7,0.75,47.9,54.5,21,25,22,22,24,18,19,20,21,22,27,23,26,17,34.1,35.6,28.6,46.9,34.8,27.7,31.4,29.1,26.3,50,33.3,33.3,39.1,60,38.9,85.7,42.9,50,32.8
CHW,4.44,3.8,1.05,2.65,3.39,0.73,1.43,109,1.14,118,26,22.4,4.1,3.57,0.9,3.08,3.55,0.95,227,11.1,8.8,3.47,3.58,0.87,1.32,81,1.18,106,1.27,227,25.8,23.6,24.1,10.8,8.2,9.9,3.08,3.62,0.94,2.92,3.33,0.82,2.93,3.43,0.84,2.84,3.27,0.66,3.11,3,0.54,3.09,3.05,0.68,4.04,3.54,0.81,3.8,3.41,0.7,1.3,1.5,6.82,4.49,1.09,4.84,4.61,1.18,5.33,4.88,1.42,3.58,3.95,1.19,1.22,149,1.2,97,1.24,136,1.3,57,1.17,51,1.28,74,1.34,73,1.35,89,45.6,0.24,39.3,0.71,46.8,56.4,52.3,0.21,44.5,0.59,51.2,58,5.4,3.55,0.9,1.85,27,1.4,56,1.26,18,1.18,81,24.7,25.7,24.8,26.2,22.9,24.7,23.5,23.4,2.95,3.17,0.84,1.65,12,22.6,20.9,20.9,23.4,1.4,9.7,9.4,9.6,11.4,8.2,8.5,10,10.2,1.5,1.14,138,33.3,1.4,13.8,12.4,11.8,8.6,52,0.22,45.3,0.64,51.5,58.3,47.2,0.22,40.5,0.65,48.2,57.5,27.8,16.1,49.1,0.22,42,0.65,49.1,57.2,23,9.3,24,1.5,1.5,1.4,1.4,1.3,1.3,1.4,1.3,1.2,1.5,1.4,1.5,24,40.7,0.22,37.4,0.64,46.1,60.1,42.1,0.22,24.6,0.63,38.7,52.4,41.8,0.22,29.2,0.64,41.3,54.6,43,0.22,20.1,0.63,33.8,42.9,60.4,0.22,42,0.59,48.7,48,53.5,0.23,42.1,0.64,49.9,56.4,58.2,0.24,55.1,0.67,57.5,59.8,57.1,0.24,47.3,0.66,52.2,54.4,24,1.7,24,73.9,0.285,67.2,0.82,66.1,59.2,55.4,0.23,71.8,0.7,65.9,66.7,66.6,0.196,85,0.649,73.9,66.5,44.5,0.22,51.5,0.65,56.4,70.5,1.1,46.3,0.23,47.6,0.71,52.4,62.3,47.9,0.2,39.6,0.6,47.6,56.7,24,25,24,25,21,21,23,22,25,26,25,24,34,18,34.6,20.5,25.7,31.6,28.1,25.4,23.8,22.4,22.6,31.6,22.6,38.2,23.7,40,43.5,25,40.7,,25.5
CIN,3.64,4.28,1.18,3.11,4.09,0.9,1.31,90,1.16,85,23.5,20.5,4.8,4.42,1.23,2.55,3.8,0.77,175,11.6,11.2,3.37,4.18,1.04,1.31,65,1.23,83,1.23,175,23.3,22.4,22,12,11.6,11.4,3.73,4.22,1.1,3.94,5.33,1.58,2.84,4.12,1.05,3.61,5.09,1.33,1.71,4.81,1.03,1.2,2.55,0.34,2.48,3.5,0.55,2.38,3.62,0.83,0.9,1.1,3.33,3.31,0.74,4.52,4.62,1.19,7.94,6.41,2.38,4.62,4.19,1.07,1.28,125,1.45,51,1.23,94,1.37,52,1.18,25,0.94,54,1.01,57,1.02,77,48.2,0.21,51.1,0.67,53.3,59.5,46.5,0.19,42.9,0.58,47,52,4.96,3.83,0.55,1.03,25,1.31,70,1.9,24,1.42,46,22.2,17.8,22.6,20,18.9,28.5,19.9,24.3,3.63,4.24,1.27,1.59,12,24.5,20.5,24.8,20.6,1,11.2,11.5,11.2,13.8,14.4,10.1,10,10.5,1,1.14,117,18.7,1,9.2,12.1,15.6,10.3,46.6,0.21,48.4,0.66,51.7,59.2,47.6,0.2,47,0.6,50.4,56.3,23.4,12,47.4,0.2,47.1,0.62,50.2,55.9,16,10.1,17,1,0.9,0.9,0.9,1.1,1,1.1,1,1,1.1,0.9,1.1,17,40.6,0.21,43.3,0.65,47.8,58.2,40.8,0.23,24.9,0.72,35.6,44.2,41.6,0.2,32.6,0.62,40.1,47.6,41.2,0.2,30.1,0.66,35.4,37.2,57.7,0.16,50,0.56,51.7,49.3,48.4,0.15,41.8,0.45,46.9,51.6,58.4,0.17,60.6,0.51,59.4,58.7,55.6,0.16,51.3,0.53,53.5,54.4,16,1.4,16,71.1,0.18,63.3,0.542,61,51.1,51.5,0.21,67.3,0.67,63.5,67.7,43.9,0.283,71.6,0.927,68.2,81.6,40.6,0.24,59.2,0.71,61.6,79.4,0.9,45,0.26,56.4,0.71,57.6,68.1,47.3,0.19,46.2,0.62,49.7,55.5,16,15,15,16,17,15,18,15,16,18,18,19,26,14,19,23.3,8.8,33.3,20.5,21.7,32.1,22.2,25,12.5,11.5,20,15.8,18.2,17.6,14.3,22.7,20,20.3
CLE,2.76,3.36,1.04,2.87,3.17,0.81,1.17,112,1.15,131,28.1,27.6,2.73,3.29,1.01,3.01,3.07,0.71,243,8.9,9.5,2.82,3.26,0.91,1.06,97,1.19,106,1.16,243,28,28.3,27.8,8.1,10.5,9.2,2.84,3.16,0.86,2.52,2.34,0.5,2.6,2.88,0.69,3.13,2.58,0.59,2.27,3.02,0.91,2.49,3.38,0.9,2.65,3.61,1.04,2.44,3.55,1.05,0.9,0.9,3.79,4.63,1.42,3.28,3.69,1.16,5.79,4.1,1.93,2.96,3.34,0.96,1.15,180,1.16,60,1.19,126,1.07,51,1.08,41,1.21,83,1.08,102,1.23,86,47.2,0.21,48.4,0.62,52.2,60.3,44.1,0.2,46.3,0.6,49.8,57.7,3,4.43,1.5,1.37,22,1.13,100,1.43,15,1.15,106,28.1,34.2,29,32.3,30.5,25.9,26.5,28.6,2.96,3.06,0.9,1,4,20.2,25.8,27.4,25.3,0.9,9.2,10.8,9.6,10.2,9.1,9,9.5,10.8,1,1.16,186,17.4,0.9,9.5,8.5,4.8,7.6,44.5,0.2,50,0.6,53.4,63.7,46.6,0.2,44.3,0.59,48.7,55.2,30.6,4.3,45.5,0.21,47.3,0.61,50.9,58.9,16,9.6,15,0.9,0.9,0.9,0.9,1,1,0.9,0.9,0.9,0.9,0.9,1,15,39.2,0.21,44.4,0.61,48.7,60.3,38,0.19,25.2,0.56,36.7,48.9,39,0.21,33.3,0.6,41.1,51.6,38.1,0.18,28.8,0.54,34.3,37.8,58.4,0.19,48.7,0.57,52.2,52,47.9,0.22,40.6,0.64,47.7,55.7,50.5,0.19,58.9,0.58,59.5,66.7,53.7,0.2,46.2,0.62,51,54.6,16,1.5,15,73.7,0.237,68.3,0.714,66.7,59.9,48,0.2,66.1,0.62,62.1,67.6,66.8,0.288,85.5,0.823,74.4,67.1,42.5,0.22,57.1,0.64,58.8,72.5,0.9,46.4,0.23,50.1,0.67,54.7,66,45.7,0.2,47.8,0.6,51.2,59.2,15,15,15,15,16,16,15,15,16,15,18,16,22,15,23.6,20.3,21.4,25.6,21.9,23.5,21.7,20,28.6,35.3,16.7,28.3,23.7,0,27.9,0,18.2,,20
COL,4.69,3.72,0.69,5.22,3.94,1.17,1.41,93,1.45,95,19.1,21,6.63,3.85,0.81,3.77,3.79,0.96,188,9.7,7.6,4.98,3.84,0.95,1.64,66,1.29,86,1.43,188,19.5,21.1,20.1,9.9,8.6,8.5,4.29,3.4,0.75,4.05,2.7,0.25,4.01,3.26,0.65,3.48,2.85,0.51,3.89,3.67,0.24,4.05,3.59,0.79,22.95,8.2,4.05,4.8,4.35,1.09,1.3,1.5,11.33,7.17,3.33,7.51,5.47,1.98,6.28,5.42,1.7,7.18,4.37,1.33,1.32,138,1.34,58,1.3,141,1.24,59,1.54,31,1.25,78,3.6,8,1.44,77,45,0.26,44.4,0.7,48.9,56.8,47.8,0.27,45.1,0.76,49.4,55.4,5.32,3.78,1.14,2.07,19,1.83,52,1.66,39,1.67,52,21,19,20.7,20.5,15.9,20.8,21.3,20.4,4.9,3.7,0.85,1.18,7,20,20.2,18.2,19.4,1.2,7.8,6.8,7.7,5.8,12.2,8.6,10.6,11.1,1.5,1.53,125,19.8,1.4,8.6,10.1,11.2,8.3,48,0.29,50.5,0.78,54,62.4,45.6,0.24,41.5,0.69,46.1,51.8,20.6,5.2,46.4,0.26,44.8,0.73,49.1,56.1,21,9,24,1.4,1.3,1.4,1.5,1.2,1.5,0.8,1.3,1.4,1.3,1.4,1.3,21,40.2,0.25,39.2,0.69,45.6,56.9,42.6,0.27,22.4,0.67,36.7,48.8,42.3,0.25,33.5,0.67,41.8,51.1,42.4,0.26,29.3,0.66,35.4,37.5,59.5,0.26,42.7,0.69,47.2,43.4,42.5,0.23,40.4,0.65,45.9,54.6,63.8,0.45,66.7,1.27,61.7,54.4,48.3,0.25,48.2,0.73,50.9,56,24,3.4,22,70.5,0.344,88.4,1.045,77.8,70.9,56.7,0.31,76.2,0.92,67.9,66.5,57.9,0.284,81.1,0.846,72.9,74.4,48.4,0.3,57.3,0.83,62.1,77.4,1.1,52.7,0.25,59.5,0.7,58.8,62.4,45.4,0.28,44,0.75,48.4,55.7,22,21,22,22,21,23,25,22,28,24,23,23,50,19,28.6,30.2,26.7,27.9,29.5,30.4,35,28.2,41.9,14.3,25.5,0,15.4,33.3,35,42.9,36,20,32.2
DET,4.83,5.1,1.8,2.18,3.74,0.98,1.41,83,1.14,73,23,22.6,2.1,3.1,0.6,4.56,5.14,1.78,156,10.6,8.8,3.6,4.47,1.42,1.07,54,1.4,72,1.28,156,23.5,20.3,22.8,8.4,9.4,9.8,3.56,4.44,1.52,2.33,3.38,0.5,3.07,4.39,1.35,3.38,4.15,1.41,3.86,4.6,1.29,3.7,4.87,1.55,4.71,4.63,1.57,3.66,5.1,1.37,1.1,1.1,3.38,4.47,0,4.84,5.07,2.23,,,,3.79,4.16,1.48,1.28,122,1.22,45,1.23,104,1.12,55,1.25,26,1.27,69,1.4,52,1.39,54,46,0.25,42.6,0.79,46.3,50.6,44.2,0.21,40.1,0.61,46.9,56.7,2.7,2.5,0,1.5,8,1.37,42,,,1.35,47,24.3,23.1,22.6,24.6,17.2,19,23.2,17,3.76,4.74,1.4,1.2,5,15.2,28.4,,27.1,1.1,9.4,11.8,9.8,8.2,8.6,8.9,9.8,11.5,1.1,1.41,102,29.6,1.1,21.2,9.1,,9.7,47.4,0.2,42.7,0.57,48.5,55.8,43,0.25,39.6,0.78,45,52.6,22.3,14.8,45.2,0.23,41.4,0.71,46.6,53.5,19,11.9,17,1.2,1.2,1.2,1.2,1.1,1.1,1.1,1.1,1,1.2,,1.2,17,40.4,0.23,42.2,0.72,46.3,55.4,43.9,0.2,22.9,0.6,35.3,43.3,42,0.22,33.1,0.68,40.4,47.7,44,0.22,29.6,0.67,35.4,35.8,57.7,0.24,35.3,0.7,44.5,45.5,47,0.24,40.5,0.72,46.6,53.3,51.5,0.25,58.1,0.76,58.8,64.9,51.2,0.24,42.5,0.73,48.9,54.5,18,1.3,18,76.9,0.192,49.8,0.604,56.8,50.2,43.5,0.25,62.9,0.8,58.7,64.7,,,,,,,39.7,0.24,54.1,0.73,57.1,72.8,1,48.1,0.17,37.3,0.51,42.8,45.4,44.7,0.24,42.5,0.73,47.2,54.5,19,19,18,17,16,17,18,19,20,19,,19,25,17,15.4,29.7,0,30.3,22.4,13.6,19,17,20,66.7,21.6,34.8,34.6,20,27.8,,13.3,0,19.1
HOU,3.7,4.55,1.06,3.06,3.15,0.88,1.33,108,1,104,18.3,29.9,3.7,3.92,0.92,3.08,3.78,0.88,212,11.6,9.8,3.38,3.84,0.96,1.13,78,1.12,95,1.16,212,21.3,24.9,24,9.9,11.9,10.7,3.48,3.89,1.01,3.11,3.79,1.06,3.04,3.86,0.96,3.28,3.7,0.87,3.76,4.03,0.89,3.15,3.9,0.79,4.02,3.65,0.77,2.8,4.33,1.22,1.1,1.2,1.93,3.06,0.77,4.23,3.86,0.98,4.33,4.03,1.33,4.06,3.52,0.84,1.18,159,1.13,102,1.13,148,1.24,84,1.25,36,1.18,60,1.28,40,1.05,62,45.2,0.22,37.3,0.68,43.4,49,45.5,0.17,42.9,0.54,48.4,56.7,2.4,3.67,0.9,0.9,17,1.21,50,1.19,24,1.17,66,25.6,25.9,24.9,25.2,16,22.8,19.9,20.2,3.17,3.52,0.87,0.87,17,26.7,21.6,26.3,26.2,1.1,11.7,10.4,11.4,11.6,8,12.5,9,9.1,1.1,1.14,141,20.5,1.1,7.8,9.3,9.6,11.2,43.4,0.2,40.4,0.61,46.1,54.7,43.7,0.18,39.4,0.57,45.4,53.6,26.4,7.1,45.3,0.2,40,0.61,45.8,52.8,18,10.9,20,1.1,1.2,1.1,1.1,1.1,1.1,1.2,1.2,1.4,1.1,1.1,1.1,18,39,0.19,36.9,0.61,43.1,53.2,40,0.19,25.5,0.61,36,45.3,40.2,0.18,30.5,0.59,39.1,48.1,40.4,0.21,26.7,0.63,33.4,36,58.5,0.23,45.8,0.65,50.4,49.9,50.3,0.19,40.9,0.59,48.4,55.6,60.2,0.23,54,0.65,56.6,57,56.8,0.19,47.3,0.6,52.2,54.6,18,1.8,19,76.1,0.169,57.7,0.51,61.5,55.4,50.1,0.21,68.8,0.62,62.7,64.7,52.3,0.204,75.8,0.642,69.5,74.6,40.8,0.19,50.3,0.59,55.7,72.5,1,48.1,0.17,43.2,0.53,48,53.3,45,0.19,39.9,0.59,46,53.7,19,18,18,18,19,19,20,19,22,19,20,20,26,17,32.6,17.1,32,23.8,25.3,20,15,16.7,12.8,50,33.3,53.3,38.1,33.3,35.3,50,33.3,75,18.4
KCR,4.39,4.87,1.63,3.8,4.02,0.85,1.39,105,1.33,122,21.7,20.4,5.28,4.45,1.12,2.94,4.1,1.14,227,9.9,11.2,4.05,4.39,1.19,1.5,93,1.13,90,1.36,227,19.8,21.6,21,11.1,9.1,10.6,4.42,4.59,1.35,4.15,4.29,1.09,3.8,4.34,1.2,3.6,4.03,0.9,3.12,3.79,0.52,2.85,4.04,1.07,4.41,4.46,1.17,2.95,3.97,0.91,1,1.1,2.3,3.48,0.57,5.04,4.8,1.39,,,,5.34,5.02,1.65,1.39,186,1.47,78,1.33,136,1.46,64,1.56,16,1.03,69,1.4,91,1.2,71,45.8,0.25,45,0.77,51.3,62.5,44.6,0.22,40.9,0.66,46.5,54.4,4.15,4.75,1.73,1.05,25,1.55,80,,,1.42,92,21.4,21.7,21.9,23.1,17.5,19.9,19.7,19.7,3.95,4.46,1.24,1.42,19,20.8,21.2,,20.5,1.1,10.7,11.5,10.7,12.5,11.2,8.1,10.5,9.5,1.1,1.32,158,23,1.1,10,11.8,,10.1,44.3,0.26,42.6,0.75,48.9,59.4,45.3,0.21,42.5,0.63,48.2,56.7,20.8,8.8,45.1,0.24,42.8,0.71,48.7,58.1,16,10.6,20,1,1.1,1,1.1,1.1,1.1,1.1,1.1,1.3,1,,1,20,40.2,0.24,41.2,0.73,47.3,59.4,38.9,0.24,27.5,0.72,39.3,53.2,39.6,0.23,33.3,0.7,41.7,52.9,39.4,0.24,30.6,0.71,36.2,40.2,50.8,0.25,54.8,0.69,54,55.6,51.4,0.2,39.3,0.6,47.5,54,53.4,0.25,57,0.73,59.2,66,56.1,0.22,43.5,0.64,50.3,54,17,1.4,18,78.2,0.194,46.8,0.569,55.8,50.1,45.8,0.26,60.8,0.78,59,66.5,,,,,,,40.7,0.25,50.7,0.77,56.3,73.8,1,48.1,0.26,47.4,0.79,51.1,57.5,44.3,0.23,43.4,0.69,48.8,58.4,18,19,18,20,17,17,18,18,19,18,,17,23,17,28,24.4,35.7,20.7,25.8,27.3,17.6,15.2,14.3,33.3,10.5,36.4,15.8,0,40,,36.4,42.9,25
LAA,3.56,4.31,1.14,3.93,3.43,0.87,1.31,91,1.3,128,25.6,26,3.99,3.48,0.59,3.88,4.18,1.27,219,13.7,10.1,3.76,3.83,0.99,1.29,69,1.3,105,1.31,219,24,26.8,25.8,12.3,12,11.7,3.82,3.8,0.98,4.33,3.69,0.83,4.28,4.24,1.14,5.16,4.05,1.09,3.76,3.86,1.03,4.44,4.72,1.37,3.36,3.47,0.87,3.28,4.59,0.97,1.3,1.1,3.5,3.9,1.03,2.21,2.4,0.47,1.46,2.09,0.36,3.3,3.25,0.95,1.32,162,1.37,48,1.38,146,1.4,61,1.44,23,1.41,115,1.24,53,1.54,60,50.3,0.2,44.9,0.64,50.5,57.2,47,0.23,44.1,0.66,48.3,54.1,2.81,3.26,1.12,1.19,34,1.09,56,1.01,20,1.12,98,26.2,23.1,25,22.1,22.6,24.7,25.3,23.6,3.81,3.62,0.92,1.25,16,25.8,29.9,33,29.3,1.1,12,10.7,12.8,10,9.6,13.7,9.9,16.4,1.2,1.32,145,25.6,1.2,11.8,8.8,9.7,9.6,50.5,0.21,46.9,0.61,51.7,58.1,45.6,0.21,41.4,0.66,47,54.4,27.6,5.3,48.4,0.21,44.4,0.65,49.2,55.4,24,12.1,19,1.2,1.1,1.1,1.1,1.1,1.1,1.4,1.2,1.3,1.4,1.2,1.3,19,41,0.21,41.9,0.65,46.4,55.5,46.2,0.23,22.3,0.68,31.6,31.7,42.5,0.22,34,0.68,41.4,49.1,45.4,0.24,29.1,0.71,34.1,31.7,58.2,0.26,27.9,0.73,40.2,41.3,47.7,0.22,39.2,0.7,47.7,57.5,56.3,0.22,54.4,0.64,58.6,65,54.8,0.22,39.3,0.7,48.3,53.9,21,2,21,76.8,0.183,67.5,0.592,68.8,64.6,51.5,0.19,74,0.54,67.5,71.5,70.2,0.161,93.8,0.474,81.7,76.2,46.3,0.19,57,0.59,59.3,71.1,1,50.6,0.26,51.6,0.72,53.2,57.1,47.5,0.21,43.1,0.64,48.6,55.7,21,20,20,19,20,20,22,22,22,23,22,21,34,18,34.4,35.3,36,20,34.8,31.2,41.4,34.4,41,43.8,30.1,24.1,36.1,43.5,40,61.5,29.8,50,27.4
LAD,3.23,3.3,0.91,2.83,2.84,0.71,1.12,102,0.99,112,26.7,29.5,2.26,2.46,0.52,2.89,2.94,0.69,214,8.8,8.7,3.03,3.06,0.81,1.16,55,0.93,117,1.05,214,30.1,27,28.1,8.6,8.1,8.7,2.95,2.92,0.8,3.86,3.74,1.26,2.73,2.99,0.79,3.84,3.52,1.25,4.39,4.03,1.1,1.01,2.01,0.11,2.75,2.96,0.5,1.59,2.37,0.21,1.1,1,0,2.03,0,4.85,3.45,1.05,6.89,4.12,1.72,4.01,3.45,1.05,1.02,160,1.06,88,0.98,157,1.04,78,1.27,39,0.86,79,1.14,38,0.93,84,44.2,0.2,40,0.6,46.5,55.6,47,0.18,38,0.54,44.7,50.8,0.75,2.1,0,0.79,15,1.41,47,1.66,19,1.28,52,29.7,25.6,28,28.5,20.2,30.9,28.1,28.2,2.98,2.86,0.91,0.75,9,35.3,29.3,29.7,27.4,0.9,8.4,7.4,8,7.5,8.4,9.4,11.6,9.8,1.1,1,149,22,1,13.7,10.6,9.5,9.1,45.6,0.22,43.7,0.6,48.5,56.1,45.1,0.17,36.4,0.52,43.5,50.5,30.2,4.9,45.6,0.19,39,0.57,45.6,53.1,17,7.1,16,1,1.1,1.1,1.1,1.1,1,0.9,1,0.9,0.9,0.8,1,15,39.7,0.19,38.9,0.57,45.4,56.8,42.4,0.2,23.5,0.62,35.2,43.6,42,0.18,31,0.55,39.8,48.4,42.3,0.2,25,0.61,33.1,35.9,57.6,0.23,35.7,0.66,42.3,38.9,46.6,0.15,40.3,0.43,46.6,54,58.6,0.19,55.1,0.56,58.4,61.9,50.8,0.16,46.5,0.46,50.5,54.9,17,1.3,16,77.5,0.091,48.5,0.329,56.3,50.2,49.9,0.24,65.9,0.7,63.1,69.4,49.5,0.284,72.7,0.829,67.3,73.9,42.3,0.23,47.8,0.67,56.3,75.9,0.9,41.1,0.18,39.1,0.44,46,57.4,47.1,0.2,37.9,0.57,45,51.7,16,18,17,18,17,14,15,15,14,16,15,17,18,14,30,31.7,22.2,28.1,31,32.1,30.8,26.4,31,29.4,21.4,57.1,11.1,0,47.1,36.4,66.7,,29.2
MIA,4.23,3.97,0.96,2.81,2.93,0.56,1.24,107,1.12,106,22,26.7,4.23,3.75,0.76,2.45,2.56,0.39,213,10.5,9.8,3.5,3.43,0.76,1.2,99,1.04,72,1.18,213,23.4,25.9,24.4,12.1,8.1,10.2,3.76,3.46,0.92,3.6,3.41,0.85,3.98,3.6,1,4.1,3.57,1.1,2.1,2.78,0.52,4.63,4.19,1.16,2.63,3.05,0.34,3.27,3.21,0.5,1.1,1.2,3.55,3.92,0.24,2.45,2.84,0.32,3.18,3.69,0.53,3.08,3.48,0.62,1.14,150,1.02,76,1.18,129,1.2,78,1.02,30,1.53,61,1.12,66,1.27,56,46.6,0.21,47.2,0.63,51.2,59,49.3,0.19,42.1,0.56,47.1,51.3,0.64,1.97,0,1.5,33,1.06,76,1.35,18,1.07,79,24.5,22.5,24.1,25.6,30.1,23.8,25.8,25.6,3.83,3.05,0.55,0.85,16,19.3,27.1,20.3,22,1.1,8.6,7.3,8.7,8.2,11,11.6,12.7,12.3,1.3,1.12,135,25.9,1.2,16.4,12.1,12.2,10.5,47.8,0.19,48,0.58,51.9,59.4,48,0.19,40.3,0.53,46.5,52.5,25.9,7.4,48,0.2,44.6,0.59,49.1,55.2,18,10.5,20,1.2,1.2,1.2,1.2,1.1,1.1,1.2,1.3,1.2,1.1,0.9,1.1,18,40.7,0.2,42.8,0.6,47.2,57,42.2,0.19,25.4,0.57,36.6,45.3,42.4,0.21,33,0.63,40.3,47.2,41.9,0.22,32.2,0.65,35.8,35.7,54.2,0.16,32,0.51,40.9,41.6,51.9,0.25,41.7,0.73,47.8,51.9,56.6,0.17,56.4,0.51,58.6,62.7,58.8,0.2,47.7,0.58,52.6,53.8,20,1.8,19,75.1,0.203,64.5,0.606,65.3,59.2,50.6,0.16,66.3,0.49,62.8,67.6,56.4,0.215,85.2,0.622,77.7,84.4,46.3,0.18,54.8,0.54,59.8,75.3,1,41.5,0.16,37.4,0.42,45.1,56.6,49.1,0.19,47.4,0.55,50.6,55.3,19,19,19,19,18,20,19,22,20,18,15,17,26,16,18.2,14,7,12.5,16.1,14.5,26.9,19.1,24.1,33.3,3.7,10,3.6,10,17.6,20,20,10,20
MIL,3.18,3.76,0.93,2.67,2.84,0.59,1.17,91,1.14,106,23.3,28.3,2.65,3.06,0.76,3.55,3.47,0.78,197,10,9.8,2.9,3.26,0.74,1.01,53,1.24,108,1.16,197,28.7,25.1,26,9.6,10.7,9.9,2.59,3.14,0.83,3.28,3.35,0.77,3.18,3.58,1.02,3.05,3.33,0.74,3.75,3.32,0.48,4.15,4.33,1.56,2.36,2.53,0.26,3.83,3.83,0.96,1.3,1.3,2.16,4.24,1.08,1.98,2.68,0.33,2.78,3.32,0.5,1.82,2.61,0.54,1.11,127,1.17,69,1.12,121,1.13,70,1.3,58,1.31,46,1.21,50,1.28,73,47,0.21,39.1,0.63,44,47.5,49.6,0.2,48,0.58,51.3,56.4,2.62,2.39,0.38,0.96,12,1.07,82,1.21,26,1.06,54,28.8,24.7,26.1,26.2,21.2,27.7,27.3,23.6,2.88,3.27,0.77,1.17,13,21.5,26.4,23.5,28.4,1.3,9.6,9.3,9.1,10.7,10.3,10.5,10.4,10.5,1.3,1.16,125,30.3,1.3,10.8,10.1,11.8,8.4,47.7,0.18,44.8,0.54,49,54.9,48.2,0.22,43.9,0.63,47.1,50,26.8,10.1,48.4,0.21,43.9,0.6,47.9,52.3,20,10.1,21,1.3,1.4,1.2,1.2,1.3,1.1,1.4,1.2,1.4,1.3,1.4,1.6,21,41.3,0.2,42.9,0.59,46.7,54.9,46.6,0.22,23.5,0.62,35.5,41.4,44.2,0.21,32.4,0.62,39.3,43.7,46,0.19,30.2,0.58,34.2,30.6,57.8,0.23,42.2,0.64,46.9,44.6,51.5,0.23,40,0.72,48.6,56.4,53.6,0.22,53.8,0.59,57.3,64.1,53.3,0.22,48.6,0.67,52.1,55.2,21,1.8,20,77.6,0.155,62.6,0.535,66.2,62.1,48.1,0.19,63.2,0.53,58,59.2,57.6,0.185,78.2,0.553,70.1,69.7,44.8,0.2,55.4,0.56,60.1,76.5,1,50.2,0.2,56.1,0.57,58,65.8,48.1,0.2,43.1,0.6,47.2,51.4,20,21,19,19,20,18,22,19,24,21,24,24,28,16,25.6,34.5,13.3,25,29.4,29.3,28,22,13.6,25,38.5,54.5,28.6,42.9,26.7,31.2,50,0,36.6
MIN,4.12,3.63,0.82,5.13,4.34,0.97,1.37,95,1.45,88,23.3,17.5,5.7,4.68,1.18,3.35,3.02,0.54,183,10.5,10.4,4.61,3.97,0.9,1.6,75,1.14,76,1.41,183,18.4,24.3,20.5,11.3,9.3,10.4,4.6,3.85,0.87,4.26,4.02,0.67,4.1,3.68,0.64,4.05,3.41,0.37,5.23,4.15,1.05,3.98,3.64,0.89,4.77,3.94,1.05,4.5,4.32,1.22,1.2,1.2,3.33,4.29,0.74,5.36,4.18,1.09,6.65,5.59,1.66,5.37,4.22,1.13,1.39,122,1.52,61,1.36,98,1.42,65,1.47,38,1.07,52,1.37,70,1.3,65,45.6,0.23,43.1,0.67,47.9,55,51.8,0.25,46.3,0.71,49,50.2,4.38,2.74,0.36,1.4,23,1.57,70,1.8,15,1.52,53,22.5,19.5,20.9,19.3,18.1,22,20.1,21.1,4.03,4.17,0.86,1.5,13,14.3,20.2,19.4,21.1,1.1,11.1,12.7,11.3,11.2,8.6,8.6,8.3,9.9,1.1,1.32,127,20.7,1.2,10.5,9.8,13.6,10.2,48.2,0.27,43.9,0.78,48.9,55.1,48.7,0.2,44.1,0.57,47.3,49.9,18.9,7.2,48.6,0.24,44.7,0.69,48.4,52.7,19,11.2,19,1.1,1.1,1.1,1.1,1.4,1.2,1.1,1.1,1.1,1.2,1.4,1.2,19,41.1,0.23,43.6,0.67,46.5,53.6,45.8,0.24,23.4,0.68,32.8,34.4,43.6,0.22,30,0.64,36.9,39.9,45.7,0.24,27.6,0.65,33.3,31,57.2,0.26,34.6,0.74,44.1,45.6,51.9,0.2,40.5,0.58,47.5,52.4,54.1,0.25,56.9,0.71,58.7,64.1,54.5,0.22,44.3,0.67,50.3,54.2,18,1.9,19,74.1,0.245,66.9,0.688,66.1,59.4,48.5,0.27,66.3,0.76,62.7,68.8,55.1,0.281,83.2,0.853,76.1,83,44.7,0.27,66,0.76,64.7,77.5,1,47.3,0.28,45.2,0.71,52.1,63.5,48.7,0.22,45.3,0.65,48,50.7,19,20,19,19,23,18,18,20,17,20,26,20,32,16,30.6,31.4,26.8,21.1,31,31,23.1,24.6,11.1,29.4,30.8,38.9,40.6,33.3,40,42.9,43.8,60,28.9
NYM,3.76,4.09,1.37,2.66,2.63,0.48,1.2,112,1.13,99,24,27.1,3.19,3.24,0.94,2.82,2.89,0.67,211,8.2,8.7,3.21,3.36,0.92,1.18,75,1.04,98,1.16,211,26.8,26.3,25.5,8.2,7.8,8.4,3.15,3.38,0.96,2.27,2.91,0.66,3.2,3.33,1,2.38,2.62,0.52,2.82,2.87,0.59,4.93,4.25,1.69,2.74,3.1,0.39,3.78,3.55,1.08,1.2,1.3,9,7.6,3,2.91,3.17,0.64,3.82,3.84,1.19,3.4,3.96,1.17,1.16,152,1.13,74,1.16,140,1.17,68,1.1,53,1.12,54,1.15,37,1.1,85,44.9,0.22,42.2,0.68,46.5,52.6,45.3,0.21,47.1,0.57,49.8,56.1,6.15,4.61,1.87,2,6,1.22,83,1.22,34,1.24,58,26.3,26,26.7,27.9,24.3,25.6,21.1,24.1,2.81,2.97,0.69,1.43,17,13.8,25.1,25.6,24.8,1.3,8.7,8,8,8.6,7.3,6.7,9.5,7.1,1.2,1.17,147,24,1.2,10.3,10,9.4,9.9,44.6,0.22,43.2,0.62,47.8,55.2,45.9,0.2,45.2,0.56,47.8,52,27.9,6.8,45.1,0.22,44.5,0.62,48,54.2,19,9.6,22,1.3,1.3,1.3,1.3,1.1,1.3,1.2,1.2,1,1.2,1.1,1.3,21,39.7,0.21,40.9,0.62,45.9,56.1,40,0.22,24.4,0.6,35.1,43.8,41.2,0.22,33.1,0.63,40.3,48,39.6,0.22,28,0.6,33.2,34.5,57.7,0.21,50.5,0.59,51.3,47.6,43.1,0.22,40.8,0.68,47.4,58.1,49.1,0.2,58.8,0.56,58.9,66,50.7,0.21,52.4,0.62,53.3,56.3,19,2,20,70,0.346,83.4,1.058,73.8,65.6,50.9,0.21,64.8,0.6,60,61.1,56.8,0.214,75.9,0.65,68.1,67.1,43.3,0.22,52.2,0.66,57.7,74.3,1.1,47,0.28,43.8,0.82,47.9,53.3,45.3,0.2,45.6,0.59,48.8,55.1,21,21,21,21,18,21,19,19,17,20,18,21,33,17,23.7,33.3,33.3,23.1,29.2,25.8,32.5,28.1,29,39.1,16.7,41.2,23.1,,29.7,20,34.4,62.5,24.6
NYY,3.18,3.68,0.87,2.82,3.23,0.78,1.25,143,1.13,138,21.1,24.4,3.26,3.16,0.71,3.15,3.68,0.94,281,8.7,8.3,3,3.45,0.83,1.18,86,1.21,135,1.19,281,23.3,22.3,22.8,7.7,8.6,8.5,3.06,3.4,0.8,2.47,3.37,0.74,2.96,3.32,0.72,3.38,3.27,0.63,2.37,3.86,0.95,3.42,3.47,0.75,3.1,3.88,1.16,2.62,3.53,0.87,1,1.1,3.38,3.29,0.84,3.48,3.62,1.22,,,,2.79,3.65,1.07,1.17,221,1.12,124,1.2,214,1.24,124,1.08,34,1.35,107,1.15,67,1.12,77,49,0.23,36.9,0.65,44.1,48.9,44.1,0.21,36.8,0.6,44.4,53.4,3.14,5.26,1.88,1.64,26,1.03,50,,,1.18,80,22.5,23.7,23.1,22,23.9,21.1,21.8,23,2.96,3.22,0.66,1.05,9,23.5,24.2,,23.7,1,8.1,9.3,8.8,8.8,11,8.6,7.3,8.6,1.1,1.21,192,16.7,1,8.2,5.8,,7.9,46,0.23,37.7,0.62,44.8,52.3,46.4,0.22,35.6,0.64,43.2,49.5,22.8,6.7,46.6,0.22,36.9,0.62,44.3,51.1,16,8.6,17,1.1,1.1,1,1,1.1,1,1,1.1,0.8,1,,1,16,41.3,0.22,37.4,0.62,43.7,52.5,43.3,0.2,23,0.59,36,45.6,42.6,0.22,30.9,0.62,39.9,48.2,43.5,0.23,28.2,0.63,35.1,37,57.8,0.17,23.2,0.56,38.7,42.8,50.2,0.24,40.7,0.67,47.7,54,59.2,0.22,56,0.64,58.4,60.5,56.8,0.2,41.6,0.6,49.8,54.3,16,1.6,17,76.8,0.3,50.1,0.793,56.8,50.3,47,0.21,63.4,0.62,57.6,58.7,,,,,,,41.5,0.22,45.9,0.64,53.2,70,1,39.7,0.2,35.9,0.64,47.3,65.7,47.5,0.22,37.3,0.62,44.5,50.6,17,17,17,17,18,17,16,16,13,16,,17,22,16,26.5,25.3,19.1,33.3,25.9,26.1,24.6,24,25.4,21.4,24.6,30.2,22.9,28.6,30.3,,28.9,40,27.7
PHI,4.12,3.24,0.86,4.1,2.92,0.94,1.31,103,1.34,119,26.4,28.4,4.14,3.21,1.15,4.5,3.09,0.88,222,9.2,7.2,4.11,3.06,0.9,1.28,79,1.36,113,1.32,222,29.7,26.2,27.5,7.9,7.7,8.1,3.71,2.83,0.84,2.06,1.95,0.64,2.85,2.61,0.66,3.13,2.45,0.75,6.17,4.3,1.29,3.12,3.06,0.67,6.21,3.1,1.07,4.39,4.29,1.29,0.9,1.1,3.86,2.76,0.77,6.5,3.82,1.32,6.1,4.48,1.52,4.77,2.52,0.7,1.25,171,0.83,60,1.14,140,1.08,78,1.8,40,1.31,81,1.43,43,1.49,71,50,0.23,48,0.65,50.8,54.6,44.6,0.25,44.8,0.7,48.3,54.9,3.55,3.02,1.07,1.03,11,1.68,81,1.84,39,1.4,73,28.6,32.1,28,30,24.7,26.4,28.1,23.6,4.07,3.07,0.92,1.14,18,21.3,26,25.6,29,1,7.5,3.3,7.1,5.8,12.1,9.9,7,10.9,1,1.36,148,24,1,2.1,9,11.6,7.3,47.5,0.23,45.9,0.67,49.3,54.5,47.1,0.25,47.5,0.69,49.8,54.5,28.9,2.9,47.1,0.24,46.3,0.68,49.4,54.8,16,9,18,1,0.9,1,0.9,0.9,1,1,1,1.1,1,1.1,1.1,17,42.6,0.24,44.4,0.65,48.1,56.4,46,0.19,24,0.51,33.5,35.6,44.2,0.22,34.8,0.6,40.6,44.6,44.5,0.22,33,0.6,35.4,31.6,60.2,0.28,44.5,0.8,48.7,45.2,45.3,0.22,42.4,0.63,47.1,53.8,52.4,0.27,56.7,0.75,59.9,68.8,52.2,0.24,51.1,0.72,53,55.8,18,1.4,17,69.8,0.239,82.1,0.614,72.8,64.4,49.7,0.29,66.6,0.81,63.5,69.9,51.6,0.284,75.7,0.828,69.7,75.6,44.9,0.26,55.6,0.7,60.9,78.5,0.9,48.6,0.26,53.5,0.68,54.5,60,46.7,0.24,44.8,0.68,48.3,53.3,17,15,16,15,17,17,18,18,18,19,21,19,21,17,32.1,40,44,36.8,37,38.9,17.6,33.3,33.3,35.3,43.5,42.9,38.1,0,42.4,41.2,40,14.3,37.8
PIT,3.81,3.66,0.9,3.7,3.86,0.91,1.27,103,1.22,89,26.4,22.8,4.06,3.77,0.91,4.21,3.81,0.79,192,11.8,10.9,3.76,3.75,0.9,1.13,68,1.39,99,1.25,192,23.4,24.2,24.7,10.4,12.9,11.4,3.22,3.34,0.87,5.16,4,0.89,3.81,3.36,0.81,4.46,3.63,0.96,6.27,4.84,0.96,2.89,2.81,0.63,3.38,3.98,1.03,3.8,3.75,0.74,1.2,1.2,3.58,4.73,0.98,3.53,4.3,1.11,4.44,5.52,1.11,2.89,3.9,1,1.17,131,1.43,53,1.25,118,1.33,72,1.61,40,1.16,55,1.16,54,1.24,63,47,0.2,42.6,0.62,46.1,49.6,48.4,0.2,50.2,0.62,51.7,56,2.93,4.4,1.17,1.19,21,1.2,84,1.44,20,1.14,57,27.2,21.4,26.5,26.5,19.2,29.7,23.4,23.1,3.6,3.82,0.92,1.5,8,18.4,23.2,17.9,24.2,1.3,9.9,11.4,10.5,11,15.3,10.1,10.7,12.2,1,1.24,144,21.4,1.2,14,12.2,17.9,10.9,46.8,0.19,44.7,0.58,48.4,53.7,47.9,0.22,47.9,0.65,49,51,25.2,11.4,47.6,0.2,46.1,0.62,48.7,52.5,20,12,20,1.3,1.2,1.2,1.2,0.9,1.3,1.1,1.2,1.3,1.2,1.2,1.3,21,40.5,0.2,41.9,0.61,45.4,53,40.4,0.23,25,0.68,35.7,44.4,40.8,0.21,35.6,0.62,40.6,46.2,40.5,0.23,35,0.67,36.5,35.5,57.1,0.22,50.4,0.69,51.3,48.3,47.5,0.2,40.8,0.58,47.2,54.2,56.1,0.2,56.2,0.61,58.5,62.9,57.2,0.19,54.7,0.59,55.3,54.6,18,1.9,20,74.3,0.173,64.1,0.59,64.3,57.5,52.3,0.18,62.9,0.6,58,56.6,64.9,0.163,80.7,0.606,70.2,61.9,46.2,0.18,50.6,0.58,56.9,71.9,1,50.1,0.24,47.3,0.72,50.3,53.8,48.7,0.2,46.7,0.61,49,51.9,21,20,21,20,17,22,18,19,21,19,22,21,37,17,17.5,25.7,25,21.6,21.3,24.5,35,23.5,34.5,11.1,13,21.4,16.7,25,18.8,10,9.1,0,21.4
SDP,3.23,3.36,0.66,3.2,3.28,0.85,1.3,108,1.14,109,24.1,26.1,3.2,2.86,0.41,3.44,3.02,0.86,217,10.7,8.9,3.22,3.32,0.75,1.28,83,1.12,89,1.22,217,26.2,27.5,25.1,11,7.5,9.8,2.6,2.72,0.64,3.21,2.7,0.52,2.79,2.78,0.7,3.22,3.28,0.91,4.66,4.83,1.17,2.18,2.75,0.78,1.65,2.43,0.15,3.3,3.74,0.98,1.3,1.3,4.26,4.25,0.81,3.68,3.99,0.9,5.88,5.61,1.51,3.15,3.08,0.49,1.06,149,1.1,72,1.08,126,1.16,78,1.55,37,1.06,45,1.08,43,1.28,52,46.8,0.22,49.6,0.64,51,55.6,46.8,0.21,51,0.61,51.2,54.7,3.89,5.4,1.94,1.51,31,1.37,100,1.71,48,1.22,87,28.1,24.6,28.1,25.7,18.2,32.5,25.1,23.9,2.71,2.77,0.54,1.34,20,21.2,22.3,18.2,25.5,1.3,8,6.9,7.8,7.9,12.4,9.7,9.5,9.9,1.2,1.13,138,23.7,1.3,14,11.7,14.6,11.2,46.9,0.22,48.6,0.6,50.2,54.5,45.7,0.22,49.4,0.62,50,53.9,26.9,11.9,46.8,0.22,50.3,0.62,51.1,55.1,21,8.7,21,1.2,1.2,1.2,1.1,1.3,1.3,1.4,1.4,1.4,1.3,1.2,1.3,23,39.3,0.2,39.6,0.56,43.8,51.8,37.9,0.22,25.7,0.59,33.8,40.1,39.3,0.2,33.4,0.58,38.8,44.7,37.7,0.22,31.9,0.64,34,33.8,56.6,0.25,58,0.75,55.5,51.8,41.4,0.18,42,0.54,46.5,55.3,49.6,0.19,59.7,0.52,58.9,64.7,53.5,0.22,57.1,0.66,55.7,55.7,18,2.1,21,71,0.241,92.7,0.715,81.1,75.2,55.5,0.23,71.8,0.68,65.6,65.9,63.8,0.265,86.4,0.821,76.3,73.8,50.8,0.2,62.8,0.59,63.7,74,1.1,48.8,0.22,54.7,0.76,54.4,58,45.7,0.21,48.5,0.58,49.7,54.1,20,19,20,19,22,21,21,24,26,22,24,21,36,17,32.8,32.3,32.5,32.8,32.6,33,41.2,31,23.1,29.2,23.3,28.6,35.3,35.3,32.3,40,37.5,30,38.2
SEA,3.43,3.06,0.54,2.88,3.28,0.72,1.21,84,1.38,96,22.4,24.3,3.4,3.66,0.82,2.89,2.85,0.48,180,8.5,9.6,3.13,3.18,0.64,1.37,74,1.12,72,1.3,180,22.8,23.4,23.4,10.3,8,9.1,3.56,3.23,0.77,3.23,2.79,0.15,3.19,3.04,0.51,2.98,2.33,0.14,1.11,2.98,0,2.99,3.29,0.75,2.73,3.76,1.03,2.6,3.35,0.35,1,1,,,,3.22,3.5,1.07,4.91,1.46,0,3.7,3.91,1.37,1.36,151,1.32,60,1.32,119,1.24,65,1.05,29,1.33,69,1.27,54,1.29,54,42.2,0.22,43.6,0.61,49.9,62.8,43.9,0.24,38.4,0.68,44.3,51.3,2.7,2.65,0.68,,,1.25,51,1.23,7,1.39,61,24.7,20.8,22.6,24.5,17.4,24,24.7,21.3,3.16,3.15,0.7,1.42,8,,25.8,29,24.1,1,8.8,9.8,8.9,8.7,10.6,9.1,10.1,12.2,1,1.23,135,25,1,,8.3,6.5,7.2,45.5,0.24,44.3,0.68,49.7,59,40.6,0.21,37.6,0.56,44.5,55.3,25.2,5.4,43.1,0.23,40.8,0.65,46.9,56.7,16,9.2,18,1,1,1,1,1.1,1,1,1,,1,1,1.1,17,40.5,0.25,41.7,0.68,47.4,58.7,42,0.23,22.5,0.61,35,44.4,41.5,0.24,31,0.65,40.1,49.5,42.5,0.23,26.4,0.59,35.2,40,56.8,0.17,36.1,0.47,44.7,46,44,0.24,40.5,0.67,46.2,54.4,47.4,0.22,58.7,0.65,59.2,68.2,45.7,0.21,41.2,0.59,47.3,55.4,17,1.7,17,,,,,,,43.3,0.23,62.8,0.66,61.9,74.2,37.6,0.241,70.4,0.592,69.1,90.1,41.5,0.26,55.9,0.74,59.2,75.5,0.9,42.7,0.3,50.9,0.77,55.3,69.4,43.5,0.22,40.6,0.62,46.7,55.9,17,17,17,17,17,17,16,16,,16,15,19,27,16,17.9,29,15,15.4,23.7,28,33.3,22.9,24,0,0,26.1,15.4,,28.6,0,28.6,,27.1
SFG,3.11,3.91,0.82,3.8,3.88,0.74,1.29,82,1.34,72,22.9,22.5,3.55,3.55,0.59,3.64,4.16,0.94,154,12.3,12.8,3.41,3.9,0.79,1.28,61,1.37,73,1.31,154,21.8,23.2,22.7,11.4,13.1,12.5,4.09,3.75,0.79,4.15,4.44,1.13,4.25,4.06,1.02,4.4,4.25,1.06,2.06,3.96,0.92,4.66,3.94,0.96,1.95,4.02,0.49,2.18,3.6,0.73,1.2,1,2,4.71,0.5,1.85,3.48,0.4,2.2,3.13,0.31,3.75,3.85,0.54,1.37,106,1.26,36,1.3,88,1.33,48,1.04,30,1.39,50,1.41,36,1.16,53,50.2,0.21,46.7,0.64,47.7,47.1,46.5,0.2,53.7,0.62,55.2,63.1,3.65,4.32,1.09,1.5,18,1.28,68,1.22,30,1.47,53,24.9,19.8,22.4,21.7,18.8,22.7,24.1,21.5,3.76,3.91,0.87,1.34,14,16.7,24.8,22.1,25.3,1.2,12.9,10.9,11,11.4,8.8,10.9,17.7,10,1.1,1.31,100,19.4,1.1,17.9,15,11.5,16.7,47,0.21,48.4,0.61,50.8,56.3,49.7,0.22,50.1,0.67,50.4,51.2,24,10.2,48.5,0.21,50,0.63,51.2,54.5,20,12.6,18,1.1,1.3,1.2,1.2,1.3,1.1,1,1.2,1,1,1,0.9,21,41.1,0.22,46,0.65,48.4,56.5,43.8,0.21,24.7,0.65,30.5,27.7,43.4,0.22,34.9,0.66,40.2,44,43.3,0.22,30.8,0.67,33.7,30.2,60.4,0.18,48.1,0.56,49.2,42.2,45.7,0.23,40.6,0.68,47.8,57.5,51.3,0.18,61.9,0.6,61.5,68.3,55.2,0.2,54.8,0.58,55.2,55.6,18,1.8,19,72,0.203,76.5,0.643,70.9,63.7,53,0.18,70.3,0.56,64.7,66.6,60,0.194,80.1,0.555,71.3,69.1,46.4,0.2,62.5,0.63,63.1,75.6,0.9,48.2,0.23,44.3,0.67,44.3,41.6,48.5,0.2,51.4,0.62,52.6,56.9,19,21,20,21,20,20,18,19,18,18,17,17,30,16,30,30,22.9,35.5,30,26.4,30.8,29.4,34.5,43.8,28,38.9,25,27.3,31,18.2,29.6,45.5,28
STL,3.99,4.49,1.31,4.02,3.35,0.54,1.25,135,1.37,134,22.3,19.2,4.81,3.91,1.07,3.27,3.89,0.94,269,10.9,8.8,4,3.94,0.94,1.36,97,1.16,118,1.31,269,20.6,22.9,20.8,8.2,10.7,9.9,4,3.83,0.92,5.89,4.85,1.14,3.77,3.79,0.82,3.32,2.98,0.47,3.45,4.61,1.15,3.69,3.8,0.8,5.3,5.3,1.54,3.38,4.06,0.85,1.1,1,5.06,3.62,0.68,3.49,3.66,1.06,3.47,3.02,0.73,5.76,4.71,1.56,1.25,198,1.54,44,1.24,172,1.14,71,1.32,44,1.23,143,1.59,50,1.3,124,44.7,0.21,46.9,0.66,51.2,60.8,51.9,0.25,47.1,0.66,49.7,51,4.4,4.29,1.26,1.76,27,1.32,82,1.26,47,1.49,74,21.6,17.7,20.9,22.2,16.8,19.9,17.2,19.6,4.35,3.95,1.14,1.19,10,21.6,24.1,24.3,21.4,1,9.7,12.6,10.1,8.4,10.1,9.7,11.3,11,1.1,1.37,188,15.5,1,11.2,8.7,7.5,9.5,48.2,0.25,47.8,0.7,51.6,58.4,48.3,0.19,46.4,0.6,49.4,53.8,23,5.2,48.3,0.23,47,0.66,50.4,56,17,9.3,17,1,1.1,1,1.1,1.1,1,1.1,1,1,1,1,1,17,41.8,0.22,43.7,0.64,47.9,57.1,45.4,0.24,26,0.73,37.4,44.9,42.7,0.21,38.1,0.62,43.4,50,44.5,0.2,38,0.56,38.8,35.8,61.4,0.22,51.4,0.66,53.2,49.3,47.9,0.22,41.4,0.62,47.5,54.3,64.7,0.27,50.3,0.8,56.1,56.7,53.5,0.22,46.5,0.64,51.2,55,17,1.4,17,74.7,0.297,63.8,0.797,64.5,58,50.5,0.24,68.1,0.68,62.5,64.7,51.2,0.232,76,0.636,70.1,76.9,43.1,0.26,56.4,0.78,60.2,76.9,1,52,0.26,45.1,0.71,49.9,53.8,48.3,0.24,47,0.71,50.3,55.5,17,20,17,17,17,16,17,17,18,17,18,18,24,16,45.8,23.9,42.6,23.4,34.1,30.4,45.5,31.2,12.5,35.3,32.2,43.5,43.6,52.9,31.1,34.6,38.5,75,33
TBR,4.16,4.06,1.09,3.09,3.58,1.07,1.36,114,1.01,123,24.6,22.7,3.48,3.68,1.26,3.9,3.82,0.99,237,11.6,6,3.6,3.81,1.08,1.17,86,1.12,114,1.18,237,25.9,22.8,23.6,7.1,9.4,8.9,3.85,3.67,1.03,3.72,3.97,1.07,3.93,3.73,0.98,3.59,4.33,1.31,2.67,3.96,1.2,3.86,3.25,0.93,3.08,3.73,1.13,3.87,3.73,1.15,1.1,1.1,4.91,4.8,1.23,3.3,3.98,1.2,3.52,4.67,1.57,3.35,3.4,0.81,1.2,159,1.25,106,1.27,139,1.33,83,1,63,1.15,49,0.98,78,1.14,74,47.2,0.22,44.7,0.68,49.5,56.7,46.3,0.21,38,0.6,45.2,52.8,5.28,4.99,1.76,1.7,15,1.11,82,1.35,20,1.07,80,24.6,22.8,23.8,23.4,23,25.1,23.3,24.1,3.29,3.69,0.94,1.43,10,16.2,23.7,24,23.4,1.1,9.1,9.9,9.6,10.6,7.9,7.1,7,7.7,1,1.18,172,21.5,1.1,10.3,8.6,10.4,8.3,48,0.23,45.8,0.68,50.7,58.4,45.6,0.2,36.2,0.6,43.6,50.6,23.6,9.2,46.7,0.22,41.2,0.64,47.3,54.7,18,9.5,17,1.1,1,1.1,1,1.1,1.2,1.1,1.2,1,1.1,1.2,1.1,18,40,0.22,40.7,0.65,46.5,57.9,43,0.22,21.2,0.65,34.4,43.4,43,0.22,25.6,0.66,37,45.8,43.6,0.22,19.9,0.69,30.8,34,57.8,0.19,33.6,0.59,43.3,44.2,51.6,0.22,40.9,0.64,48.6,55.4,50.8,0.19,58.8,0.59,58.9,64.9,52.9,0.22,46.4,0.64,51.1,55.3,16,1.5,17,71.7,0.295,78.2,0.827,71.7,64.4,48.6,0.21,67.3,0.64,63.1,68.9,57,0.244,81.2,0.756,73.4,76.2,44.2,0.2,58.5,0.6,60.9,75.5,1,45.4,0.27,43.5,0.82,46.5,50.6,46.5,0.21,39.8,0.62,46.5,54.2,18,18,18,17,16,18,17,18,18,17,18,17,24,16,26.8,15.4,21.4,22.4,22.1,21.7,14.3,16.1,15.2,19,26.9,40,32.3,28.6,26.5,14.3,19.4,0,26.1
TEX,3.79,3.44,0.95,2.63,3.38,0.76,1.18,97,1.11,88,24.2,20.5,2.24,2.91,0.56,3.72,3.49,0.78,185,7.9,7,3.23,3.41,0.86,1.02,59,1.25,97,1.15,185,23.1,20.6,22.4,7,8.1,7.5,3.01,3.26,0.77,3.06,3.08,0.65,3.01,3.25,0.84,3.08,3.29,0.86,3.83,3.79,1.09,3.59,3.72,1.11,4.42,4.49,1.23,2.93,3.17,0.76,1.2,1.2,4.5,4.43,1.5,3.04,3.62,0.89,2.86,2.83,0.41,3.8,3.87,0.98,1.17,137,1.12,75,1.13,131,1.04,56,1.01,43,1.18,65,1.28,37,1.13,69,44.8,0.23,39.8,0.64,45.5,52.7,45,0.21,42.2,0.6,47.8,56.1,3.1,3.96,0.93,1.67,5,1.15,45,1.05,17,1.3,60,22.3,21.5,22.9,21.3,22.1,24.1,20.3,24.4,2.86,3.42,0.93,1.34,14,26.9,21.6,22.5,21,1.4,7.4,6.7,6.7,5.7,7.2,8,10.5,7.9,1.1,1.05,125,19.5,1.2,11.5,8.2,7.9,8.9,44.8,0.2,43.8,0.56,49.4,59.2,45,0.23,39,0.64,44.6,50.6,22.5,9.4,44.9,0.22,40.9,0.62,46.6,54.3,19,6.5,19,1.2,1.3,1.2,1.3,1.1,1.1,1,1.2,1.2,1.1,1.3,1.1,21,39.7,0.22,39.6,0.62,45.4,56,42.8,0.22,24.9,0.59,36.1,44.3,41.9,0.22,31.5,0.62,40.4,49.5,43.8,0.21,24.8,0.58,32.8,34.1,58.5,0.2,38.7,0.6,46.2,45.9,45.8,0.22,40.5,0.66,48.1,58.6,51.1,0.23,56.7,0.69,56.8,61.1,48.1,0.21,42.2,0.61,48.4,55.7,17,2.1,19,71.5,0.304,97.1,0.885,84.6,79.8,47,0.22,68.5,0.62,61.8,64.9,55,0.195,79.7,0.536,72.6,77,42.3,0.24,54.5,0.68,57.4,71.6,1,43.4,0.23,35,0.67,44.4,55.8,45.6,0.21,41.7,0.6,46.8,53.7,19,21,20,20,17,17,16,19,22,18,21,18,35,16,34.8,17.9,37.5,26,27.1,33.3,31.8,30.8,33.3,13.6,24,21.4,11.1,0,18.8,0,36,33.3,30.5
TOR,3.07,2.62,0.44,2.52,2.9,0.82,1.25,99,1.12,137,23.9,30.2,3.4,2.88,0.81,1.96,2.76,0.65,236,7.3,8.7,2.74,2.79,0.67,1.15,107,1.09,88,1.17,236,29.3,28.1,27.6,8.3,8.2,8.1,2.27,2.48,0.59,2.29,2.27,0.48,2.53,2.62,0.62,2.59,2.78,0.8,5.06,5.63,1.69,3.12,3.2,0.78,2.97,3.02,0.71,2.89,3.21,0.29,1,1.1,5.12,3.95,0.85,2.89,2.99,0.78,3.6,3.3,0.9,2.79,2.55,0.78,1.03,192,1.03,89,1.1,147,1.08,84,1.5,10,1.34,75,1.24,70,1.54,60,46.7,0.24,45.3,0.62,49,55,44.5,0.21,43.3,0.61,47.6,54.8,2.92,3.18,1.09,1.99,34,1.17,72,1.45,19,1.03,92,29.3,29.9,28.6,29.2,13.2,25.7,25.5,19.9,2.81,2.77,0.57,0.73,16,22.9,26.9,27.7,31.4,1,7.2,7.2,7.7,7.4,9.4,9.1,8.2,11,1.1,1.31,166,24.7,1.1,12.7,8.2,10.6,6.8,45.7,0.22,45,0.61,49.1,56.2,44.6,0.2,43.2,0.57,47.3,53.8,27,3.2,45.4,0.22,44.2,0.61,48.2,54.9,17,9,18,1.1,1.1,1.1,1.1,1.1,1.1,1.1,1,0.9,1.1,1.1,1.1,17,39.3,0.2,41.1,0.56,45.5,55,38,0.2,25.3,0.55,34.4,42.4,39.6,0.21,31.1,0.59,39,47.6,38.6,0.21,27.2,0.59,32.8,35.3,60.2,0.23,46.2,0.7,48,41.2,51.1,0.25,39.6,0.69,47.5,54.1,53.8,0.23,60.7,0.64,60.3,64.5,58.7,0.26,44.6,0.69,51.4,54,17,1.5,18,76,0.314,61,0.854,63.7,58,48.8,0.21,72.3,0.61,66,71.1,60.3,0.226,84.3,0.657,75.5,76.2,43,0.2,59.4,0.58,60.2,73.3,0.9,42.3,0.17,39,0.49,44.8,53.4,46,0.24,45.4,0.65,49,55.3,17,17,17,17,21,18,18,19,18,18,20,17,23,16,23.7,25,20.7,15,24.5,21,4.3,19,14.3,66.7,29,19.4,25.8,23.1,32.5,42.9,31.4,25,26.8
WSN,3.41,4.33,0.96,4.76,4.45,1.34,1.31,87,1.34,87,17.6,21.8,4.11,4.06,1.03,3.58,4.29,1.05,174,10.5,9.9,4.1,4.39,1.16,1.3,59,1.26,95,1.33,174,21,18.4,19.7,9.9,9.7,10.2,3.79,4.09,1.04,3.56,3.85,0.67,3.52,4.05,1,3.72,4.35,1.2,5.59,5.48,1.22,4.13,4.55,1.41,4.62,4.71,1.37,4.6,4.86,1.39,1.6,1.7,4.5,5.1,1.85,4.5,4.66,1.3,5.52,5.19,1.43,3.91,3.95,0.89,1.29,126,1.48,46,1.26,99,1.34,51,1.62,30,1.19,58,1.35,45,1.37,67,48.3,0.22,46.4,0.66,49.6,54.2,45.1,0.24,49.1,0.71,52.1,60.6,4.5,5.51,2.12,1.24,18,1.34,70,1.55,30,1.27,56,19.7,17.6,19.8,19.9,20.3,21.3,21.1,20.8,4.93,4.48,1.06,1.24,13,19.6,20,17.4,18.5,1.6,9.1,10.2,9.3,9.5,18,9.5,11.2,11.9,1.7,1.53,112,16.2,1.7,7.7,10.9,11.8,8.9,47.6,0.22,48,0.66,51.6,58.5,46.7,0.22,47.5,0.66,50.1,55.6,22,5.6,46.7,0.23,47.7,0.69,50.8,57.4,27,13.6,29,1.7,1.8,1.7,1.6,1.2,1.8,1.6,1.5,1.9,1.5,1.5,1.8,28,40.3,0.23,44.1,0.68,48.4,59.2,40.2,0.25,24.5,0.7,36.8,48.4,41.5,0.22,34.6,0.66,41.6,49.8,40,0.24,32.2,0.7,36.6,39.2,57.9,0.21,51.4,0.7,52.4,49.8,48.2,0.22,42.2,0.67,47.6,53.5,56.4,0.22,58.2,0.7,58.4,60,55,0.22,51.2,0.7,53.5,55,28,2.6,28,72.9,0.235,66.9,0.733,65,57.2,49.8,0.22,67.6,0.69,62.8,66.6,49.6,0.262,75.4,0.788,70.1,78.5,43,0.23,57.7,0.66,60.7,76.9,1.1,49.3,0.25,55.9,0.78,54.9,57.8,46.9,0.23,47.6,0.7,50.6,56.7,29,31,29,27,24,29,27,27,29,26,27,30,44,19,34.3,51,48.1,33.3,44.2,44.3,48.4,39.3,50,50,32,53.8,34.4,33.3,50,52.9,50,0,41.9
