team,appearances,overall_ERA,overall_FIP,overall_WHIP,overall_K_pct,overall_BB_pct,overall_HR9,overall_OPS_allowed,overall_AVG_allowed,overall_inherited_runners_scored_pct,overall_ABQ_allowed,overall_RCV_allowed,overall_OBR_allowed,overall_OSI_allowed,overall_apps,overall_ip_per_app,overall_pitches_per_app,vs_high_osi_ERA,vs_high_osi_FIP,vs_high_osi_WHIP,vs_high_osi_K_pct,vs_high_osi_BB_pct,vs_high_osi_HR9,vs_high_osi_OPS_allowed,vs_high_osi_AVG_allowed,vs_high_osi_inherited_runners_scored_pct,vs_high_osi_ABQ_allowed,vs_high_osi_RCV_allowed,vs_high_osi_OBR_allowed,vs_high_osi_OSI_allowed,vs_high_osi_apps,vs_high_osi_ip_per_app,vs_high_osi_pitches_per_app,vs_mid_osi_ERA,vs_mid_osi_FIP,vs_mid_osi_WHIP,vs_mid_osi_K_pct,vs_mid_osi_BB_pct,vs_mid_osi_HR9,vs_mid_osi_OPS_allowed,vs_mid_osi_AVG_allowed,vs_mid_osi_inherited_runners_scored_pct,vs_mid_osi_ABQ_allowed,vs_mid_osi_RCV_allowed,vs_mid_osi_OBR_allowed,vs_mid_osi_OSI_allowed,vs_mid_osi_apps,vs_mid_osi_ip_per_app,vs_mid_osi_pitches_per_app,vs_low_osi_ERA,vs_low_osi_FIP,vs_low_osi_WHIP,vs_low_osi_K_pct,vs_low_osi_BB_pct,vs_low_osi_HR9,vs_low_osi_OPS_allowed,vs_low_osi_AVG_allowed,vs_low_osi_inherited_runners_scored_pct,vs_low_osi_ABQ_allowed,vs_low_osi_RCV_allowed,vs_low_osi_OBR_allowed,vs_low_osi_OSI_allowed,vs_low_osi_apps,vs_low_osi_ip_per_app,vs_low_osi_pitches_per_app,vs_high_abq_ERA,vs_high_abq_FIP,vs_high_abq_WHIP,vs_high_abq_K_pct,vs_high_abq_BB_pct,vs_high_abq_HR9,vs_high_abq_OPS_allowed,vs_high_abq_AVG_allowed,vs_high_abq_inherited_runners_scored_pct,vs_high_abq_ABQ_allowed,vs_high_abq_RCV_allowed,vs_high_abq_OBR_allowed,vs_high_abq_OSI_allowed,vs_high_abq_apps,vs_high_abq_ip_per_app,vs_high_abq_pitches_per_app,vs_mid_abq_ERA,vs_mid_abq_FIP,vs_mid_abq_WHIP,vs_mid_abq_K_pct,vs_mid_abq_BB_pct,vs_mid_abq_HR9,vs_mid_abq_OPS_allowed,vs_mid_abq_AVG_allowed,vs_mid_abq_inherited_runners_scored_pct,vs_mid_abq_ABQ_allowed,vs_mid_abq_RCV_allowed,vs_mid_abq_OBR_allowed,vs_mid_abq_OSI_allowed,vs_mid_abq_apps,vs_mid_abq_ip_per_app,vs_mid_abq_pitches_per_app,vs_low_abq_ERA,vs_low_abq_FIP,vs_low_abq_WHIP,vs_low_abq_K_pct,vs_low_abq_BB_pct,vs_low_abq_HR9,vs_low_abq_OPS_allowed,vs_low_abq_AVG_allowed,vs_low_abq_inherited_runners_scored_pct,vs_low_abq_ABQ_allowed,vs_low_abq_RCV_allowed,vs_low_abq_OBR_allowed,vs_low_abq_OSI_allowed,vs_low_abq_apps,vs_low_abq_ip_per_app,vs_low_abq_pitches_per_app,vs_high_rcv_ERA,vs_high_rcv_FIP,vs_high_rcv_WHIP,vs_high_rcv_K_pct,vs_high_rcv_BB_pct,vs_high_rcv_HR9,vs_high_rcv_OPS_allowed,vs_high_rcv_AVG_allowed,vs_high_rcv_inherited_runners_scored_pct,vs_high_rcv_ABQ_allowed,vs_high_rcv_RCV_allowed,vs_high_rcv_OBR_allowed,vs_high_rcv_OSI_allowed,vs_high_rcv_apps,vs_high_rcv_ip_per_app,vs_high_rcv_pitches_per_app,vs_mid_rcv_ERA,vs_mid_rcv_FIP,vs_mid_rcv_WHIP,vs_mid_rcv_K_pct,vs_mid_rcv_BB_pct,vs_mid_rcv_HR9,vs_mid_rcv_OPS_allowed,vs_mid_rcv_AVG_allowed,vs_mid_rcv_inherited_runners_scored_pct,vs_mid_rcv_ABQ_allowed,vs_mid_rcv_RCV_allowed,vs_mid_rcv_OBR_allowed,vs_mid_rcv_OSI_allowed,vs_mid_rcv_apps,vs_mid_rcv_ip_per_app,vs_mid_rcv_pitches_per_app,vs_low_rcv_ERA,vs_low_rcv_FIP,vs_low_rcv_WHIP,vs_low_rcv_K_pct,vs_low_rcv_BB_pct,vs_low_rcv_HR9,vs_low_rcv_OPS_allowed,vs_low_rcv_AVG_allowed,vs_low_rcv_inherited_runners_scored_pct,vs_low_rcv_ABQ_allowed,vs_low_rcv_RCV_allowed,vs_low_rcv_OBR_allowed,vs_low_rcv_OSI_allowed,vs_low_rcv_apps,vs_low_rcv_ip_per_app,vs_low_rcv_pitches_per_app,vs_high_obr_ERA,vs_high_obr_FIP,vs_high_obr_WHIP,vs_high_obr_K_pct,vs_high_obr_BB_pct,vs_high_obr_HR9,vs_high_obr_OPS_allowed,vs_high_obr_AVG_allowed,vs_high_obr_inherited_runners_scored_pct,vs_high_obr_ABQ_allowed,vs_high_obr_RCV_allowed,vs_high_obr_OBR_allowed,vs_high_obr_OSI_allowed,vs_high_obr_apps,vs_high_obr_ip_per_app,vs_high_obr_pitches_per_app,vs_mid_obr_ERA,vs_mid_obr_FIP,vs_mid_obr_WHIP,vs_mid_obr_K_pct,vs_mid_obr_BB_pct,vs_mid_obr_HR9,vs_mid_obr_OPS_allowed,vs_mid_obr_AVG_allowed,vs_mid_obr_inherited_runners_scored_pct,vs_mid_obr_ABQ_allowed,vs_mid_obr_RCV_allowed,vs_mid_obr_OBR_allowed,vs_mid_obr_OSI_allowed,vs_mid_obr_apps,vs_mid_obr_ip_per_app,vs_mid_obr_pitches_per_app,vs_low_obr_ERA,vs_low_obr_FIP,vs_low_obr_WHIP,vs_low_obr_K_pct,vs_low_obr_BB_pct,vs_low_obr_HR9,vs_low_obr_OPS_allowed,vs_low_obr_AVG_allowed,vs_low_obr_inherited_runners_scored_pct,vs_low_obr_ABQ_allowed,vs_low_obr_RCV_allowed,vs_low_obr_OBR_allowed,vs_low_obr_OSI_allowed,vs_low_obr_apps,vs_low_obr_ip_per_app,vs_low_obr_pitches_per_app,vs_rhh_ERA,vs_rhh_FIP,vs_rhh_WHIP,vs_rhh_K_pct,vs_rhh_BB_pct,vs_rhh_HR9,vs_rhh_OPS_allowed,vs_rhh_AVG_allowed,vs_rhh_inherited_runners_scored_pct,vs_rhh_ABQ_allowed,vs_rhh_RCV_allowed,vs_rhh_OBR_allowed,vs_rhh_OSI_allowed,vs_rhh_apps,vs_rhh_ip_per_app,vs_rhh_pitches_per_app,vs_lhh_ERA,vs_lhh_FIP,vs_lhh_WHIP,vs_lhh_K_pct,vs_lhh_BB_pct,vs_lhh_HR9,vs_lhh_OPS_allowed,vs_lhh_AVG_allowed,vs_lhh_inherited_runners_scored_pct,vs_lhh_ABQ_allowed,vs_lhh_RCV_allowed,vs_lhh_OBR_allowed,vs_lhh_OSI_allowed,vs_lhh_apps,vs_lhh_ip_per_app,vs_lhh_pitches_per_app,home_ERA,home_FIP,home_WHIP,home_K_pct,home_BB_pct,home_HR9,home_OPS_allowed,home_AVG_allowed,home_inherited_runners_scored_pct,home_ABQ_allowed,home_RCV_allowed,home_OBR_allowed,home_OSI_allowed,home_apps,home_ip_per_app,home_pitches_per_app,away_ERA,away_FIP,away_WHIP,away_K_pct,away_BB_pct,away_HR9,away_OPS_allowed,away_AVG_allowed,away_inherited_runners_scored_pct,away_ABQ_allowed,away_RCV_allowed,away_OBR_allowed,away_OSI_allowed,away_apps,away_ip_per_app,away_pitches_per_app,high_leverage_ERA,high_leverage_FIP,high_leverage_WHIP,high_leverage_K_pct,high_leverage_BB_pct,high_leverage_HR9,high_leverage_OPS_allowed,high_leverage_AVG_allowed,high_leverage_inherited_runners_scored_pct,high_leverage_ABQ_allowed,high_leverage_RCV_allowed,high_leverage_OBR_allowed,high_leverage_OSI_allowed,high_leverage_apps,high_leverage_ip_per_app,high_leverage_pitches_per_app,low_leverage_ERA,low_leverage_FIP,low_leverage_WHIP,low_leverage_K_pct,low_leverage_BB_pct,low_leverage_HR9,low_leverage_OPS_allowed,low_leverage_AVG_allowed,low_leverage_inherited_runners_scored_pct,low_leverage_ABQ_allowed,low_leverage_RCV_allowed,low_leverage_OBR_allowed,low_leverage_OSI_allowed,low_leverage_apps,low_leverage_ip_per_app,low_leverage_pitches_per_app
ARI,355,3.19,3.46,1.09,22.6,8.1,0.84,0.596,0.206,25.4,45.9,57.4,52.2,52.4,355,1.0,16.0,2.95,3.78,1.12,22.0,9.0,0.95,0.614,0.206,21.9,63.3,71.1,84.4,74.4,85,1.0,16.0,3.99,3.37,1.09,24.1,7.1,0.94,0.611,0.213,33.3,44.6,65.8,51.1,54.6,114,1.0,15.0,2.73,3.35,1.08,21.9,8.3,0.7,0.575,0.2,22.2,37.3,43.9,35.5,38.9,156,1.0,16.0,2.7,3.28,1.11,24.8,8.4,0.79,0.611,0.213,26.1,69.4,68.1,85.8,75.5,58,1.0,16.0,4.17,3.95,1.17,19.9,8.6,0.98,0.636,0.217,36.4,54.8,61.9,56.3,57.9,66,1.1,17.0,3.0,3.34,1.06,23.0,7.8,0.8,0.579,0.2,22.1,37.4,53.5,42.6,45.1,231,1.0,15.0,2.93,3.25,1.06,23.2,7.4,0.78,0.585,0.205,22.2,44.0,75.5,56.0,59.8,141,1.0,15.0,4.15,3.97,1.23,21.9,9.6,1.04,0.656,0.221,33.3,52.3,57.4,58.6,56.6,116,1.0,15.0,2.5,3.18,0.98,22.7,7.3,0.69,0.544,0.189,20.0,41.0,31.5,39.2,37.0,98,1.1,16.0,3.82,3.94,1.17,20.4,8.7,1.0,0.634,0.215,27.8,56.3,64.7,73.9,66.3,134,1.0,16.0,2.73,3.27,1.02,25.5,7.7,0.88,0.576,0.196,12.5,41.4,57.9,47.5,49.6,112,1.0,15.0,2.89,3.05,1.07,22.5,7.7,0.58,0.569,0.204,33.3,37.7,48.0,30.4,38.4,109,1.0,16.0,2.04,3.19,0.85,23.2,7.6,0.68,0.483,0.16,16.7,43.6,54.8,50.2,50.2,126,1.1,15.0,3.97,3.64,1.2,21.6,8.1,0.92,0.647,0.227,36.2,48.2,60.3,54.4,54.9,178,1.0,16.0,2.82,3.64,1.04,21.5,8.0,0.91,0.58,0.196,15.4,45.9,58.2,53.4,53.2,175,1.0,15.0,3.57,3.27,1.15,23.7,8.2,0.77,0.612,0.216,36.8,45.9,56.7,51.0,51.7,180,1.0,16.0,3.18,3.29,1.08,22.5,8.1,0.71,0.579,0.202,21.7,45.5,57.4,52.1,52.3,261,0.9,14.0,5.23,4.39,1.39,18.0,9.0,1.16,0.734,0.256,60.0,45.0,59.2,47.9,51.1,18,1.7,27.0
ATH,273,4.43,3.88,1.42,24.1,10.0,1.09,0.717,0.248,37.6,44.6,55.0,47.0,49.2,273,1.3,23.0,3.5,3.16,1.12,33.7,9.1,1.17,0.632,0.206,0.0,54.2,71.6,78.2,69.9,36,1.3,22.0,4.45,3.96,1.36,22.4,9.1,1.13,0.706,0.245,41.7,46.7,64.5,51.2,54.8,108,1.4,24.0,4.68,4.02,1.57,23.1,11.1,1.04,0.75,0.262,42.4,40.1,42.3,34.8,38.7,129,1.2,22.0,5.4,2.98,1.44,27.5,5.5,1.08,0.774,0.291,46.2,72.0,59.1,68.9,66.3,19,1.3,23.0,3.26,4.2,1.52,20.4,12.3,0.89,0.724,0.25,37.9,58.1,53.7,47.9,52.5,48,1.3,22.0,4.6,3.89,1.4,24.6,9.9,1.14,0.71,0.243,36.4,38.9,54.9,44.8,46.8,206,1.3,23.0,4.56,4.02,1.28,27.7,9.7,1.42,0.69,0.223,40.0,40.8,72.8,56.1,58.1,91,1.3,22.0,4.37,3.92,1.48,21.7,9.6,1.01,0.742,0.264,31.8,51.9,58.8,52.4,54.5,83,1.4,24.0,4.35,3.71,1.51,22.8,10.8,0.84,0.72,0.256,40.4,41.9,35.4,34.1,36.5,99,1.2,21.0,4.54,3.97,1.45,26.3,10.2,1.27,0.747,0.255,23.3,47.5,57.7,63.1,57.3,102,1.3,24.0,3.12,3.66,1.11,22.2,8.6,0.92,0.592,0.199,37.0,46.7,58.4,47.7,51.2,75,1.3,20.0,5.36,3.97,1.64,23.2,10.9,1.04,0.777,0.276,50.0,39.8,49.4,29.4,39.0,96,1.3,23.0,3.86,3.59,1.37,25.6,11.0,0.88,0.675,0.231,35.5,43.4,52.7,44.3,47.0,130,1.3,21.0,4.83,3.94,1.37,23.4,9.1,1.17,0.711,0.245,34.0,46.4,58.6,52.4,53.1,90,1.4,23.0,5.78,4.54,1.59,22.7,9.1,1.57,0.814,0.281,39.2,45.5,57.1,49.9,51.3,150,1.3,23.0,2.77,3.07,1.22,26.0,11.3,0.51,0.585,0.201,35.5,43.5,52.3,43.5,46.6,123,1.3,22.0,4.75,3.87,1.48,25.8,10.9,1.12,0.726,0.248,33.0,43.4,53.9,45.9,48.1,166,1.1,19.0,5.28,3.97,1.35,21.7,8.1,1.17,0.72,0.253,50.0,43.5,62.0,51.4,53.1,27,1.7,29.0
ATL,276,2.55,2.8,1.02,26.3,6.7,0.69,0.566,0.203,24.5,45.3,56.5,50.8,51.4,276,1.2,19.0,1.79,3.1,1.01,25.9,8.9,0.69,0.541,0.182,23.8,57.6,73.3,78.6,71.5,54,1.2,19.0,2.93,2.69,1.07,27.0,6.7,0.66,0.587,0.214,22.2,43.7,66.8,51.9,55.1,99,1.2,20.0,2.58,2.76,0.98,25.8,5.6,0.71,0.558,0.202,26.4,41.1,40.9,37.6,39.6,123,1.1,18.0,1.95,3.07,1.21,16.7,7.6,0.28,0.615,0.238,35.7,70.2,64.2,80.3,72.1,26,1.2,19.0,1.68,2.63,0.79,25.6,5.8,0.56,0.462,0.162,11.1,57.0,60.1,54.1,56.9,48,1.3,20.0,2.88,2.81,1.05,27.8,6.8,0.78,0.586,0.208,24.1,39.3,54.7,46.1,47.4,202,1.1,19.0,2.25,3.29,0.9,26.2,6.2,1.05,0.541,0.179,25.0,42.6,76.4,57.7,60.5,96,1.2,19.0,2.9,2.21,1.11,27.7,7.8,0.26,0.574,0.218,24.2,50.8,58.1,56.9,55.8,84,1.2,20.0,2.56,2.82,1.05,25.1,6.1,0.68,0.585,0.214,24.3,43.1,35.3,38.4,38.5,96,1.1,18.0,2.33,3.02,1.07,26.6,8.0,0.75,0.582,0.202,23.8,51.0,64.0,66.6,61.8,109,1.2,19.0,2.85,2.53,0.98,27.1,5.4,0.64,0.555,0.204,34.5,43.2,59.7,47.7,50.8,81,1.2,20.0,2.56,2.78,0.99,25.1,6.2,0.64,0.555,0.201,17.9,39.9,44.1,33.5,38.8,86,1.1,17.0,2.79,2.86,0.98,26.8,6.5,0.77,0.557,0.196,15.0,45.6,56.1,50.9,51.4,129,1.2,19.0,2.16,2.58,1.0,25.3,6.9,0.45,0.541,0.199,27.8,45.1,58.4,51.6,52.3,102,1.2,19.0,2.5,2.84,1.03,24.6,6.9,0.6,0.568,0.206,17.0,47.3,55.2,51.1,51.6,148,1.2,19.0,2.62,2.75,1.0,28.3,6.4,0.79,0.564,0.199,30.2,42.9,58.1,50.3,51.2,128,1.2,19.0,2.88,2.77,1.08,25.9,7.1,0.62,0.585,0.212,12.9,46.0,55.8,51.4,51.6,179,1.0,17.0,2.15,3.71,0.88,24.1,3.4,1.43,0.595,0.2,63.6,45.1,57.8,47.1,50.3,16,2.4,38.0
BAL,333,3.5,3.22,1.16,24.3,8.3,0.78,0.602,0.211,28.1,48.8,57.8,47.7,51.5,333,1.0,15.0,4.5,3.45,1.13,25.9,6.3,1.17,0.651,0.226,52.4,51.3,76.6,78.5,71.0,47,1.0,16.0,3.55,3.18,1.18,23.9,8.1,0.74,0.611,0.217,23.1,53.1,62.5,48.4,54.5,172,1.0,16.0,2.98,3.19,1.12,24.3,9.3,0.66,0.567,0.195,25.5,41.3,43.1,33.9,39.0,114,1.0,15.0,3.3,2.75,1.08,22.5,7.5,0.39,0.559,0.208,34.8,75.3,57.2,53.0,60.1,49,0.9,15.0,3.72,4.09,1.14,25.1,7.8,1.46,0.651,0.211,38.5,57.5,55.6,47.0,52.6,73,0.9,15.0,3.47,3.05,1.18,24.5,8.6,0.64,0.596,0.212,23.7,39.6,58.7,46.7,49.1,211,1.0,16.0,3.66,2.53,1.16,27.7,7.1,0.6,0.597,0.22,25.9,43.0,74.0,57.2,59.5,122,1.0,16.0,3.29,3.72,1.17,21.9,9.1,0.91,0.61,0.207,27.6,57.0,56.9,48.2,53.4,132,1.0,16.0,3.58,3.47,1.14,22.9,8.6,0.84,0.598,0.206,33.3,44.1,34.5,32.1,36.0,79,1.0,15.0,3.39,3.24,0.98,26.0,6.0,1.04,0.577,0.197,33.3,48.5,62.1,65.2,59.9,100,1.0,16.0,3.14,3.1,1.17,24.8,8.7,0.69,0.595,0.21,20.7,46.3,60.8,48.0,52.0,121,1.0,16.0,4.02,3.34,1.31,22.2,9.9,0.61,0.634,0.226,32.7,51.8,50.8,31.8,43.5,112,0.9,15.0,3.17,3.05,1.01,25.1,7.2,0.78,0.552,0.192,22.4,46.8,54.8,44.9,48.8,133,1.0,15.0,4.17,3.18,1.24,25.7,9.2,0.76,0.622,0.218,28.9,49.4,61.5,50.6,54.1,141,1.0,17.0,3.43,2.79,1.11,24.6,7.2,0.58,0.579,0.212,25.0,48.8,56.4,46.1,50.4,156,1.0,15.0,3.56,3.62,1.2,24.0,9.2,0.96,0.623,0.211,30.5,48.8,59.1,49.0,52.5,177,1.0,16.0,3.91,3.41,1.24,24.5,8.8,0.88,0.635,0.221,30.7,49.6,58.4,47.4,51.8,242,0.9,14.0,2.66,2.31,1.13,30.1,8.4,0.44,0.576,0.211,0.0,47.3,58.6,55.4,54.5,14,1.5,23.0
BOS,290,2.1,2.87,1.02,26.4,7.7,0.66,0.552,0.193,34.7,47.3,57.9,48.1,51.3,290,1.2,19.0,3.71,4.08,1.41,21.4,12.1,0.88,0.677,0.228,42.1,53.7,72.5,80.2,70.9,46,1.1,19.0,1.54,2.23,0.9,28.3,6.8,0.37,0.483,0.176,35.4,48.0,65.6,50.3,55.1,137,1.2,19.0,2.21,3.22,1.03,26.1,7.1,0.94,0.586,0.201,29.0,43.7,41.8,31.6,38.2,107,1.3,19.0,0.91,2.65,1.01,22.6,8.4,0.23,0.515,0.19,18.2,73.2,59.4,63.8,64.6,36,1.1,16.0,2.99,3.68,1.13,24.1,8.3,1.07,0.618,0.207,61.9,58.3,48.0,39.0,47.0,65,1.3,20.0,1.98,2.61,0.99,27.9,7.4,0.58,0.533,0.188,28.8,38.6,61.0,48.3,50.3,189,1.2,19.0,2.21,2.56,1.06,26.7,8.5,0.41,0.538,0.194,36.4,41.8,73.1,58.2,59.3,122,1.3,20.0,1.54,2.88,0.95,27.4,7.6,0.72,0.527,0.18,30.0,56.9,58.0,51.6,55.2,81,1.1,17.0,2.39,3.29,1.03,25.3,6.9,0.96,0.589,0.202,37.5,46.0,36.5,30.8,36.6,87,1.3,20.0,2.56,3.08,1.18,24.5,9.7,0.56,0.592,0.209,30.8,48.4,68.9,68.4,63.5,90,1.3,20.0,2.15,2.92,0.97,29.3,8.8,0.77,0.522,0.171,50.0,45.5,61.1,48.0,52.0,99,1.2,19.0,1.65,2.63,0.93,25.5,4.9,0.65,0.541,0.199,27.3,48.1,45.0,30.2,39.9,101,1.2,18.0,1.89,2.76,1.02,28.3,8.1,0.66,0.548,0.19,31.9,48.2,54.2,44.9,49.0,151,1.3,20.0,1.63,2.35,0.91,23.8,7.3,0.16,0.474,0.178,33.3,45.5,62.7,53.1,54.6,93,1.2,18.0,2.38,2.81,1.11,26.9,9.1,0.55,0.568,0.2,41.1,48.2,59.4,47.1,51.7,145,1.3,20.0,1.81,2.93,0.93,25.9,6.3,0.78,0.534,0.186,26.2,46.3,56.4,49.2,51.0,145,1.2,18.0,1.48,2.53,0.99,29.1,8.9,0.46,0.51,0.177,41.1,47.1,58.3,48.7,51.6,199,1.0,15.0,1.7,3.32,0.97,22.1,7.6,0.73,0.543,0.187,40.0,46.2,59.6,45.4,50.6,14,2.6,36.0
CHC,301,3.57,3.97,1.24,24.4,9.4,1.21,0.668,0.221,22.1,43.8,55.9,48.0,49.7,301,1.2,20.0,2.13,3.2,1.18,23.3,8.1,0.71,0.621,0.223,9.1,58.9,71.9,79.7,71.8,38,1.3,22.0,3.43,4.3,1.29,25.2,10.8,1.36,0.684,0.218,26.1,43.5,68.4,51.0,55.2,113,1.1,18.0,4.07,3.97,1.22,24.1,8.7,1.24,0.67,0.224,21.4,40.1,42.4,37.6,39.9,150,1.2,20.0,3.67,4.62,1.07,24.5,9.1,1.67,0.639,0.19,11.1,70.6,62.7,77.6,70.6,25,1.1,17.0,4.55,3.8,1.36,20.1,8.1,0.96,0.703,0.253,31.8,57.4,52.8,44.0,50.4,49,1.3,22.0,3.32,3.95,1.22,25.5,9.7,1.22,0.662,0.216,20.7,37.9,55.8,45.5,47.2,227,1.2,19.0,3.19,4.3,1.3,24.6,10.4,1.36,0.691,0.223,22.0,40.3,75.3,53.8,57.9,114,1.2,20.0,3.22,3.61,1.19,24.1,9.6,0.91,0.632,0.214,28.1,49.3,55.2,51.7,52.3,90,1.2,19.0,4.33,3.94,1.21,24.5,8.0,1.32,0.674,0.226,17.5,42.8,33.7,37.6,37.5,97,1.2,20.0,2.49,3.68,1.18,23.9,8.8,1.02,0.635,0.215,24.0,52.2,67.9,70.1,64.8,65,1.2,20.0,3.64,4.11,1.28,23.7,9.8,1.23,0.678,0.224,23.2,41.6,57.0,47.9,49.5,149,1.2,20.0,4.3,3.98,1.22,26.0,9.1,1.31,0.676,0.222,18.8,41.1,45.0,31.6,38.7,87,1.2,20.0,4.01,4.09,1.25,23.8,8.8,1.3,0.682,0.227,31.9,42.2,54.7,46.1,48.1,147,1.2,20.0,2.86,3.59,1.17,25.7,10.2,0.93,0.613,0.202,11.3,46.5,56.5,49.9,51.4,106,1.2,20.0,3.94,4.24,1.29,25.5,10.5,1.37,0.687,0.22,25.9,43.3,55.4,48.0,49.4,159,1.1,19.0,3.2,3.71,1.18,23.3,8.2,1.05,0.649,0.223,18.2,44.3,56.4,47.9,50.0,142,1.3,21.0,3.26,3.95,1.24,26.0,10.3,1.2,0.664,0.216,19.7,43.5,56.9,47.7,49.8,214,1.0,16.0,1.95,3.4,0.92,19.6,6.8,0.73,0.507,0.174,50.0,42.7,51.1,50.6,48.8,19,1.9,28.0
CHW,295,3.22,3.43,1.24,23.1,9.4,0.75,0.636,0.223,27.7,48.4,55.0,48.9,50.9,295,1.5,25.0,4.0,3.89,1.36,21.9,11.5,0.82,0.672,0.23,25.0,55.3,69.8,80.0,70.3,52,1.7,27.0,2.54,2.89,1.06,24.5,7.3,0.61,0.57,0.206,29.3,49.7,61.6,49.8,53.9,127,1.5,23.0,3.58,3.79,1.38,22.3,10.5,0.87,0.686,0.239,27.0,43.8,41.3,33.8,38.9,116,1.5,26.0,4.64,3.8,1.58,23.8,12.2,0.82,0.747,0.264,14.3,72.7,59.7,66.4,65.6,24,1.4,25.0,2.3,3.3,1.21,21.8,10.0,0.53,0.593,0.209,22.7,57.4,52.6,50.0,52.8,94,1.6,26.0,3.57,3.45,1.22,23.8,8.6,0.87,0.646,0.226,31.4,40.3,55.7,45.9,47.9,177,1.5,24.0,3.08,3.37,1.1,22.4,7.6,0.8,0.607,0.214,43.2,43.3,70.6,56.2,58.0,98,1.7,27.0,3.63,3.29,1.32,24.7,10.1,0.7,0.647,0.228,24.4,56.9,57.9,57.2,57.3,94,1.4,23.0,3.04,3.61,1.33,22.6,10.6,0.75,0.657,0.229,20.0,45.4,37.7,34.3,38.3,103,1.5,25.0,3.46,3.51,1.29,22.8,10.4,0.7,0.641,0.224,32.5,49.6,60.8,66.6,60.3,110,1.6,26.0,2.4,2.82,1.03,23.7,6.7,0.56,0.558,0.204,32.6,49.1,57.4,47.4,51.3,84,1.5,23.0,3.65,3.86,1.37,23.0,10.3,0.97,0.693,0.239,20.4,46.5,46.9,30.7,40.3,101,1.5,25.0,3.21,3.68,1.24,23.2,9.5,0.91,0.654,0.225,36.1,45.9,54.9,46.5,49.3,159,1.6,25.0,3.35,3.46,1.28,22.4,10.4,0.66,0.624,0.218,16.2,52.2,56.9,52.9,54.1,89,1.5,25.0,2.79,3.21,1.15,22.6,8.9,0.6,0.585,0.207,21.6,49.1,56.1,50.4,52.1,163,1.6,25.0,3.77,3.71,1.36,23.7,9.9,0.94,0.699,0.244,34.9,47.5,53.7,46.9,49.4,132,1.5,25.0,2.4,2.87,1.16,25.6,9.8,0.46,0.578,0.206,24.6,47.4,55.0,48.5,50.5,163,1.2,19.0,6.59,5.73,1.57,25.6,12.0,2.3,0.837,0.255,0.0,49.2,56.4,46.7,50.7,15,1.8,34.0
CIN,334,3.85,4.29,1.27,22.8,10.9,1.2,0.653,0.209,27.5,45.3,57.2,50.4,51.5,334,1.0,17.0,5.94,4.97,1.29,22.8,9.4,1.81,0.732,0.23,31.2,59.1,66.0,78.0,69.1,65,1.1,17.0,3.88,4.08,1.29,23.9,10.5,1.16,0.659,0.216,21.8,43.1,69.4,50.8,55.4,122,1.0,17.0,2.87,4.14,1.24,21.9,12.0,0.96,0.611,0.194,30.3,41.1,43.3,37.8,40.5,147,1.0,17.0,3.65,3.38,0.93,23.7,9.3,0.73,0.498,0.159,9.1,71.3,55.2,70.0,65.1,25,1.0,15.0,5.67,5.54,1.45,19.9,11.5,1.85,0.764,0.237,45.0,57.1,57.8,61.0,58.9,84,1.0,18.0,3.17,3.91,1.23,23.8,10.9,1.0,0.624,0.203,22.5,38.1,57.3,44.2,47.2,225,1.0,17.0,4.43,3.96,1.29,25.0,9.1,1.27,0.696,0.234,29.8,37.5,76.7,49.6,56.0,107,1.1,18.0,3.88,4.43,1.25,22.3,11.8,1.2,0.625,0.193,21.5,52.3,57.3,59.6,57.0,133,1.0,16.0,3.13,4.5,1.27,20.8,12.0,1.14,0.639,0.201,34.1,44.4,35.0,38.1,38.6,94,1.0,17.0,4.63,4.67,1.27,22.4,9.8,1.54,0.692,0.22,26.7,53.0,60.8,67.9,61.7,113,1.0,17.0,3.95,4.35,1.39,22.2,12.9,1.04,0.661,0.212,29.4,42.3,63.1,47.7,51.7,124,1.0,18.0,2.82,3.78,1.12,24.0,9.8,1.0,0.595,0.193,26.2,40.4,45.5,33.3,39.4,97,1.0,16.0,3.12,3.98,1.23,22.6,11.3,0.95,0.612,0.198,32.4,46.1,57.3,52.6,52.6,159,1.0,17.0,5.03,4.38,1.33,24.6,11.3,1.35,0.683,0.217,22.4,44.1,58.2,48.0,50.6,119,1.0,17.0,3.61,4.54,1.27,23.1,11.8,1.31,0.648,0.199,32.0,44.6,56.5,49.6,50.8,162,1.0,17.0,4.08,4.06,1.27,22.5,10.1,1.1,0.658,0.219,25.2,46.1,57.9,51.0,52.2,172,1.0,17.0,4.05,4.29,1.27,22.7,10.4,1.24,0.657,0.212,26.5,45.6,56.8,50.3,51.4,244,0.9,15.0,3.21,3.69,1.13,20.9,9.4,0.8,0.587,0.198,40.0,40.6,60.6,47.9,50.5,22,1.5,25.0
CLE,358,2.98,3.24,1.15,27.2,9.1,0.88,0.595,0.201,21.3,44.2,57.0,47.2,49.9,358,1.0,16.0,3.32,3.25,1.18,29.0,7.7,1.11,0.653,0.224,12.5,53.3,71.2,79.5,70.0,40,1.0,18.0,3.14,3.54,1.16,26.4,9.1,1.05,0.614,0.204,17.9,46.9,65.2,49.9,54.5,182,0.9,15.0,2.67,2.85,1.11,27.8,9.6,0.6,0.553,0.189,30.4,37.8,41.8,34.2,37.8,136,1.0,16.0,4.95,5.2,1.35,19.3,9.1,1.8,0.741,0.238,9.1,72.9,58.9,65.1,64.9,23,0.9,15.0,3.36,3.13,1.17,28.1,6.8,1.07,0.64,0.224,30.8,59.5,52.8,49.3,53.1,55,1.1,17.0,2.75,3.12,1.13,27.7,9.7,0.77,0.573,0.192,21.5,38.8,57.7,45.4,48.0,280,1.0,16.0,2.73,2.87,1.12,28.7,8.9,0.71,0.58,0.2,19.7,40.8,72.8,52.9,56.8,143,1.0,16.0,3.58,4.13,1.24,23.6,8.5,1.36,0.667,0.22,20.3,53.1,57.1,52.4,54.2,112,0.9,15.0,2.71,2.83,1.09,29.1,10.1,0.61,0.538,0.18,25.6,39.0,35.0,33.7,35.5,103,1.0,16.0,3.46,3.3,1.16,30.3,8.3,1.19,0.629,0.209,28.9,48.6,63.7,64.4,60.2,99,0.9,16.0,3.29,3.59,1.22,23.7,10.3,0.82,0.606,0.204,15.6,44.6,60.0,48.0,51.3,155,1.0,16.0,2.09,2.67,1.03,30.0,8.2,0.7,0.547,0.188,25.6,39.2,46.1,29.8,37.9,104,1.0,16.0,2.61,2.75,1.02,28.4,8.6,0.64,0.525,0.179,20.9,44.0,55.0,44.6,48.1,152,1.0,16.0,3.02,3.44,1.14,26.9,8.9,1.01,0.62,0.208,23.7,44.1,58.8,49.4,51.4,141,1.0,15.0,3.29,3.14,1.21,26.8,9.4,0.77,0.614,0.213,21.6,43.9,58.2,47.1,50.2,183,1.0,16.0,2.67,3.34,1.08,27.7,8.8,0.99,0.575,0.188,21.1,44.4,55.8,47.4,49.6,175,1.0,16.0,3.21,3.2,1.15,29.5,9.2,0.97,0.604,0.201,22.6,44.4,56.9,47.3,49.9,259,0.9,15.0,1.62,2.5,1.08,27.5,7.2,0.54,0.558,0.203,0.0,42.0,56.3,45.5,48.4,10,1.7,28.0
COL,275,4.72,3.79,1.44,19.9,9.0,0.87,0.717,0.26,29.1,48.6,59.2,51.3,53.4,275,1.2,21.0,6.22,4.67,1.67,19.7,11.0,1.29,0.806,0.281,38.5,61.7,73.5,82.9,74.3,68,1.1,19.0,4.58,3.74,1.33,20.0,8.8,0.85,0.68,0.243,21.2,48.2,63.4,50.3,54.4,86,1.2,21.0,4.09,3.4,1.39,19.9,8.1,0.67,0.696,0.26,31.5,41.4,48.3,34.2,40.9,121,1.3,22.0,7.25,5.14,1.66,17.4,8.7,1.7,0.834,0.29,47.1,70.1,67.7,82.5,74.2,45,1.3,22.0,4.5,3.9,1.5,18.4,11.3,0.64,0.707,0.255,25.0,56.5,57.5,51.9,55.0,83,1.2,21.0,4.04,3.31,1.33,21.5,7.9,0.72,0.682,0.252,27.6,37.5,57.6,41.4,46.1,147,1.3,21.0,5.35,3.84,1.5,19.2,8.7,0.89,0.741,0.272,28.9,46.0,77.4,58.6,62.0,92,1.2,20.0,4.48,3.9,1.42,21.0,10.8,0.84,0.695,0.243,22.8,51.8,59.1,55.9,56.0,106,1.2,21.0,4.34,3.6,1.39,19.2,7.1,0.87,0.717,0.267,36.7,47.2,37.7,36.3,39.5,77,1.3,22.0,4.95,4.26,1.5,20.0,10.2,1.09,0.748,0.262,31.2,55.8,67.2,73.0,66.7,106,1.2,20.0,4.9,3.99,1.38,19.4,8.5,1.02,0.713,0.254,21.6,47.1,55.0,46.7,49.7,77,1.3,22.0,4.34,3.16,1.42,20.0,8.1,0.51,0.689,0.262,34.6,41.4,53.6,30.1,41.2,92,1.3,22.0,3.97,3.73,1.39,20.9,8.3,0.94,0.723,0.262,26.3,49.9,55.3,51.8,52.5,105,1.4,22.0,5.67,3.75,1.48,19.0,9.9,0.7,0.711,0.26,23.2,48.8,62.4,52.8,55.2,116,1.1,19.0,5.07,4.01,1.37,20.8,7.3,1.23,0.728,0.258,31.0,50.2,58.3,52.1,53.8,130,1.4,22.0,4.35,3.56,1.51,18.8,10.8,0.48,0.704,0.261,27.5,47.1,60.1,50.5,53.0,145,1.2,20.0,4.69,3.51,1.45,21.4,8.9,0.78,0.712,0.261,33.0,48.6,59.5,52.3,53.9,173,1.0,17.0,4.7,4.65,1.25,15.3,6.0,1.43,0.732,0.256,20.0,54.4,57.6,59.3,57.5,14,3.1,47.0
DET,309,3.28,4.23,1.23,23.3,9.9,1.27,0.669,0.217,20.9,46.6,57.0,49.1,51.2,309,1.1,18.0,3.3,3.79,1.29,25.8,11.6,0.97,0.646,0.211,16.7,55.6,71.9,83.0,72.3,43,1.1,18.0,3.14,4.18,1.23,22.7,9.7,1.22,0.675,0.222,17.1,47.9,64.2,50.5,54.7,138,1.1,18.0,3.44,4.43,1.2,23.1,9.5,1.43,0.671,0.213,28.3,42.1,44.2,36.0,40.4,128,1.1,17.0,2.15,3.65,1.16,17.8,12.7,0.31,0.545,0.184,6.2,72.3,63.7,70.2,68.4,27,1.1,18.0,3.53,4.43,1.26,19.5,8.6,1.31,0.703,0.237,40.0,58.6,50.7,48.9,52.0,80,1.1,17.0,3.33,4.22,1.22,25.5,10.1,1.38,0.671,0.213,18.3,38.4,58.6,46.3,48.6,202,1.1,18.0,3.12,3.8,1.23,27.3,11.3,1.09,0.632,0.201,11.1,41.5,74.1,58.8,59.8,103,1.1,19.0,3.39,4.62,1.24,19.5,8.5,1.43,0.711,0.236,31.9,53.0,57.6,51.8,54.2,111,1.1,17.0,3.33,4.26,1.21,23.1,9.8,1.28,0.662,0.213,21.2,44.5,37.7,35.3,38.4,95,1.1,17.0,3.3,4.26,1.37,22.7,13.6,0.94,0.673,0.217,15.4,49.0,61.6,69.5,61.6,86,1.1,19.0,3.99,4.52,1.3,24.7,8.6,1.68,0.737,0.24,24.6,46.7,60.1,48.5,52.1,120,1.1,17.0,2.48,3.88,1.03,22.2,8.2,1.09,0.585,0.19,20.6,44.4,49.5,32.7,41.5,103,1.1,17.0,4.06,4.71,1.29,20.6,8.6,1.56,0.723,0.238,27.1,44.6,56.0,48.3,50.0,131,1.1,18.0,2.75,3.59,1.07,25.2,9.0,0.99,0.596,0.196,4.8,48.5,58.8,49.1,52.4,121,1.1,16.0,2.97,4.19,1.2,20.8,9.6,1.13,0.647,0.213,20.8,48.6,57.6,49.6,52.1,160,1.1,17.0,3.61,4.27,1.25,26.0,10.2,1.42,0.693,0.221,21.0,44.4,56.4,48.5,50.3,149,1.1,18.0,3.36,4.63,1.29,23.5,11.3,1.44,0.697,0.218,17.0,46.8,58.3,50.4,52.3,207,1.0,16.0,4.97,3.26,1.26,25.0,9.6,0.71,0.659,0.234,0.0,52.3,41.7,47.8,46.8,8,1.6,28.0
HOU,313,3.09,3.4,1.08,26.7,9.0,0.95,0.589,0.195,18.2,42.8,55.3,44.6,47.9,313,1.2,19.0,4.79,4.29,1.31,20.0,10.3,1.09,0.683,0.229,23.5,51.4,73.1,78.6,69.9,37,1.1,18.0,3.32,3.32,1.17,29.3,8.9,1.07,0.632,0.211,27.3,44.8,65.5,51.6,54.7,135,1.1,19.0,2.49,3.25,0.96,26.1,8.7,0.81,0.527,0.171,10.0,38.6,40.9,28.9,35.5,141,1.3,20.0,1.93,2.94,0.7,31.9,7.2,0.96,0.431,0.125,0.0,72.6,60.8,67.2,66.3,13,1.4,22.0,3.13,3.32,1.04,24.0,7.8,0.82,0.581,0.2,42.9,57.1,51.0,43.9,49.7,46,1.2,19.0,3.15,3.44,1.11,26.9,9.3,0.97,0.599,0.198,15.1,38.7,55.8,43.5,46.6,254,1.2,19.0,3.48,3.23,1.18,28.9,8.9,0.99,0.63,0.213,24.0,40.8,72.1,54.5,57.2,122,1.1,19.0,3.39,3.8,1.18,23.6,9.1,1.05,0.64,0.215,33.3,52.0,57.6,55.3,55.3,67,1.1,19.0,2.59,3.34,0.95,26.3,9.0,0.86,0.524,0.167,7.5,39.7,37.6,29.0,34.7,124,1.3,20.0,3.26,3.89,1.16,26.9,9.0,1.31,0.652,0.211,14.7,46.8,63.2,64.0,59.4,97,1.1,18.0,3.78,3.17,1.19,26.8,9.1,0.81,0.616,0.213,34.3,42.5,63.6,49.2,52.6,90,1.1,19.0,2.53,3.2,0.96,26.5,8.9,0.79,0.525,0.171,9.6,39.9,43.3,26.3,35.6,126,1.3,20.0,2.44,2.92,0.89,29.2,7.9,0.81,0.501,0.163,12.7,41.6,53.0,40.9,45.3,144,1.2,18.0,3.16,3.55,1.16,24.6,10.0,0.86,0.609,0.204,23.1,42.8,60.1,47.9,50.9,116,1.2,20.0,2.79,3.11,0.98,31.2,9.1,0.96,0.543,0.171,16.3,43.9,55.3,44.8,48.2,151,1.2,19.0,3.36,3.66,1.18,22.7,8.9,0.93,0.629,0.215,19.2,41.8,55.3,44.3,47.5,162,1.2,19.0,3.05,3.27,1.05,28.6,10.2,0.87,0.556,0.178,5.2,43.1,55.2,45.1,48.1,191,1.0,17.0,2.14,3.28,0.86,23.3,7.0,0.8,0.502,0.167,75.0,45.9,53.1,50.3,50.2,18,1.9,30.0
KCR,295,3.87,4.13,1.28,20.6,10.3,1.02,0.666,0.224,31.6,45.6,57.6,46.9,50.3,295,1.1,18.0,2.79,4.0,1.19,23.5,10.2,1.07,0.67,0.221,43.8,56.8,72.5,79.9,71.5,38,1.1,18.0,3.75,4.17,1.19,20.5,9.8,1.07,0.641,0.211,32.6,45.9,66.1,49.3,54.3,140,1.1,17.0,4.36,4.14,1.4,19.8,10.9,0.93,0.693,0.239,25.0,41.5,42.6,33.2,38.6,117,1.1,18.0,1.72,3.2,1.12,21.7,11.7,0.29,0.565,0.198,40.0,72.5,61.2,68.2,66.8,25,1.3,19.0,3.54,3.77,1.16,18.1,8.8,0.74,0.616,0.216,33.3,56.5,52.6,47.3,51.5,54,1.1,19.0,4.25,4.36,1.33,21.1,10.5,1.19,0.691,0.229,31.0,39.7,58.4,44.3,48.1,216,1.0,18.0,4.17,4.36,1.26,21.0,10.1,1.21,0.675,0.221,36.5,43.2,71.1,53.3,57.0,142,1.0,17.0,1.96,3.71,0.96,21.2,8.0,0.91,0.561,0.185,28.6,55.0,56.6,54.3,55.3,59,1.2,18.0,4.72,4.1,1.52,19.6,11.9,0.8,0.715,0.251,24.0,43.3,37.8,32.5,37.0,94,1.1,19.0,2.64,3.71,1.19,23.7,10.2,0.88,0.644,0.217,41.9,50.1,63.6,64.7,60.6,92,1.1,18.0,4.42,4.44,1.25,20.5,9.9,1.26,0.666,0.217,29.7,42.3,63.9,47.2,51.8,100,1.0,16.0,4.46,4.25,1.37,18.2,10.7,0.92,0.684,0.235,23.3,44.7,46.1,30.7,39.6,103,1.1,19.0,2.93,3.62,1.12,20.6,9.8,0.69,0.588,0.2,32.5,43.8,55.9,43.8,48.0,112,1.0,16.0,5.12,4.49,1.4,19.4,10.4,1.19,0.718,0.243,36.0,47.1,58.1,49.3,51.8,127,1.1,19.0,3.42,4.03,1.18,21.6,10.6,0.97,0.614,0.2,31.5,45.4,58.5,47.3,50.7,149,1.1,18.0,4.3,4.24,1.37,19.7,10.1,1.06,0.715,0.246,31.8,45.8,56.7,46.5,49.9,146,1.1,18.0,3.63,4.0,1.23,20.9,9.6,1.0,0.646,0.218,34.3,45.0,58.2,47.2,50.5,196,1.0,16.0,4.18,4.21,1.24,23.3,8.3,1.39,0.711,0.238,28.6,49.2,53.1,49.0,50.5,22,1.5,23.0
LAA,174,4.12,4.07,1.39,23.8,9.6,1.23,0.724,0.247,44.4,46.6,54.4,45.1,48.7,174,1.3,21.0,2.86,3.37,1.18,24.7,9.0,0.82,0.638,0.222,75.0,61.2,70.5,83.3,73.3,17,1.3,21.0,4.2,4.36,1.39,22.8,9.6,1.37,0.74,0.249,30.4,47.9,64.3,50.9,54.8,65,1.5,26.0,4.32,3.94,1.45,24.6,9.8,1.19,0.726,0.25,46.3,43.1,44.4,34.0,39.9,92,1.1,19.0,3.38,4.16,1.4,21.9,12.5,0.92,0.673,0.223,42.9,72.1,61.6,70.3,67.7,18,1.6,27.0,4.98,4.29,1.36,21.4,8.5,1.34,0.742,0.255,66.7,57.1,49.0,42.2,48.3,34,1.4,22.0,3.98,3.98,1.41,25.0,9.4,1.26,0.729,0.249,36.2,40.0,54.8,42.2,46.1,122,1.2,20.0,4.04,3.8,1.36,24.6,9.0,1.14,0.732,0.255,40.0,43.2,71.0,58.6,59.1,51,1.4,23.0,3.8,4.27,1.42,22.9,10.3,1.27,0.71,0.238,50.0,52.0,58.8,49.9,53.5,52,1.4,23.0,4.48,4.13,1.4,24.0,9.6,1.3,0.731,0.248,45.7,45.1,39.2,31.9,37.8,71,1.1,19.0,2.64,3.18,1.24,24.8,8.7,0.73,0.649,0.233,38.9,49.0,62.5,65.9,60.5,47,1.3,22.0,4.38,4.82,1.31,21.5,9.6,1.61,0.738,0.238,42.9,46.1,60.5,47.6,51.7,42,1.5,24.0,4.89,4.16,1.55,24.5,10.2,1.32,0.76,0.261,47.5,45.6,46.8,32.4,40.8,85,1.1,20.0,4.0,4.6,1.41,23.1,8.3,1.69,0.772,0.259,40.7,45.1,54.4,42.3,47.3,76,1.3,23.0,4.01,3.2,1.26,26.3,11.6,0.59,0.611,0.209,51.9,48.0,54.7,48.2,50.4,64,1.2,20.0,4.25,3.8,1.4,22.3,8.9,1.03,0.717,0.254,53.5,48.1,51.8,45.9,48.5,108,1.2,20.0,3.92,4.47,1.39,26.1,10.8,1.55,0.735,0.236,31.0,44.2,58.7,43.8,49.1,66,1.3,23.0,4.27,3.91,1.34,24.0,9.3,1.16,0.696,0.238,46.2,45.8,53.1,43.6,47.5,111,1.0,18.0,4.28,4.67,1.54,25.5,8.3,1.87,0.879,0.301,61.5,51.1,60.5,53.1,55.2,18,1.9,31.0
LAD,339,3.22,3.51,1.14,27.4,10.7,0.93,0.59,0.189,29.9,46.4,52.5,47.8,49.1,339,1.0,16.0,3.4,3.22,1.46,26.7,14.1,0.43,0.625,0.213,37.0,57.6,65.7,78.5,68.8,49,0.9,16.0,2.89,3.72,1.15,25.9,10.9,0.96,0.608,0.195,23.9,46.4,64.4,51.0,54.5,129,0.9,15.0,3.41,3.43,1.04,28.9,9.5,1.04,0.567,0.179,31.5,42.9,38.9,35.9,38.7,161,1.0,16.0,0.93,2.01,1.09,34.2,13.9,0.0,0.45,0.147,44.4,72.1,54.9,66.1,63.7,23,0.8,15.0,3.94,3.97,1.37,22.1,11.3,0.91,0.666,0.225,36.4,59.2,51.3,52.9,53.9,97,0.9,16.0,3.12,3.46,1.05,29.2,10.1,1.03,0.569,0.177,24.3,37.9,52.7,43.6,45.4,219,1.0,16.0,3.22,3.88,1.16,26.9,10.1,1.22,0.624,0.197,24.0,37.7,74.4,49.6,55.3,83,1.0,16.0,2.73,2.98,1.19,25.8,11.5,0.4,0.567,0.196,29.4,53.6,58.6,58.5,57.3,122,0.9,15.0,3.62,3.73,1.08,29.1,10.4,1.21,0.588,0.179,33.3,45.1,33.3,36.8,37.7,134,1.0,16.0,2.66,3.05,1.24,27.1,13.3,0.38,0.558,0.186,28.6,50.7,61.3,66.3,60.7,105,0.9,15.0,3.58,4.27,1.23,24.0,9.8,1.35,0.665,0.213,31.8,50.9,56.6,46.9,51.3,115,1.0,17.0,3.31,3.16,0.97,31.2,9.3,0.98,0.541,0.169,29.4,38.1,40.7,32.3,36.7,119,1.0,15.0,2.9,3.39,1.09,26.3,10.6,0.79,0.558,0.18,29.1,46.6,50.3,46.1,47.7,183,1.0,16.0,2.85,2.69,1.07,31.1,8.3,0.74,0.587,0.204,15.7,45.9,54.5,50.8,50.9,83,0.9,14.0,3.06,3.27,1.07,28.9,10.3,0.87,0.564,0.181,33.3,47.7,50.8,47.1,48.5,163,1.0,16.0,3.36,3.73,1.19,26.2,11.0,1.0,0.614,0.197,26.6,45.1,54.0,48.4,49.6,176,1.0,16.0,3.12,3.22,1.12,28.9,9.4,0.93,0.598,0.198,26.7,47.1,51.8,47.3,48.8,239,0.9,14.0,4.0,2.16,1.28,20.8,6.5,0.0,0.611,0.25,100.0,45.7,58.0,49.3,51.5,15,1.2,19.0
MIA,239,3.34,3.41,1.28,22.9,11.0,0.59,0.62,0.216,25.3,45.2,55.7,49.1,50.4,239,1.2,19.0,3.84,3.54,1.46,19.4,13.1,0.3,0.645,0.232,18.8,56.5,76.8,74.5,70.8,56,1.1,19.0,3.49,3.5,1.38,22.7,12.3,0.53,0.643,0.224,23.7,47.2,64.7,50.2,54.6,70,1.2,21.0,3.0,3.28,1.13,24.9,9.0,0.77,0.591,0.203,29.3,38.5,39.6,35.9,37.8,113,1.1,19.0,4.41,3.45,1.73,19.8,13.0,0.26,0.736,0.277,14.3,71.3,60.9,73.2,68.4,28,1.2,23.0,3.11,3.51,1.32,19.7,13.1,0.28,0.582,0.202,37.5,53.4,69.8,55.7,60.1,57,1.1,19.0,3.21,3.36,1.18,24.8,9.7,0.76,0.608,0.208,24.6,37.5,49.5,42.3,43.6,154,1.1,19.0,2.74,3.31,1.25,21.8,11.7,0.39,0.588,0.206,25.0,43.9,78.4,58.6,61.8,82,1.1,19.0,4.44,3.78,1.46,22.2,12.6,0.67,0.678,0.235,24.2,54.6,57.9,54.8,55.8,65,1.2,22.0,3.0,3.2,1.17,24.5,9.0,0.71,0.6,0.21,26.5,39.9,33.8,36.7,36.5,92,1.1,18.0,4.27,4.01,1.4,18.2,12.0,0.64,0.674,0.236,21.2,51.8,65.3,67.4,62.8,89,1.1,19.0,2.29,2.44,1.19,27.1,11.5,0.12,0.532,0.191,37.0,43.6,56.0,47.3,49.4,67,1.1,19.0,3.2,3.52,1.22,24.6,9.6,0.89,0.63,0.215,20.0,39.5,45.0,31.0,38.0,83,1.2,21.0,3.28,3.4,1.25,22.3,9.1,0.69,0.651,0.233,13.3,44.2,54.5,46.8,48.8,77,1.2,19.0,3.56,3.41,1.27,21.6,12.0,0.44,0.587,0.203,27.8,45.9,57.4,51.6,52.2,113,1.1,19.0,3.07,3.32,1.24,22.6,9.8,0.61,0.621,0.22,25.0,44.9,52.9,46.4,48.3,128,1.1,19.0,3.65,3.51,1.32,23.2,12.3,0.56,0.618,0.211,25.5,45.7,58.8,52.3,52.9,111,1.2,20.0,3.27,3.0,1.18,23.6,11.0,0.34,0.561,0.198,25.4,45.8,54.8,51.1,51.0,150,1.0,17.0,1.53,1.68,1.08,28.2,7.0,0.0,0.533,0.212,50.0,40.3,61.7,39.7,47.5,10,1.8,29.0
MIL,310,2.92,3.15,1.15,25.2,8.8,0.71,0.607,0.213,38.1,45.7,57.5,49.9,51.5,310,1.4,22.0,3.39,3.69,1.28,24.7,11.0,0.88,0.655,0.221,30.4,59.2,72.8,84.1,73.9,53,1.4,23.0,2.9,3.02,1.18,27.3,9.3,0.7,0.619,0.217,42.9,45.0,66.9,49.9,54.6,119,1.3,21.0,2.76,3.05,1.08,23.6,7.6,0.66,0.579,0.207,38.2,41.1,43.5,36.8,40.2,138,1.4,21.0,3.43,3.53,1.12,25.9,7.4,1.14,0.63,0.213,41.7,70.2,69.5,82.9,75.0,29,1.4,23.0,3.71,3.88,1.33,22.6,10.9,0.9,0.681,0.233,17.4,57.6,54.4,51.7,54.2,71,1.3,21.0,2.6,2.87,1.11,25.9,8.3,0.59,0.581,0.207,43.6,38.3,56.8,44.7,47.3,210,1.4,22.0,3.16,3.27,1.16,25.3,8.9,0.79,0.617,0.214,48.8,42.9,76.0,56.5,59.9,109,1.4,22.0,3.31,3.0,1.22,26.2,9.2,0.64,0.628,0.224,32.4,49.9,58.2,54.2,54.5,105,1.3,22.0,2.22,3.17,1.07,23.9,8.2,0.69,0.573,0.2,30.6,44.3,35.7,37.6,38.6,96,1.4,20.0,3.34,3.49,1.28,23.5,11.0,0.67,0.635,0.22,32.6,53.5,65.4,71.0,64.7,94,1.3,22.0,2.45,3.0,1.04,26.9,7.8,0.76,0.574,0.199,45.7,43.6,58.4,47.2,50.2,127,1.4,21.0,3.19,3.03,1.2,24.5,8.0,0.67,0.625,0.227,37.5,40.5,47.8,31.4,39.4,89,1.4,21.0,3.65,3.29,1.23,24.2,9.3,0.72,0.635,0.224,43.1,45.1,56.9,49.1,50.8,152,1.4,22.0,2.63,2.98,1.06,28.5,8.8,0.76,0.572,0.194,25.0,46.4,59.8,53.2,53.8,99,1.3,21.0,2.69,3.01,1.14,27.1,9.1,0.7,0.595,0.207,35.3,45.8,58.0,48.8,51.3,172,1.3,22.0,3.2,3.31,1.17,22.7,8.4,0.72,0.622,0.221,40.3,45.6,56.9,51.3,51.8,138,1.4,21.0,2.71,3.0,1.14,26.0,9.2,0.61,0.592,0.208,41.7,46.3,57.9,50.2,52.0,187,1.1,17.0,3.4,2.88,1.21,25.9,9.4,0.54,0.598,0.214,42.9,41.1,64.7,48.8,52.4,26,1.9,31.0
MIN,383,3.83,3.61,1.35,23.7,9.9,0.89,0.674,0.235,32.2,48.0,54.8,50.0,51.2,383,1.0,18.0,3.88,3.96,1.45,23.1,11.0,1.01,0.701,0.24,38.5,60.5,66.4,81.2,70.8,60,1.0,18.0,4.53,3.76,1.39,25.5,9.9,1.11,0.708,0.243,41.5,47.5,64.3,50.6,54.7,174,1.0,17.0,3.07,3.32,1.26,22.0,9.5,0.61,0.627,0.224,18.2,43.5,39.0,36.6,39.2,149,1.1,18.0,4.93,4.53,1.81,21.4,13.4,1.07,0.809,0.282,29.4,71.1,59.9,73.5,68.1,44,1.0,18.0,3.09,3.21,1.19,23.1,9.0,0.63,0.599,0.212,33.3,57.2,51.7,47.0,51.2,105,1.1,18.0,3.99,3.64,1.35,24.5,9.7,0.98,0.684,0.237,32.3,39.5,55.2,46.8,47.9,234,1.0,17.0,5.12,3.86,1.43,27.2,9.5,1.32,0.738,0.252,44.9,42.3,73.4,58.4,59.6,112,1.0,18.0,3.34,3.89,1.31,22.6,11.0,0.91,0.652,0.219,33.3,54.7,57.5,55.4,56.0,149,1.0,17.0,3.24,3.08,1.32,21.8,9.0,0.48,0.642,0.238,15.0,45.0,34.4,35.5,37.5,122,1.1,18.0,4.64,4.03,1.61,24.0,11.6,1.06,0.749,0.259,39.6,52.0,57.7,68.3,60.5,120,1.0,18.0,4.17,3.64,1.26,25.4,9.3,1.04,0.663,0.226,40.0,46.4,61.9,48.6,52.7,144,1.0,17.0,2.7,3.21,1.22,21.5,8.8,0.55,0.613,0.222,16.7,45.8,43.3,33.1,39.9,119,1.1,18.0,3.72,3.44,1.26,25.8,8.7,0.99,0.658,0.228,27.0,45.9,53.9,49.3,50.1,155,1.0,17.0,3.73,3.66,1.34,23.9,11.0,0.84,0.665,0.228,31.6,50.9,55.4,50.4,52.2,156,1.0,18.0,3.23,3.26,1.23,24.5,8.7,0.79,0.633,0.224,32.9,46.7,53.4,47.6,49.4,192,1.1,18.0,4.48,4.0,1.48,22.9,11.2,1.0,0.718,0.247,31.4,49.3,56.2,52.3,52.9,191,1.0,18.0,3.77,3.64,1.36,23.4,10.5,0.83,0.666,0.231,34.3,48.0,54.5,50.8,51.4,264,0.9,16.0,3.24,3.07,1.26,19.1,6.4,0.54,0.652,0.25,33.3,46.8,50.9,43.2,46.8,21,1.6,26.0
NYM,123,3.63,3.92,1.25,25.9,9.7,1.23,0.672,0.221,35.4,46.9,59.7,53.0,53.8,123,1.5,25.0,4.3,3.33,1.16,24.6,8.7,0.82,0.607,0.21,31.6,57.4,73.3,74.7,69.9,29,1.5,24.0,3.95,4.47,1.26,26.8,10.3,1.6,0.718,0.225,23.8,44.7,66.9,51.1,55.0,51,1.4,23.0,2.85,3.7,1.3,25.9,9.8,1.09,0.667,0.225,48.0,42.4,42.0,40.8,41.6,43,1.5,27.0,1.5,3.27,1.0,27.1,10.4,0.75,0.517,0.163,0.0,69.3,60.1,82.1,71.1,10,1.2,19.0,4.78,4.27,1.39,24.8,11.5,1.27,0.71,0.232,18.2,54.1,63.6,53.6,57.2,44,1.5,25.0,3.19,3.78,1.19,26.5,8.5,1.26,0.665,0.221,47.5,39.0,57.1,48.5,49.1,69,1.6,26.0,3.44,3.28,1.23,26.4,8.7,0.91,0.649,0.226,36.0,43.5,81.4,59.5,63.1,35,1.4,23.0,4.31,4.58,1.21,25.4,9.3,1.68,0.707,0.221,43.5,49.7,60.3,55.4,55.7,59,1.5,24.0,2.62,3.39,1.33,26.3,11.5,0.75,0.636,0.216,23.5,45.3,32.2,40.4,38.8,29,1.7,29.0,3.68,3.55,1.13,24.5,8.4,0.98,0.625,0.212,32.0,52.5,67.1,66.9,63.3,49,1.5,24.0,4.02,4.31,1.28,27.6,10.2,1.56,0.71,0.224,42.3,44.0,60.8,47.7,51.4,45,1.5,26.0,2.88,3.91,1.4,25.6,11.1,1.11,0.692,0.231,28.6,41.7,45.3,38.0,41.5,29,1.4,25.0,4.06,4.2,1.21,25.8,8.2,1.54,0.697,0.227,50.0,45.4,56.8,50.0,51.2,52,1.6,26.0,2.44,2.98,1.13,28.1,10.6,0.61,0.56,0.188,23.1,49.1,61.2,56.6,56.3,49,1.5,25.0,3.12,3.15,1.11,29.8,9.0,0.95,0.6,0.2,39.5,47.7,60.6,56.9,55.9,69,1.5,24.0,4.31,4.93,1.44,21.3,10.6,1.59,0.761,0.248,29.6,45.9,58.4,48.1,51.2,54,1.5,26.0,2.17,3.25,1.07,29.0,10.0,0.89,0.57,0.184,29.7,46.8,61.7,53.6,54.8,77,1.2,19.0,7.48,4.76,1.62,20.0,8.0,1.66,0.836,0.293,85.7,43.9,48.9,51.8,48.8,8,2.7,50.0
NYY,271,2.53,3.29,1.09,22.1,8.0,0.7,0.585,0.206,18.3,47.3,53.6,45.6,48.8,271,1.1,18.0,2.0,4.91,0.96,25.0,11.5,1.67,0.59,0.152,12.5,61.3,70.8,80.4,72.2,25,1.1,16.0,2.39,3.3,1.07,24.3,7.6,0.86,0.585,0.202,22.9,47.6,65.3,50.7,55.1,119,1.1,17.0,2.76,2.98,1.14,19.6,7.7,0.37,0.583,0.219,16.4,44.3,39.2,33.9,38.3,127,1.2,18.0,2.08,3.3,1.22,22.2,9.5,0.59,0.616,0.219,18.2,73.6,58.6,61.7,63.6,28,1.1,16.0,2.3,3.29,1.09,22.6,8.0,0.73,0.586,0.206,11.1,56.9,49.4,39.3,47.2,67,1.1,18.0,2.68,3.29,1.07,21.9,7.7,0.7,0.579,0.204,21.4,39.5,54.3,45.4,47.1,176,1.2,18.0,2.29,3.87,0.98,25.7,8.7,1.23,0.572,0.176,17.6,41.0,73.0,54.7,57.7,87,1.2,18.0,2.53,3.15,1.17,23.7,7.6,0.74,0.62,0.223,25.6,55.8,57.8,52.0,55.0,78,1.1,17.0,2.73,2.9,1.13,17.9,7.7,0.22,0.569,0.218,13.8,46.3,34.4,33.3,37.0,106,1.2,18.0,1.78,3.29,0.85,21.7,7.5,0.68,0.486,0.162,19.1,48.3,53.4,62.0,55.5,89,1.2,17.0,3.16,3.76,1.14,24.9,8.3,1.16,0.636,0.212,14.7,43.0,63.0,48.7,52.3,78,1.1,17.0,2.75,2.95,1.28,20.5,8.2,0.38,0.628,0.238,20.0,49.7,46.6,29.2,40.4,104,1.1,18.0,2.66,2.67,1.01,23.5,6.9,0.42,0.539,0.2,21.6,46.6,48.7,43.5,46.1,106,1.2,18.0,2.47,4.1,1.06,20.5,8.1,1.16,0.61,0.2,10.0,47.3,57.4,47.9,51.1,105,1.1,17.0,2.27,2.8,0.97,24.8,7.6,0.51,0.529,0.188,12.9,45.8,53.1,44.7,47.9,134,1.2,18.0,2.8,3.8,1.22,19.4,8.3,0.89,0.639,0.224,24.6,48.8,54.0,46.5,49.7,137,1.1,17.0,2.52,3.05,1.07,23.0,7.4,0.63,0.574,0.206,17.7,47.2,53.6,46.0,48.9,189,1.1,16.0,4.7,5.64,1.11,17.7,4.8,2.35,0.757,0.237,25.0,45.5,60.6,45.2,50.7,9,1.7,24.0
PHI,365,3.45,3.12,1.18,27.2,8.4,0.86,0.618,0.215,33.3,46.1,58.0,50.7,52.1,365,1.0,17.0,5.13,4.16,1.31,26.1,9.3,1.47,0.701,0.229,47.8,56.9,75.6,77.9,71.8,84,1.0,17.0,2.88,2.89,1.16,28.0,8.4,0.74,0.607,0.214,34.5,44.1,66.5,51.2,54.8,134,1.0,17.0,2.97,2.71,1.11,27.2,7.8,0.62,0.578,0.207,26.4,41.7,40.2,34.6,38.3,147,1.0,17.0,5.87,4.8,1.24,17.7,8.5,1.47,0.691,0.227,50.0,68.7,69.7,90.0,77.5,27,1.1,18.0,3.96,3.55,1.24,25.6,8.8,1.03,0.66,0.226,33.3,55.8,60.7,51.1,55.6,106,1.0,16.0,2.89,2.7,1.14,29.3,8.2,0.7,0.589,0.208,31.2,39.0,55.4,45.9,47.5,232,1.0,17.0,3.77,2.8,1.2,31.0,8.9,0.82,0.618,0.215,46.7,44.4,77.2,58.9,61.7,131,1.0,17.0,3.61,3.84,1.23,22.8,8.3,1.13,0.658,0.225,30.6,49.7,59.5,56.6,55.9,120,1.0,16.0,2.9,2.72,1.11,27.7,8.0,0.63,0.575,0.205,25.6,44.2,34.3,35.0,37.0,114,1.0,17.0,4.39,3.67,1.24,25.5,8.8,1.11,0.657,0.222,44.4,51.5,67.9,67.1,63.5,155,1.0,17.0,2.81,2.8,1.18,29.0,8.6,0.74,0.606,0.213,31.7,43.8,57.0,47.2,49.8,118,1.0,18.0,2.69,2.6,1.06,27.9,7.4,0.6,0.567,0.204,21.4,39.9,42.5,27.4,35.8,92,1.0,16.0,3.14,2.54,1.11,27.5,7.2,0.57,0.58,0.213,30.5,44.9,56.1,48.5,50.3,174,1.0,17.0,3.67,3.46,1.17,26.9,9.0,1.02,0.622,0.208,37.5,47.8,59.9,54.7,54.8,129,1.0,17.0,3.45,2.95,1.19,27.3,7.5,0.82,0.635,0.227,34.5,46.7,58.5,51.2,52.6,193,1.0,17.0,3.44,3.31,1.17,27.1,9.4,0.91,0.599,0.2,32.0,45.4,57.4,50.1,51.5,172,1.0,17.0,3.14,3.02,1.16,27.7,8.4,0.83,0.602,0.209,35.1,45.7,57.3,49.7,51.3,265,0.9,16.0,3.18,2.92,0.99,30.8,2.8,1.27,0.668,0.24,0.0,46.3,61.2,55.3,55.1,21,1.3,20.0
PIT,408,2.99,3.23,1.13,26.8,9.9,0.78,0.573,0.191,30.3,47.5,53.2,50.9,50.8,408,1.2,20.0,3.24,3.29,1.17,27.4,11.9,0.7,0.551,0.176,18.5,61.3,68.8,81.3,71.9,83,1.2,21.0,2.71,3.44,1.15,25.3,10.8,0.77,0.571,0.187,34.8,47.7,63.2,50.7,54.3,130,1.2,20.0,3.06,3.05,1.1,27.5,8.4,0.81,0.584,0.2,31.9,41.5,39.9,38.1,39.5,195,1.2,19.0,3.03,3.42,1.26,23.1,11.7,0.55,0.583,0.198,37.5,70.6,62.6,77.3,70.4,54,1.2,21.0,2.82,2.95,1.07,27.2,9.3,0.66,0.535,0.18,42.5,56.9,56.0,52.4,54.8,87,1.2,21.0,3.04,3.28,1.13,27.4,9.7,0.86,0.584,0.194,23.3,39.7,50.4,45.1,45.6,267,1.2,19.0,3.32,3.66,1.2,25.7,11.6,0.88,0.572,0.181,30.3,45.9,73.0,58.7,60.5,111,1.2,20.0,2.59,3.3,1.08,25.2,10.2,0.7,0.544,0.179,24.1,52.3,57.4,57.4,56.2,153,1.2,19.0,3.17,2.82,1.14,29.3,8.1,0.78,0.604,0.212,37.3,43.5,33.4,38.0,37.8,144,1.2,20.0,3.34,3.17,1.2,27.6,11.5,0.66,0.573,0.19,23.3,53.7,61.8,69.0,62.6,155,1.1,20.0,2.5,3.33,1.07,25.2,10.0,0.75,0.532,0.173,27.1,44.5,52.0,46.6,48.0,130,1.2,19.0,3.08,3.18,1.11,27.4,7.8,0.93,0.615,0.212,39.2,42.8,43.6,32.7,39.0,123,1.3,20.0,3.04,2.86,1.1,28.0,9.9,0.59,0.542,0.184,28.8,46.9,51.9,50.8,50.2,194,1.1,18.0,3.21,3.22,1.13,24.6,9.2,0.7,0.576,0.198,32.0,47.9,54.1,51.5,51.5,145,1.2,20.0,3.57,3.2,1.21,26.2,9.1,0.81,0.615,0.213,34.4,47.7,53.0,52.6,51.5,194,1.2,20.0,2.46,3.25,1.06,27.4,10.7,0.75,0.532,0.169,26.9,47.3,53.3,49.3,50.2,214,1.2,19.0,2.88,3.14,1.15,27.7,10.3,0.74,0.573,0.191,28.7,47.9,53.3,51.0,51.0,277,1.0,17.0,2.61,3.93,1.26,22.8,11.2,0.93,0.631,0.208,37.5,44.8,50.0,46.4,47.3,26,1.9,32.0
SDP,336,2.95,3.01,1.19,26.5,8.8,0.71,0.613,0.216,35.2,47.5,54.3,48.9,50.4,336,1.3,21.0,4.2,4.18,1.49,22.8,12.9,0.96,0.71,0.238,41.0,64.1,69.4,85.4,74.5,58,1.3,23.0,2.42,2.64,1.14,29.8,8.7,0.64,0.585,0.206,35.2,47.8,65.6,49.3,54.6,116,1.2,20.0,2.86,2.85,1.11,25.7,7.3,0.66,0.594,0.215,32.5,41.3,40.7,35.6,38.8,162,1.3,20.0,3.34,3.81,1.47,25.0,12.5,0.87,0.703,0.239,44.4,70.6,65.5,78.9,72.1,48,1.3,23.0,4.82,3.48,1.32,24.9,8.9,0.96,0.677,0.238,39.1,57.7,53.1,49.9,53.0,90,1.2,21.0,2.0,2.6,1.06,27.7,7.8,0.55,0.557,0.2,32.1,37.2,52.1,41.2,44.0,198,1.2,20.0,2.52,2.92,1.19,25.2,9.2,0.53,0.6,0.215,41.3,43.5,74.9,56.2,59.5,104,1.3,22.0,3.08,3.27,1.21,26.9,10.0,0.82,0.618,0.21,31.0,54.5,58.3,55.1,56.1,111,1.3,21.0,3.23,2.84,1.16,27.3,7.3,0.76,0.619,0.223,32.7,44.4,32.8,37.0,37.4,121,1.2,20.0,3.23,3.51,1.32,24.8,10.9,0.79,0.654,0.225,41.8,56.8,64.5,74.2,66.4,91,1.3,21.0,2.76,2.69,1.2,27.8,8.6,0.58,0.61,0.221,35.0,47.3,57.1,47.1,50.7,125,1.3,21.0,2.93,2.97,1.08,26.4,7.5,0.78,0.583,0.205,29.5,40.6,43.6,31.6,38.0,120,1.3,20.0,3.38,2.99,1.17,26.9,8.1,0.78,0.615,0.218,33.8,48.0,53.4,47.3,49.6,145,1.2,19.0,2.72,2.43,1.19,28.8,9.4,0.39,0.585,0.213,42.1,46.0,54.3,49.7,50.4,129,1.3,21.0,2.42,2.93,1.1,25.9,8.5,0.62,0.572,0.201,36.5,45.3,54.4,48.7,49.9,172,1.3,20.0,3.51,3.1,1.29,27.1,9.1,0.79,0.653,0.231,34.1,49.8,54.1,49.1,51.0,164,1.2,21.0,2.48,2.47,1.14,28.7,9.0,0.43,0.57,0.206,39.8,47.4,53.7,48.4,50.0,214,1.1,17.0,2.97,4.15,1.27,26.6,9.1,1.49,0.702,0.229,41.7,46.5,52.9,50.2,50.2,18,2.0,33.0
SEA,333,3.96,3.88,1.29,24.2,9.0,1.17,0.682,0.232,31.5,47.0,57.5,46.5,50.5,333,1.0,16.0,6.47,4.35,1.46,24.2,9.6,1.48,0.751,0.253,45.0,55.0,70.6,79.1,70.1,52,0.9,17.0,4.1,4.55,1.31,22.7,8.3,1.61,0.734,0.242,25.6,50.1,64.0,49.4,54.7,135,1.0,16.0,2.95,3.09,1.2,25.6,9.5,0.64,0.606,0.213,30.6,41.3,46.8,32.1,39.6,146,1.0,16.0,4.54,4.06,1.35,20.4,7.8,1.19,0.703,0.247,43.8,73.8,57.3,60.0,62.5,39,1.0,17.0,5.69,4.39,1.44,23.0,10.6,1.33,0.73,0.243,18.2,57.2,52.3,46.2,51.1,79,0.9,17.0,3.24,3.67,1.22,25.3,8.7,1.11,0.661,0.224,32.9,38.4,59.5,44.1,48.1,215,1.0,16.0,4.58,4.56,1.37,24.0,8.6,1.69,0.749,0.247,36.1,41.5,72.7,55.2,57.9,117,1.0,17.0,3.94,3.87,1.26,22.5,8.6,1.1,0.667,0.229,25.7,55.0,58.3,52.3,55.1,115,1.0,16.0,3.26,3.12,1.23,26.3,10.2,0.65,0.618,0.215,32.4,44.4,39.1,29.7,36.7,101,1.0,16.0,5.25,4.41,1.36,23.2,11.0,1.31,0.701,0.228,40.5,49.7,64.1,67.3,61.8,102,0.9,16.0,3.41,4.19,1.27,24.7,6.8,1.61,0.733,0.248,18.2,45.2,61.8,47.4,51.9,88,1.0,16.0,3.41,3.31,1.25,24.6,9.1,0.79,0.635,0.223,30.6,46.3,50.2,31.0,41.5,143,1.0,16.0,3.1,3.19,1.1,23.8,8.8,0.66,0.57,0.198,22.6,45.8,55.8,43.4,48.4,124,1.0,16.0,4.29,4.03,1.31,24.1,9.1,1.27,0.7,0.236,35.1,49.0,59.3,49.6,52.8,152,1.0,16.0,3.65,4.09,1.32,25.9,9.2,1.4,0.713,0.237,29.2,46.1,55.0,44.5,48.6,169,0.9,16.0,4.26,3.68,1.26,22.5,8.9,0.94,0.652,0.226,33.3,48.0,60.1,48.4,52.4,164,1.0,16.0,4.36,4.15,1.28,25.4,9.4,1.4,0.691,0.226,35.3,46.3,57.8,46.6,50.5,246,0.9,15.0,2.37,2.67,1.15,22.1,4.1,0.59,0.654,0.256,0.0,47.8,53.1,46.1,49.0,21,1.4,22.0
SFG,125,4.3,4.1,1.38,20.8,9.6,1.07,0.716,0.249,35.0,46.6,47.2,49.4,47.9,125,1.1,19.0,4.38,4.64,1.42,20.2,9.2,1.46,0.748,0.253,54.5,57.0,72.0,79.0,71.1,20,1.2,21.0,7.16,5.2,1.95,17.5,13.1,1.3,0.865,0.303,20.0,47.5,63.2,51.9,54.8,31,0.9,17.0,3.4,3.61,1.2,22.3,8.4,0.9,0.653,0.228,33.3,43.5,33.8,40.3,38.8,74,1.2,20.0,2.45,3.37,1.36,15.6,12.5,0.0,0.58,0.214,100.0,70.2,65.7,81.2,73.0,6,1.2,20.0,3.68,3.99,1.25,25.4,7.6,1.43,0.71,0.24,36.8,58.4,53.7,53.9,55.0,37,1.2,19.0,4.75,4.21,1.45,19.1,10.3,0.99,0.729,0.256,30.8,39.6,42.9,45.0,42.9,82,1.1,19.0,7.9,4.71,1.87,18.9,10.6,1.32,0.872,0.314,45.5,46.7,74.4,61.2,62.2,26,1.1,20.0,4.18,5.14,1.48,17.1,11.6,1.39,0.736,0.24,25.0,51.8,60.1,59.1,57.6,31,1.0,18.0,3.16,3.49,1.19,23.2,8.3,0.87,0.647,0.227,35.1,44.2,30.9,40.4,38.1,68,1.2,20.0,5.48,4.99,1.72,17.0,11.2,1.32,0.825,0.288,38.1,50.9,60.9,66.0,60.4,42,1.1,21.0,2.76,3.45,1.06,22.4,7.6,0.85,0.59,0.204,35.0,48.5,43.9,47.2,46.4,41,1.0,16.0,4.47,3.81,1.34,23.5,9.5,1.03,0.705,0.245,31.6,40.5,36.7,34.8,36.9,42,1.2,20.0,4.3,4.9,1.39,17.2,10.8,1.3,0.732,0.242,39.1,45.9,46.2,48.0,46.9,60,1.2,19.0,2.63,2.44,1.17,27.1,8.9,0.33,0.58,0.215,30.4,48.1,46.9,51.0,48.8,46,1.2,20.0,4.63,4.43,1.33,20.9,9.7,1.29,0.704,0.235,39.0,46.4,48.7,50.1,48.7,77,1.1,19.0,3.84,3.63,1.47,20.8,9.4,0.77,0.732,0.268,26.3,47.1,44.8,48.2,46.7,48,1.2,20.0,4.73,4.53,1.47,21.7,11.3,1.28,0.735,0.244,36.4,47.4,50.0,50.1,49.4,91,1.0,18.0,2.21,3.69,0.98,21.1,7.9,0.89,0.592,0.2,25.0,41.9,33.1,47.1,40.9,11,1.8,26.0
STL,327,3.84,3.94,1.26,21.6,10.3,0.95,0.645,0.217,39.9,47.4,53.9,51.8,51.4,327,1.1,18.0,3.25,4.45,1.27,22.8,10.8,1.33,0.678,0.216,47.1,59.1,65.4,80.8,70.0,66,1.1,19.0,3.9,3.9,1.29,20.6,10.5,0.83,0.645,0.221,35.2,46.7,65.1,50.6,54.7,129,1.1,18.0,4.08,3.71,1.22,22.1,9.8,0.86,0.628,0.214,40.0,42.3,37.1,38.5,39.0,132,1.0,17.0,3.21,3.96,1.51,21.6,12.2,0.8,0.725,0.254,52.2,71.2,58.9,72.7,67.4,28,1.2,20.0,4.16,4.29,1.33,18.4,9.6,1.06,0.683,0.234,34.1,58.0,55.1,56.3,56.3,102,1.1,18.0,3.76,3.75,1.18,23.4,10.3,0.91,0.611,0.202,39.2,38.5,52.6,46.5,46.6,197,1.1,17.0,4.83,4.62,1.34,23.9,11.8,1.43,0.696,0.217,40.0,41.0,75.3,58.7,60.1,74,1.1,19.0,3.03,3.77,1.23,20.0,9.9,0.76,0.629,0.218,41.9,55.4,59.5,60.5,58.9,131,1.1,18.0,4.1,3.7,1.23,22.0,9.7,0.85,0.631,0.216,37.0,42.7,34.9,38.2,38.2,122,1.0,17.0,2.95,3.78,1.2,23.4,10.8,0.89,0.615,0.203,40.9,52.9,62.6,70.4,63.3,112,1.1,18.0,4.4,4.38,1.33,21.2,10.7,1.19,0.683,0.225,39.3,45.6,53.6,47.8,49.3,133,1.1,18.0,4.15,3.45,1.22,19.9,8.9,0.62,0.625,0.225,39.4,42.9,42.5,33.0,38.8,82,1.1,17.0,3.1,3.85,1.13,23.3,10.4,0.96,0.591,0.19,36.2,47.8,51.0,51.2,50.3,125,1.0,17.0,4.13,3.91,1.26,21.0,9.5,0.96,0.656,0.225,40.4,47.3,56.5,52.9,52.8,133,1.1,18.0,2.94,3.46,1.21,21.6,9.6,0.66,0.611,0.214,30.7,49.4,52.0,53.7,52.1,172,1.1,18.0,4.89,4.51,1.32,21.7,11.0,1.28,0.685,0.221,50.8,45.2,55.9,49.6,50.7,155,1.0,18.0,3.91,4.07,1.37,22.5,10.8,1.05,0.693,0.234,45.1,47.2,53.2,51.0,50.8,228,1.0,16.0,4.43,3.5,1.12,18.0,5.6,0.81,0.644,0.238,50.0,49.0,54.8,54.2,53.1,14,1.6,26.0
TBR,331,2.93,3.32,1.02,24.8,7.1,0.94,0.58,0.198,19.8,45.7,54.1,47.1,49.2,331,1.2,18.0,3.54,3.78,1.2,25.0,6.4,1.35,0.701,0.243,16.0,51.4,74.8,78.3,70.3,48,1.1,17.0,3.07,3.2,0.98,25.5,7.3,0.86,0.559,0.19,27.5,44.1,64.6,53.3,55.0,136,1.2,19.0,2.6,3.3,0.99,24.1,7.1,0.88,0.56,0.191,16.4,45.3,37.7,31.2,37.0,147,1.1,17.0,2.93,4.6,1.11,27.0,9.5,1.76,0.656,0.193,12.5,70.0,66.5,82.3,73.7,13,1.2,19.0,3.08,3.54,1.07,23.1,6.0,1.09,0.629,0.219,11.5,58.1,47.5,37.0,46.0,88,1.1,18.0,2.88,3.16,0.99,25.4,7.3,0.84,0.558,0.191,22.8,39.6,56.0,49.0,49.1,230,1.2,18.0,3.46,3.51,1.09,24.2,6.7,1.07,0.628,0.217,25.0,41.0,73.1,59.6,59.7,120,1.2,18.0,2.31,2.88,0.88,26.3,6.7,0.71,0.508,0.174,23.3,49.8,58.5,53.6,54.4,86,1.2,17.0,2.85,3.45,1.04,24.5,7.6,0.97,0.581,0.196,13.5,47.4,32.9,30.6,35.6,125,1.1,17.0,3.26,3.57,1.09,24.3,6.7,1.12,0.632,0.217,29.3,45.7,60.2,63.5,57.9,140,1.1,17.0,2.94,3.28,0.92,25.0,6.8,0.92,0.541,0.181,5.3,46.8,59.6,48.7,52.0,83,1.2,18.0,2.51,3.03,1.01,25.4,7.7,0.72,0.543,0.187,14.3,45.0,42.1,24.6,35.8,108,1.2,18.0,3.0,2.94,0.98,25.1,7.0,0.7,0.54,0.189,21.0,44.7,51.5,42.9,46.4,158,1.1,17.0,2.56,3.42,0.99,26.0,6.5,1.12,0.588,0.197,18.4,47.0,55.7,50.2,51.3,120,1.1,18.0,3.02,3.39,1.04,23.9,6.2,1.01,0.606,0.211,24.6,45.3,56.3,47.1,49.9,181,1.1,17.0,2.84,3.24,1.0,25.9,8.0,0.86,0.55,0.183,14.0,46.2,51.5,47.1,48.4,150,1.2,18.0,2.49,3.2,1.01,25.1,8.1,0.78,0.554,0.188,18.3,46.0,53.7,47.3,49.2,229,1.0,15.0,6.27,5.99,1.45,19.0,8.3,2.41,0.825,0.26,14.3,44.7,59.2,46.2,50.4,12,1.6,23.0
TEX,353,3.52,3.48,1.25,23.0,8.3,0.88,0.649,0.229,37.5,44.3,57.9,47.4,50.3,353,1.1,18.0,2.92,4.49,1.38,20.0,12.6,1.03,0.663,0.214,26.1,55.8,71.6,79.4,70.8,47,1.1,20.0,4.08,3.44,1.33,22.7,7.7,0.9,0.696,0.253,36.7,45.9,64.8,51.4,54.7,166,1.1,18.0,3.08,3.18,1.1,24.4,7.5,0.81,0.588,0.206,42.4,38.5,45.0,32.0,38.2,140,1.1,18.0,2.96,3.98,1.39,22.1,10.7,0.99,0.674,0.229,35.3,71.5,61.3,72.8,68.4,26,1.1,18.0,3.54,3.24,1.14,23.2,7.0,0.83,0.619,0.222,38.2,57.6,53.0,46.7,51.6,67,1.1,18.0,3.57,3.49,1.26,23.0,8.4,0.89,0.654,0.231,37.6,38.1,58.8,45.1,48.1,260,1.1,18.0,3.56,4.26,1.37,21.1,10.2,1.15,0.706,0.239,32.3,41.6,72.6,55.9,58.2,134,1.1,19.0,4.25,3.37,1.27,22.9,6.9,0.94,0.673,0.244,38.6,50.5,58.5,52.4,54.1,121,1.0,17.0,2.68,2.58,1.06,25.6,7.2,0.47,0.546,0.2,42.9,40.3,36.9,29.6,34.8,98,1.2,19.0,3.22,3.8,1.37,21.6,10.1,0.88,0.681,0.238,25.5,48.7,63.7,66.3,61.0,106,1.2,20.0,4.33,3.43,1.27,23.6,7.7,0.93,0.675,0.242,35.9,45.5,61.0,48.9,52.3,132,1.0,17.0,2.97,3.23,1.1,23.7,7.2,0.83,0.59,0.208,50.9,38.7,48.8,28.3,38.1,115,1.1,18.0,3.34,3.46,1.24,23.6,8.9,0.85,0.641,0.224,32.5,43.7,55.3,45.1,48.4,172,1.0,17.0,3.35,3.26,1.21,21.9,8.2,0.67,0.623,0.225,33.3,45.1,61.8,51.2,53.4,124,1.2,20.0,2.91,3.32,1.22,23.3,7.8,0.83,0.64,0.229,36.0,42.4,59.7,46.6,50.1,173,1.1,17.0,4.08,3.63,1.27,22.7,8.8,0.93,0.657,0.23,39.0,46.1,56.1,48.2,50.4,180,1.1,19.0,3.36,3.46,1.26,22.9,8.3,0.87,0.652,0.231,38.3,44.7,57.3,47.1,50.1,241,0.9,16.0,2.92,2.94,1.22,21.7,7.6,0.49,0.609,0.228,50.0,42.2,58.5,47.9,50.2,19,1.9,32.0
TOR,363,2.87,3.41,1.15,24.8,9.0,0.85,0.614,0.21,23.2,46.9,56.1,51.2,51.8,363,1.0,17.0,3.07,3.78,1.12,24.9,8.0,1.21,0.633,0.21,26.1,52.0,72.1,79.5,70.0,76,1.1,17.0,2.67,3.25,1.12,26.8,8.8,0.85,0.615,0.211,25.9,51.3,62.9,49.5,54.7,150,1.1,17.0,2.99,3.39,1.18,22.5,9.8,0.65,0.601,0.209,17.6,39.2,39.6,37.3,38.6,137,1.0,16.0,2.24,3.23,1.24,22.2,7.9,0.69,0.658,0.241,25.8,74.0,57.7,59.4,62.5,55,1.0,15.0,3.14,3.95,1.34,23.6,10.7,1.05,0.669,0.224,26.1,56.8,58.5,55.3,56.8,51,1.0,17.0,2.95,3.35,1.09,25.5,8.9,0.85,0.594,0.201,21.6,39.1,55.2,48.6,48.5,257,1.1,17.0,2.91,3.55,0.96,28.7,7.9,1.21,0.587,0.186,24.1,41.9,73.8,61.6,60.9,131,1.1,17.0,2.78,3.47,1.34,21.4,9.4,0.7,0.667,0.241,23.5,56.7,57.1,51.9,54.9,131,1.0,17.0,2.93,3.14,1.16,23.9,10.0,0.53,0.579,0.202,21.4,40.6,31.7,36.7,35.9,101,1.0,16.0,2.43,3.2,1.0,25.4,7.5,0.85,0.563,0.192,20.3,48.1,59.9,68.0,60.2,143,1.1,17.0,3.51,3.87,1.28,27.0,10.3,1.2,0.682,0.224,29.6,44.7,62.8,47.9,52.3,92,1.0,16.0,2.97,3.36,1.23,22.5,9.9,0.62,0.625,0.221,24.0,47.2,46.9,34.7,42.1,128,1.0,16.0,2.3,2.78,1.04,26.5,9.4,0.46,0.532,0.185,16.9,46.0,54.0,49.6,50.3,125,1.1,17.0,3.27,3.55,1.14,24.5,8.0,1.02,0.631,0.216,25.0,47.2,57.8,52.0,52.8,170,1.0,16.0,2.7,3.43,1.12,25.5,8.9,0.91,0.613,0.208,28.6,46.9,54.4,50.0,50.8,193,1.1,17.0,3.08,3.39,1.17,23.9,9.2,0.78,0.614,0.212,17.6,46.9,57.9,52.4,53.0,170,1.0,16.0,2.48,3.49,1.12,23.4,9.1,0.81,0.598,0.203,25.9,46.5,56.6,51.8,52.2,265,1.0,15.0,3.57,3.5,0.85,25.0,7.4,1.02,0.506,0.159,11.1,50.3,52.1,45.7,49.1,14,1.3,19.0
WSN,194,4.37,4.08,1.31,22.9,9.8,1.16,0.687,0.231,31.4,45.6,51.1,47.3,48.2,194,1.4,24.0,6.55,4.73,1.83,21.5,9.8,1.57,0.898,0.32,23.1,58.4,65.0,80.9,69.7,25,1.4,25.0,5.19,3.55,1.39,25.9,10.8,0.89,0.689,0.238,30.0,46.2,65.8,51.0,55.0,73,1.4,24.0,3.22,4.31,1.11,21.0,9.1,1.25,0.624,0.199,34.6,41.9,36.2,35.8,37.5,96,1.4,23.0,6.84,4.38,1.76,27.7,9.2,1.8,0.879,0.306,40.0,71.9,57.7,68.9,65.7,15,1.7,30.0,3.07,3.66,1.21,16.8,8.6,0.61,0.621,0.224,31.6,58.6,50.0,47.7,51.3,43,1.4,21.0,4.44,4.17,1.27,24.0,10.3,1.24,0.679,0.222,30.9,38.6,50.6,44.8,45.3,136,1.4,24.0,5.7,3.73,1.4,26.0,7.3,1.35,0.757,0.267,37.0,36.7,74.9,52.8,56.5,41,1.5,26.0,4.61,3.88,1.41,23.2,11.3,0.92,0.694,0.238,28.1,53.9,60.3,57.2,57.5,68,1.4,24.0,3.46,4.44,1.16,20.9,10.0,1.26,0.641,0.203,30.4,43.4,32.2,36.7,36.8,85,1.3,21.0,5.56,3.91,1.66,24.7,11.7,1.01,0.784,0.277,30.3,49.9,60.8,65.3,59.9,62,1.4,26.0,3.95,3.95,1.05,21.0,7.8,1.11,0.6,0.199,30.3,46.7,56.8,47.4,50.5,57,1.3,20.0,3.68,4.31,1.18,22.5,9.5,1.31,0.658,0.212,33.3,41.3,38.7,32.4,36.8,75,1.5,24.0,3.66,3.85,1.19,21.4,9.6,0.92,0.627,0.212,26.3,46.1,51.2,48.2,48.8,93,1.5,24.0,5.21,4.14,1.34,24.2,8.9,1.37,0.729,0.246,28.6,45.5,51.4,48.7,48.9,77,1.4,23.0,5.1,4.4,1.4,23.3,11.0,1.31,0.727,0.24,33.9,45.9,49.4,49.4,48.5,106,1.4,24.0,3.53,3.72,1.19,22.4,8.5,0.99,0.641,0.22,27.9,45.3,53.0,44.8,47.8,88,1.4,23.0,4.95,4.37,1.41,22.4,11.2,1.22,0.713,0.236,37.3,45.3,51.3,47.3,48.2,130,1.1,18.0,3.06,4.35,1.19,17.6,4.1,1.53,0.717,0.254,0.0,44.6,57.7,52.2,52.2,8,2.2,37.0
