game_date,home_away,team,opp,team_runs,opp_runs,result
2026-07-16,home,PHI,NYM,1,4,L
2026-07-16,away,NYM,PHI,4,1,W
2026-07-17,home,BOS,TBR,10,0,W
2026-07-17,away,TBR,BOS,0,10,L
2026-07-17,home,BOS,TBR,5,3,W
2026-07-17,away,TBR,BOS,3,5,L
2026-07-17,home,NYY,LAD,1,2,L
2026-07-17,away,LAD,NYY,2,1,W
2026-07-17,home,ATL,TEX,15,1,W
2026-07-17,away,TEX,ATL,1,15,L
2026-07-17,home,TOR,CHW,4,12,L
2026-07-17,away,CHW,TOR,12,4,W
2026-07-17,home,MIL,MIA,2,1,W
2026-07-17,away,MIA,MIL,1,2,L
2026-07-17,home,CHC,MIN,2,5,L
2026-07-17,away,MIN,CHC,5,2,W
2026-07-17,home,HOU,BAL,2,3,L
2026-07-17,away,BAL,HOU,3,2,W
2026-07-17,home,KCR,SDP,7,6,W
2026-07-17,away,SDP,KCR,6,7,L
2026-07-17,home,COL,CIN,2,7,L
2026-07-17,away,CIN,COL,7,2,W
2026-07-17,home,LAA,DET,1,2,L
2026-07-17,away,DET,LAA,2,1,W
2026-07-17,home,ATH,WSN,4,23,L
2026-07-17,away,WSN,ATH,23,4,W
2026-07-17,home,ARI,STL,4,5,L
2026-07-17,away,STL,ARI,5,4,W
2026-07-17,home,SEA,SFG,0,7,L
2026-07-17,away,SFG,SEA,7,0,W
2026-07-18,home,CLE,PIT,1,7,L
2026-07-18,away,PIT,CLE,7,1,W
2026-07-18,home,CLE,PIT,5,3,W
2026-07-18,away,PIT,CLE,3,5,L
2026-07-18,home,CHC,MIN,6,2,W
2026-07-18,away,MIN,CHC,2,6,L
2026-07-18,home,PHI,NYM,6,1,W
2026-07-18,away,NYM,PHI,1,6,L
2026-07-18,home,TOR,CHW,1,0,W
2026-07-18,away,CHW,TOR,0,1,L
2026-07-18,home,COL,CIN,10,3,W
2026-07-18,away,CIN,COL,3,10,L
2026-07-18,home,HOU,BAL,2,4,L
2026-07-18,away,BAL,HOU,4,2,W
2026-07-18,home,KCR,SDP,6,1,W
2026-07-18,away,SDP,KCR,1,6,L
2026-07-18,home,ARI,STL,5,3,W
2026-07-18,away,STL,ARI,3,5,L
2026-07-18,home,BOS,TBR,7,6,W
2026-07-18,away,TBR,BOS,6,7,L
2026-07-18,home,ATL,TEX,6,7,L
2026-07-18,away,TEX,ATL,7,6,W
2026-07-18,home,MIL,MIA,8,6,W
2026-07-18,away,MIA,MIL,6,8,L
2026-07-18,home,SEA,SFG,4,3,W
2026-07-18,away,SFG,SEA,3,4,L
2026-07-18,home,ATH,WSN,15,1,W
2026-07-18,away,WSN,ATH,1,15,L
2026-07-18,home,LAA,DET,0,7,L
2026-07-18,away,DET,LAA,7,0,W
2026-07-19,home,TOR,CHW,0,3,L
2026-07-19,away,CHW,TOR,3,0,W
2026-07-19,home,NYY,LAD,2,8,L
2026-07-19,away,LAD,NYY,8,2,W
2026-07-19,home,NYY,LAD,2,1,W
2026-07-19,away,LAD,NYY,1,2,L
2026-07-19,home,BOS,TBR,6,1,W
2026-07-19,away,TBR,BOS,1,6,L
2026-07-19,home,PHI,NYM,1,6,L
2026-07-19,away,NYM,PHI,6,1,W
2026-07-19,home,ATL,TEX,8,5,W
2026-07-19,away,TEX,ATL,5,8,L
2026-07-19,home,CLE,PIT,1,7,L
2026-07-19,away,PIT,CLE,7,1,W
2026-07-19,home,HOU,BAL,2,5,L
2026-07-19,away,BAL,HOU,5,2,W
2026-07-19,home,KCR,SDP,2,19,L
2026-07-19,away,SDP,KCR,19,2,W
2026-07-19,home,MIL,MIA,3,1,W
2026-07-19,away,MIA,MIL,1,3,L
2026-07-19,home,CHC,MIN,10,1,W
2026-07-19,away,MIN,CHC,1,10,L
2026-07-19,home,COL,CIN,6,9,L
2026-07-19,away,CIN,COL,9,6,W
2026-07-19,home,ATH,WSN,2,5,L
2026-07-19,away,WSN,ATH,5,2,W
2026-07-19,home,LAA,DET,3,2,W
2026-07-19,away,DET,LAA,2,3,L
2026-07-19,home,SEA,SFG,6,3,W
2026-07-19,away,SFG,SEA,3,6,L
2026-07-19,home,ARI,STL,8,7,W
2026-07-19,away,STL,ARI,7,8,L
2026-07-20,home,CLE,MIN,13,4,W
2026-07-20,away,MIN,CLE,4,13,L
2026-07-20,home,NYY,PIT,8,5,W
2026-07-20,away,PIT,NYY,5,8,L
2026-07-20,home,TOR,TBR,1,7,L
2026-07-20,away,TBR,TOR,7,1,W
2026-07-20,home,BOS,BAL,6,5,W
2026-07-20,away,BAL,BOS,5,6,L
2026-07-20,home,PHI,LAD,10,7,W
2026-07-20,away,LAD,PHI,7,10,L
2026-07-20,home,ATL,SDP,3,2,W
2026-07-20,away,SDP,ATL,2,3,L
2026-07-20,home,KCR,SFG,4,3,W
2026-07-20,away,SFG,KCR,3,4,L
2026-07-20,home,MIL,NYM,8,3,W
2026-07-20,away,NYM,MIL,3,8,L
2026-07-20,home,CHC,DET,6,8,L
2026-07-20,away,DET,CHC,8,6,W
2026-07-20,home,TEX,CHW,3,10,L
2026-07-20,away,CHW,TEX,10,3,W
2026-07-20,home,HOU,MIA,8,5,W
2026-07-20,away,MIA,HOU,5,8,L
2026-07-20,home,COL,WSN,3,7,L
2026-07-20,away,WSN,COL,7,3,W
2026-07-20,home,ARI,ATH,2,5,L
2026-07-20,away,ATH,ARI,5,2,W
2026-07-20,home,SEA,CIN,8,0,W
2026-07-20,away,CIN,SEA,0,8,L
2026-07-20,home,LAA,STL,3,2,W
2026-07-20,away,STL,LAA,2,3,L
2026-07-21,home,CLE,MIN,5,2,W
2026-07-21,away,MIN,CLE,2,5,L
2026-07-21,home,PHI,LAD,1,2,L
2026-07-21,away,LAD,PHI,2,1,W
2026-07-21,home,TOR,TBR,2,12,L
2026-07-21,away,TBR,TOR,12,2,W
2026-07-21,home,ATL,SDP,3,8,L
2026-07-21,away,SDP,ATL,8,3,W
2026-07-21,home,KCR,SFG,3,2,W
2026-07-21,away,SFG,KCR,2,3,L
2026-07-21,home,MIL,NYM,0,4,L
2026-07-21,away,NYM,MIL,4,0,W
2026-07-21,home,CHC,DET,11,2,W
2026-07-21,away,DET,CHC,2,11,L
2026-07-21,home,TEX,CHW,10,0,W
2026-07-21,away,CHW,TEX,0,10,L
2026-07-21,home,HOU,MIA,5,3,W
2026-07-21,away,MIA,HOU,3,5,L
2026-07-21,home,COL,WSN,8,7,W
2026-07-21,away,WSN,COL,7,8,L
2026-07-21,home,LAA,STL,5,1,W
2026-07-21,away,STL,LAA,1,5,L
2026-07-21,home,ARI,ATH,6,5,W
2026-07-21,away,ATH,ARI,5,6,L
2026-07-21,home,SEA,CIN,2,4,L
2026-07-21,away,CIN,SEA,4,2,W
2026-07-22,home,NYY,PIT,3,5,L
2026-07-22,away,PIT,NYY,5,3,W
2026-07-22,home,NYY,PIT,2,0,W
2026-07-22,away,PIT,NYY,0,2,L
2026-07-22,home,BOS,BAL,6,3,W
2026-07-22,away,BAL,BOS,3,6,L
2026-07-22,home,BOS,BAL,1,5,L
2026-07-22,away,BAL,BOS,5,1,W
2026-07-22,home,KCR,SFG,5,4,W
2026-07-22,away,SFG,KCR,4,5,L
2026-07-22,home,MIL,NYM,4,3,W
2026-07-22,away,NYM,MIL,3,4,L
2026-07-22,home,COL,WSN,0,8,L
2026-07-22,away,WSN,COL,8,0,W
2026-07-22,home,ARI,ATH,15,5,W
2026-07-22,away,ATH,ARI,5,15,L
2026-07-22,home,SEA,CIN,3,5,L
2026-07-22,away,CIN,SEA,5,3,W
2026-07-22,home,LAA,STL,0,1,L
2026-07-22,away,STL,LAA,1,0,W
2026-07-22,home,CLE,MIN,6,10,L
2026-07-22,away,MIN,CLE,10,6,W
2026-07-22,home,PHI,LAD,5,9,L
2026-07-22,away,LAD,PHI,9,5,W
2026-07-22,home,TOR,TBR,2,4,L
2026-07-22,away,TBR,TOR,4,2,W
2026-07-22,home,ATL,SDP,7,6,W
2026-07-22,away,SDP,ATL,6,7,L
2026-07-22,home,TEX,CHW,2,4,L
2026-07-22,away,CHW,TEX,4,2,W
2026-07-22,home,CHC,DET,1,5,L
2026-07-22,away,DET,CHC,5,1,W
2026-07-22,home,HOU,MIA,5,2,W
2026-07-22,away,MIA,HOU,2,5,L
2026-07-23,home,ATL,SDP,6,5,W
2026-07-23,away,SDP,ATL,5,6,L
2026-07-23,home,CLE,MIN,1,3,L
2026-07-23,away,MIN,CLE,3,1,W
2026-07-23,home,TOR,TBR,3,1,W
2026-07-23,away,TBR,TOR,1,3,L
2026-07-23,home,STL,ARI,6,10,L
2026-07-23,away,ARI,STL,10,6,W
2026-07-23,home,DET,KCR,4,3,W
2026-07-23,away,KCR,DET,3,4,L
2026-07-24,home,MIL,COL,2,5,L
2026-07-24,away,COL,MIL,5,2,W
2026-07-24,home,DET,KCR,2,1,W
2026-07-24,away,KCR,DET,1,2,L
2026-07-24,home,PIT,CHC,2,3,L
2026-07-24,away,CHC,PIT,3,2,W
2026-07-24,home,WSN,ARI,2,3,L
2026-07-24,away,ARI,WSN,3,2,W
2026-07-24,home,PHI,NYY,0,1,L
2026-07-24,away,NYY,PHI,1,0,W
2026-07-24,home,BAL,ATL,6,7,L
2026-07-24,away,ATL,BAL,7,6,W
2026-07-24,home,NYM,LAD,2,4,L
2026-07-24,away,LAD,NYM,4,2,W
2026-07-24,home,TBR,CLE,11,3,W
2026-07-24,away,CLE,TBR,3,11,L
2026-07-24,home,MIA,SDP,2,4,L
2026-07-24,away,SDP,MIA,4,2,W
2026-07-24,home,BOS,TOR,6,4,W
2026-07-24,away,TOR,BOS,4,6,L
2026-07-24,home,CHW,HOU,5,9,L
2026-07-24,away,HOU,CHW,9,5,W
2026-07-24,home,TEX,SEA,5,4,W
2026-07-24,away,SEA,TEX,4,5,L
2026-07-24,home,MIN,ATH,0,2,L
2026-07-24,away,ATH,MIN,2,0,W
2026-07-24,home,STL,CIN,2,4,L
2026-07-24,away,CIN,STL,4,2,W
2026-07-24,home,SFG,LAA,7,6,W
2026-07-24,away,LAA,SFG,6,7,L
2026-07-25,home,DET,KCR,2,3,L
2026-07-25,away,KCR,DET,3,2,W
2026-07-25,home,WSN,ARI,5,3,W
2026-07-25,away,ARI,WSN,3,5,L
2026-07-25,home,SFG,LAA,9,2,W
2026-07-25,away,LAA,SFG,2,9,L
2026-07-25,home,BOS,TOR,0,6,L
2026-07-25,away,TOR,BOS,6,0,W
2026-07-25,home,MIA,SDP,2,7,L
2026-07-25,away,SDP,MIA,7,2,W
2026-07-25,home,PHI,NYY,1,3,L
2026-07-25,away,NYY,PHI,3,1,W
2026-07-25,home,TBR,CLE,3,0,W
2026-07-25,away,CLE,TBR,0,3,L
2026-07-25,home,PIT,CHC,0,11,L
2026-07-25,away,CHC,PIT,11,0,W
2026-07-25,home,BAL,ATL,3,2,W
2026-07-25,away,ATL,BAL,2,3,L
2026-07-25,home,MIN,ATH,2,0,W
2026-07-25,away,ATH,MIN,0,2,L
2026-07-25,home,CHW,HOU,1,4,L
2026-07-25,away,HOU,CHW,4,1,W
2026-07-25,home,MIL,COL,8,5,W
2026-07-25,away,COL,MIL,5,8,L
2026-07-25,home,NYM,LAD,3,4,L
2026-07-25,away,LAD,NYM,4,3,W
2026-07-25,home,STL,CIN,7,0,W
2026-07-25,away,CIN,STL,0,7,L
2026-07-25,home,TEX,SEA,7,1,W
2026-07-25,away,SEA,TEX,1,7,L
2026-07-26,home,TBR,CLE,1,0,W
2026-07-26,away,CLE,TBR,0,1,L
2026-07-26,home,WSN,ARI,10,7,W
2026-07-26,away,ARI,WSN,7,10,L
2026-07-26,home,PIT,CHC,8,7,W
2026-07-26,away,CHC,PIT,7,8,L
2026-07-26,home,BOS,TOR,6,1,W
2026-07-26,away,TOR,BOS,1,6,L
2026-07-26,home,BAL,ATL,2,3,L
2026-07-26,away,ATL,BAL,3,2,W
2026-07-26,home,DET,KCR,4,5,L
2026-07-26,away,KCR,DET,5,4,W
2026-07-26,home,NYM,LAD,8,3,W
2026-07-26,away,LAD,NYM,3,8,L
2026-07-26,home,MIA,SDP,3,5,L
2026-07-26,away,SDP,MIA,5,3,W
2026-07-26,home,MIN,ATH,11,8,W
2026-07-26,away,ATH,MIN,8,11,L
2026-07-26,home,CHW,HOU,12,3,W
2026-07-26,away,HOU,CHW,3,12,L
2026-07-26,home,MIL,COL,11,2,W
2026-07-26,away,COL,MIL,2,11,L
2026-07-26,home,STL,CIN,3,5,L
2026-07-26,away,CIN,STL,5,3,W
2026-07-26,home,TEX,SEA,4,6,L
2026-07-26,away,SEA,TEX,6,4,W
2026-07-26,home,SFG,LAA,3,4,L
2026-07-26,away,LAA,SFG,4,3,W
2026-07-26,home,PHI,NYY,11,4,W
2026-07-26,away,NYY,PHI,4,11,L
2026-07-27,home,TEX,SEA,7,3,W
2026-07-27,away,SEA,TEX,3,7,L
2026-07-27,home,DET,BAL,5,8,L
2026-07-27,away,BAL,DET,8,5,W
2026-07-27,home,PIT,ARI,3,2,W
2026-07-27,away,ARI,PIT,2,3,L
2026-07-27,home,MIA,PHI,8,7,W
2026-07-27,away,PHI,MIA,7,8,L
2026-07-27,home,WSN,TOR,2,3,L
2026-07-27,away,TOR,WSN,3,2,W
2026-07-27,home,NYM,ATL,14,3,W
2026-07-27,away,ATL,NYM,3,14,L
2026-07-27,home,CHW,NYY,5,9,L
2026-07-27,away,NYY,CHW,9,5,W
2026-07-27,home,STL,CHC,3,7,L
2026-07-27,away,CHC,STL,7,3,W
2026-07-27,home,LAA,HOU,4,6,L
2026-07-27,away,HOU,LAA,6,4,W
2026-07-27,home,ATH,BOS,2,4,L
2026-07-27,away,BOS,ATH,4,2,W
2026-07-27,home,SFG,MIL,3,0,W
2026-07-27,away,MIL,SFG,0,3,L
2026-07-28,home,CIN,CLE,5,6,L
2026-07-28,away,CLE,CIN,6,5,W
2026-07-28,home,CIN,CLE,2,0,W
2026-07-28,away,CLE,CIN,0,2,L
2026-07-28,home,DET,BAL,14,0,W
2026-07-28,away,BAL,DET,0,14,L
2026-07-28,home,PIT,ARI,7,8,L
2026-07-28,away,ARI,PIT,8,7,W
2026-07-28,home,TBR,TEX,1,4,L
2026-07-28,away,TEX,TBR,4,1,W
2026-07-28,home,MIA,PHI,1,0,W
2026-07-28,away,PHI,MIA,0,1,L
2026-07-28,home,WSN,TOR,8,6,W
2026-07-28,away,TOR,WSN,6,8,L
2026-07-28,home,MIN,KCR,3,2,W
2026-07-28,away,KCR,MIN,2,3,L
2026-07-28,home,CHW,NYY,2,3,L
2026-07-28,away,NYY,CHW,3,2,W
2026-07-28,home,STL,CHC,2,10,L
2026-07-28,away,CHC,STL,10,2,W
2026-07-28,home,LAA,HOU,2,3,L
2026-07-28,away,HOU,LAA,3,2,W
2026-07-28,home,ATH,BOS,4,3,W
2026-07-28,away,BOS,ATH,3,4,L
2026-07-28,home,SDP,COL,8,7,W
2026-07-28,away,COL,SDP,7,8,L
2026-07-28,home,SFG,MIL,2,8,L
2026-07-28,away,MIL,SFG,8,2,W
2026-07-28,home,LAD,SEA,6,7,L
2026-07-28,away,SEA,LAD,7,6,W
