xwoba,pitches,csw_rate,avg_pfx_x,avg_pfx_z,pitch_pct,team_abbr,zone_rate,chase_rate,pitch_name,pitch_type,whiff_rate,batting_avg,avg_spin_rate,avg_launch_speed,avg_release_speed,in_zone_swing_rate
0.33,5699,25.83,-0.31,1.3,29.13,ARI,51.83,30.31,4-Seam Fastball,FF,15.12,0.22,2313.5,82.75,94.8,64.08
0.36,3484,29.19,-0.65,0.62,17.81,ARI,58.32,24.86,Sinker,SI,9.59,0.32,2214.28,84.76,94.35,56.1
0.27,2624,29.38,0.17,0.09,13.41,ARI,42.87,34.62,Slider,SL,28.02,0.22,2471.49,82.02,86.65,64.27
0.29,2207,22.2,-0.31,0.31,11.28,ARI,36.25,36.32,Changeup,CH,25.96,0.21,1734.28,82.11,86.31,76.25
0.26,1626,30.57,0.66,0.03,8.31,ARI,43.42,29.78,Sweeper,ST,30.09,0.16,2609.41,81.38,83.61,60.06
0.36,1512,26.85,0.11,0.68,7.73,ARI,51.92,26.96,Cutter,FC,16.76,0.31,2387.62,82.91,89.71,64.71
0.3,1246,31.06,0.31,-0.82,6.37,ARI,38.28,32.77,Curveball,CU,26.49,0.23,2656.54,80.62,80.35,49.27
0.17,739,26.52,-0.84,0.38,3.78,ARI,36.67,39.74,Split-Finger,FS,36.59,0.11,1439.72,78.61,86.55,78.6
0.3,235,27.66,0.35,-0.73,1.2,ARI,43.4,36.84,Knuckle Curve,KC,24.56,0.25,2538.23,80.8,82.41,63.73
0.2,118,18.64,-0.2,-0.38,0.6,ARI,24.58,32.58,Slurve,SV,22.22,0.3,2493.31,81.73,83.34,55.17
0.18,64,9.38,-0.56,0.65,0.33,ARI,0,21.88,Unknown,UNK,28.57,0,2521,87.25,91.6,0
0,7,57.14,1.4,-1,0.04,ARI,28.57,0,Slow Curve,CS,0,0,2978.43,0,74.7,0
0.34,6175,26.56,-0.16,1.28,30.03,ATH,52.52,27.32,4-Seam Fastball,FF,22,0.24,2291.92,83.18,94.39,70.77
0.33,3836,25.76,-0.49,0.59,18.65,ATH,55.6,26.48,Sinker,SI,12.21,0.29,2177.76,83.7,94.27,65.26
0.3,2954,28.47,0.06,0.07,14.36,ATH,42.28,30.91,Slider,SL,33.26,0.22,2441.51,82.28,86.12,70.94
0.27,2269,22.52,-0.15,0.34,11.03,ATH,39.44,33.7,Changeup,CH,28.71,0.21,1744.2,80.55,86.05,79.44
0.26,1588,29.79,0.54,0.07,7.72,ATH,43.07,31.42,Sweeper,ST,30.81,0.2,2586.66,81.88,82.49,66.67
0.37,1300,27.08,0.11,0.68,6.32,ATH,51.46,29.32,Cutter,FC,23.74,0.34,2372.17,82.43,89.56,70.55
0.24,958,32.99,0.36,-0.93,4.66,ATH,42.69,28.78,Curveball,CU,32.13,0.24,2523.42,83.25,79.68,56.48
0.29,893,21.39,-0.8,0.19,4.34,ATH,34.83,33.51,Split-Finger,FS,31.74,0.19,1384.51,83.33,86.68,85.21
0.29,360,27.22,0.45,-0.79,1.75,ATH,37.22,30.53,Knuckle Curve,KC,34.78,0.29,2480.87,88.21,83.47,68.66
0.52,146,5.48,0.86,0.21,0.71,ATH,0,6.16,Unknown,UNK,33.33,0.17,2809.67,0,85.13,0
0.46,59,22.03,-0.71,-0.59,0.29,ATH,25.42,13.64,Slurve,SV,33.33,0.45,2322.73,84.51,82.42,60
0.1,21,19.05,-1.26,-0.14,0.1,ATH,23.81,43.75,Forkball,FO,33.33,0.2,1043.76,76.68,82.6,100
0.37,5,0,-0.53,1.56,0.02,ATH,20,50,Eephus,EP,0,0,1107.4,96.37,43.96,100
1.92,2,0,0.84,-0.81,0.01,ATH,0,100,Slow Curve,CS,0,1,2398,106.5,75.1,0
0.33,5892,25.49,-0.18,1.29,29.76,ATL,51.02,28.97,4-Seam Fastball,FF,19.57,0.24,2301.54,83.85,94.73,70.26
0.36,3433,25.58,-0.28,0.63,17.34,ATL,54.73,31.92,Sinker,SI,10.42,0.28,2188.24,83.87,93.88,63.49
0.28,2305,20.3,-0.18,0.34,11.64,ATL,34.19,37.84,Changeup,CH,25.34,0.21,1711.53,83.03,86.21,78.43
0.3,2245,29.44,0.08,0.11,11.34,ATL,42.67,37.14,Slider,SL,32.59,0.23,2434.37,82.58,86.36,67.64
0.3,1829,28.38,0.32,0.05,9.24,ATL,43.69,33.4,Sweeper,ST,25.52,0.24,2593.92,81.12,82.58,65.33
0.39,1624,28.94,0.09,0.62,8.2,ATL,49.08,31.08,Cutter,FC,25.13,0.26,2387.59,82.66,89.13,66.12
0.28,1411,27.57,0.22,-0.87,7.13,ATL,41.53,36.24,Curveball,CU,25,0.24,2633.28,82.58,80.07,62.29
0.27,459,23.75,-0.44,0.41,2.32,ATL,35.08,44.63,Split-Finger,FS,30.5,0.24,1342.64,80.03,85.95,78.26
0.13,276,42.03,0.42,-0.72,1.39,ATL,31.52,56.61,Knuckle Curve,KC,48.08,0.12,2386.66,80.69,83.3,56.32
0.32,199,22.61,-0.22,-0.38,1,ATL,38.69,32.79,Slurve,SV,19.78,0.29,2493.14,81.14,82.66,66.23
0,54,0,-0.91,1.44,0.27,ATL,0,0,Unknown,UNK,0,0,0,0,95,0
0.32,33,24.24,-0.69,0.83,0.17,ATL,42.42,42.11,Other,FA,11.11,0.2,1553.88,84.88,62.33,71.43
0.8,26,11.54,-0.04,1.7,0.13,ATL,38.46,37.5,Eephus,EP,0,0.69,945.88,97.44,40.25,70
0,11,18.18,-0.7,0.18,0.06,ATL,9.09,40,Forkball,FO,40,0,1231.91,84.33,83.62,100
0,3,0,1.36,-0.17,0.02,ATL,66.67,0,Slow Curve,CS,0,0,2451,0,71.83,0
0,1,0,-1.23,-0.92,0.01,ATL,0,0,Unknown,UN,0,0,1816,0,60.5,0
0.35,6020,26.4,-0.28,1.34,28.22,BAL,54.92,23.66,4-Seam Fastball,FF,18.66,0.23,2293.69,85.13,94.85,68.78
0.4,3535,27.07,-0.53,0.59,16.57,BAL,56.58,22.02,Sinker,SI,11.31,0.29,2187.45,84.74,94.12,60.45
0.29,3148,32.02,0.09,0.14,14.76,BAL,41.58,32.08,Slider,SL,35.28,0.22,2414.9,83.46,86.19,64.94
0.28,2375,21.94,-0.19,0.29,11.13,BAL,35.71,33.92,Changeup,CH,27.53,0.25,1738.2,79.71,86.19,77.71
0.27,1940,32.27,0.6,0.08,9.09,BAL,45.62,27.11,Sweeper,ST,27.49,0.17,2578.74,80.68,82.66,56.05
0.34,1578,30.1,0.1,0.68,7.4,BAL,53.49,26.16,Cutter,FC,22.73,0.27,2373.2,82.47,89.64,64.81
0.24,1423,30.36,0.37,-0.91,6.67,BAL,37.53,31.95,Curveball,CU,34.6,0.18,2577.97,80.42,80.18,59.93
0.34,890,21.35,-0.86,0.17,4.17,BAL,34.83,31.72,Split-Finger,FS,27.78,0.25,1343.08,83.63,86.56,80
0.22,331,35.05,0.72,-0.91,1.55,BAL,39.58,38,Knuckle Curve,KC,38.67,0.16,2500.87,84.01,81.9,56.49
0,52,0,0,0,0.24,BAL,0,0,Unknown,UNK,0,0,0,0,0,0
0.34,27,18.52,-0.66,-0.48,0.13,BAL,51.85,7.69,Slurve,SV,16.67,0.25,2679.63,84.62,80.66,78.57
0.49,9,22.22,-0.3,1.31,0.04,BAL,0,55.56,Eephus,EP,0,0,1256.89,87.26,44.88,0
0,2,100,1,-0.17,0.01,BAL,100,0,Slow Curve,CS,0,0,2538,0,69.8,0
0,1,0,-0.71,1.34,0,BAL,0,0,Pitch Out,PO,0,0,2327,0,90.8,0
0.32,5987,26.64,-0.28,1.34,31.39,BOS,51.38,29.85,4-Seam Fastball,FF,19.55,0.25,2317.91,82.6,94.63,66.71
0.36,3345,27.71,-0.5,0.68,17.54,BOS,57.46,29.09,Sinker,SI,10.96,0.3,2200.43,82.95,93.63,62.49
0.27,2729,31.48,0.14,0.13,14.31,BOS,44.38,35.97,Slider,SL,34.01,0.22,2456.81,81.47,86.17,69.03
0.27,2154,27.95,-0.33,0.38,11.29,BOS,39.42,37.78,Changeup,CH,35.09,0.22,1745.4,80.99,85.74,76.21
0.31,1361,26.82,0.14,0.71,7.14,BOS,51.51,29.55,Cutter,FC,19.55,0.24,2397.56,83.19,89.83,67.76
0.22,1189,30.45,0.38,0.08,6.23,BOS,41.88,35.6,Sweeper,ST,31.32,0.18,2564.09,77.5,82.14,63.45
0.25,1173,30.61,0.31,-0.91,6.15,BOS,41.69,29.53,Curveball,CU,29.65,0.19,2654.59,80.91,80.05,56.65
0.25,669,24.07,-0.92,0.27,3.51,BOS,44.54,35.58,Split-Finger,FS,26.94,0.26,1391.57,80.76,86.31,76.51
0.27,388,31.7,0.64,-0.99,2.03,BOS,37.63,37.19,Knuckle Curve,KC,31.33,0.22,2536.62,82.37,81.8,52.05
0,35,40,1.14,-0.44,0.18,BOS,22.86,29.63,Slurve,SV,66.67,0,2303,0,83.96,50
0.62,20,10,-0.1,1.74,0.1,BOS,35,38.46,Eephus,EP,0,0.5,1370.95,86.03,48.37,71.43
0,13,7.69,0,0,0.07,BOS,0,0,Unknown,UNK,0,0,0,0,0,0
0,4,75,-0.66,0.9,0.02,BOS,50,0,Other,FA,0,0,1710.5,0,61.08,0
0,2,0,-0.7,1.42,0.01,BOS,0,0,Pitch Out,PO,0,0,2303,0,90.9,0
0,2,0,1.13,-1.38,0.01,BOS,0,0,Slow Curve,CS,0,0,2666,0,71.1,0
0.33,6185,25.61,-0.23,1.3,27.96,CHC,51.69,25.5,4-Seam Fastball,FF,17.63,0.24,2309.11,84.52,94.9,66.28
0.38,3786,27.65,-0.42,0.57,17.11,CHC,55.02,25.9,Sinker,SI,11,0.3,2185.79,83.72,94.27,58.67
0.32,3496,29.52,0.17,0.11,15.8,CHC,44.51,28.35,Slider,SL,29.52,0.23,2441.18,80.98,86.36,63.5
0.26,2454,26.04,-0.28,0.27,11.09,CHC,37.65,34.12,Changeup,CH,32.44,0.19,1789.03,80.34,86.47,73.27
0.32,1899,26.8,0.45,0.11,8.58,CHC,42.23,23.15,Sweeper,ST,27.38,0.24,2554.52,80.7,82.81,61.22
0.41,1554,24.65,0.09,0.65,7.02,CHC,47.23,25.12,Cutter,FC,19.31,0.31,2407.57,82.3,89.9,66.49
0.23,1275,31.69,0.34,-0.8,5.76,CHC,40,29.41,Curveball,CU,32.53,0.15,2656.01,80.83,80.5,52.94
0.39,577,24.44,-0.74,0.2,2.61,CHC,33.62,31.33,Split-Finger,FS,32.68,0.28,1404.88,81.25,86.72,70.62
0.25,417,27.34,0.7,-0.86,1.89,CHC,35.49,28.62,Knuckle Curve,KC,33.75,0.14,2471.51,77.72,82.14,56.08
0.12,188,36.7,-0.69,-0.45,0.85,CHC,44.68,37.5,Slurve,SV,25.33,0.1,2370.78,77.13,82.97,42.86
0.27,79,3.8,0,0,0.36,CHC,0,5.06,Unknown,UNK,25,0,0,78.1,0,0
0.38,74,13.51,-0.24,1.55,0.33,CHC,27.03,44.44,Eephus,EP,5.26,0.5,1078.81,81.16,43.35,70
0.37,50,18,-0.82,0.15,0.23,CHC,14,20.93,Forkball,FO,56.25,0.12,1095.28,71.44,82.88,100
0.19,48,16.67,-0.82,0.92,0.22,CHC,54.17,18.18,Other,FA,8.33,0.38,1753.88,80.35,70.71,76.92
0.26,31,29.03,-0.26,-0.25,0.14,CHC,48.39,25,Knuckleball,KN,28.57,0.14,343.55,87.79,80.23,66.67
0.01,9,22.22,0.6,-0.7,0.04,CHC,22.22,14.29,Slow Curve,CS,66.67,0,2385.78,95,74.82,100
0.35,6075,26.07,-0.37,1.29,30.58,CHW,52.53,25.31,4-Seam Fastball,FF,20.62,0.24,2306.49,84,94.67,69.23
0.36,3447,26.86,-0.47,0.64,17.35,CHW,56.34,24.45,Sinker,SI,14.52,0.25,2178.14,84.15,94.39,64.73
0.29,2727,29.56,0.15,0.13,13.73,CHW,42.54,33.25,Slider,SL,33.63,0.22,2427.12,82.69,86.47,71.21
0.31,2248,24.11,-0.28,0.31,11.32,CHW,38.79,36.05,Changeup,CH,29.76,0.27,1767.02,80.29,85.75,77.98
0.34,1637,24.98,0.15,0.69,8.24,CHW,50.76,29.28,Cutter,FC,22.25,0.23,2372.97,81.76,89.55,73.29
0.29,1287,27.66,0.53,0.1,6.48,CHW,42.42,25.24,Sweeper,ST,28.28,0.2,2593.46,79.76,82.59,64.84
0.33,1189,27.75,0.46,-0.87,5.98,CHW,40.87,23.47,Curveball,CU,22.77,0.23,2603.92,80.93,79.74,53.7
0.25,623,23.43,-0.75,0.19,3.14,CHW,37.08,30.1,Split-Finger,FS,32.67,0.19,1311.91,81.57,88.15,80.09
0.3,406,27.83,0.52,-0.62,2.04,CHW,42.61,30.47,Knuckle Curve,KC,26.46,0.26,2566.66,82.77,82.69,68.21
0.17,113,5.31,0,0,0.57,CHW,0,28.32,Unknown,UNK,6.25,0.12,0,0,0,0
0.35,85,23.53,0.83,-0.6,0.43,CHW,41.18,36,Slurve,SV,27.91,0.4,2841.18,81.68,80.81,71.43
0.57,21,14.29,-0.23,1.59,0.11,CHW,23.81,25,Eephus,EP,0,0.5,1023.76,100.1,42.63,40
0,6,0,-0.72,1.24,0.03,CHW,33.33,0,Pitch Out,PO,0,0,2264.67,0,89.63,0
0,2,0,1.47,-0.56,0.01,CHW,0,100,Slow Curve,CS,0,0,2746,89.8,68.1,0
0.31,1,0,-0.48,1.14,0.01,CHW,100,0,Other,FA,0,0,1438,95.4,55.4,100
0.33,6026,28.84,-0.39,1.32,29.53,CIN,52.67,25.91,4-Seam Fastball,FF,21.46,0.21,2345.09,83.47,94.95,65.09
0.38,3658,29.11,-0.64,0.66,17.92,CIN,57.16,23.36,Sinker,SI,12.39,0.26,2225.79,85.49,94.41,59.68
0.27,2540,30.39,0.19,0.16,12.45,CIN,43.74,31.28,Slider,SL,33.28,0.19,2450.85,84.35,86.2,67.69
0.3,2341,25.42,-0.49,0.39,11.47,CIN,38.15,29.35,Changeup,CH,33.79,0.23,1776.5,79.66,86.3,75.36
0.24,1794,28.21,0.73,0.1,8.79,CIN,41.97,26.61,Sweeper,ST,28.44,0.2,2620.88,79.42,83.07,63.61
0.3,1616,31,0.36,-0.84,7.92,CIN,38.43,28.34,Curveball,CU,32.25,0.2,2629.42,84.15,80.56,53.46
0.37,1445,29.34,0.12,0.67,7.08,CIN,53.29,22.96,Cutter,FC,19,0.31,2432.36,83.01,89.67,65.32
0.27,501,29.34,-0.64,0.25,2.45,CIN,40.52,33.89,Split-Finger,FS,39.15,0.2,1512.1,80.17,87.05,77.34
0.38,276,22.46,0.64,-0.69,1.35,CIN,39.86,33.13,Knuckle Curve,KC,21.97,0.37,2529.98,81.61,82.09,70
0.21,86,34.88,0.69,-0.57,0.42,CIN,60.47,17.65,Slurve,SV,26.32,0.27,2872.14,86.95,82.44,61.54
0.35,53,5.66,0,0,0.26,CIN,0,7.55,Unknown,UNK,0,0.33,0,0,0,0
0.5,44,22.73,-0.67,1.44,0.22,CIN,27.27,25,Other,FA,0,0.62,2088.95,85.65,78.2,100
0.25,24,8.33,-0.92,0,0.12,CIN,25,11.11,Forkball,FO,25,0,1117.5,82.47,82.85,100
0,2,0,-0.51,1.28,0.01,CIN,0,0,Eephus,EP,0,0,1089,0,47.1,0
0,2,0,-0.4,1.03,0.01,CIN,0,0,Pitch Out,PO,0,0,2058,0,92.3,0
0.33,6521,25.78,-0.23,1.3,31.83,CLE,54.27,25.08,4-Seam Fastball,FF,17.06,0.25,2304.59,83.16,94.77,67.82
0.34,2886,27.23,-0.24,0.62,14.09,CLE,54.4,23.56,Sinker,SI,13.42,0.26,2190.95,83.96,94,60.96
0.27,2815,32.54,-0.01,0.11,13.74,CLE,44.23,34.27,Slider,SL,31.23,0.22,2398.64,81.42,86.07,62.25
0.27,2427,24.47,-0.48,0.36,11.85,CLE,35.11,36.7,Changeup,CH,29.98,0.19,1729.11,80.27,86.46,73.12
0.31,1693,28.06,0.13,0.69,8.26,CLE,53.22,27.78,Cutter,FC,20.24,0.24,2361.63,81.82,89.7,66.59
0.22,1545,28.09,0.42,0.04,7.54,CLE,40.39,26.28,Sweeper,ST,27.48,0.16,2581.98,79.44,81.9,58.01
0.31,1267,30.54,0.36,-0.91,6.19,CLE,39.31,26.14,Curveball,CU,25.64,0.22,2625.17,81.69,79.61,45.78
0.24,749,25.5,-0.77,0.33,3.66,CLE,34.98,39.22,Split-Finger,FS,32.47,0.18,1330.5,78.81,86.02,74.05
0.24,348,25.57,0.48,-0.83,1.7,CLE,39.94,29.67,Knuckle Curve,KC,23.68,0.32,2508,80.26,83.79,64.75
0.14,127,5.51,-0.02,0.15,0.62,CLE,0,19.69,Unknown,UNK,16,0.2,2075,0,71.1,0
0.56,76,34.21,-0.73,-0.31,0.37,CLE,46.05,19.51,Slurve,SV,5.56,0.27,2701.22,82.11,83.02,28.57
0.02,18,16.67,-0.58,-0.21,0.09,CLE,5.56,23.53,Forkball,FO,60,0,565.61,75.5,85.76,100
0.3,10,40,-0.35,1.51,0.05,CLE,60,50,Eephus,EP,0,0.5,1295.2,85.65,51.68,33.33
0.7,2,0,-0.87,1.6,0.01,CLE,0,0,Other,FA,0,0,2072,0,79.6,0
0,1,0,1.51,0.21,0,CLE,100,0,Slow Curve,CS,0,0,2498,0,71.1,0
0.33,6719,24.56,-0.27,1.2,33.96,COL,52.76,31,4-Seam Fastball,FF,17.74,0.26,2328.53,82.09,94.85,71.31
0.3,2555,27.75,0.1,0.14,12.91,COL,43.09,37.35,Slider,SL,31.55,0.26,2445.66,80.66,86.47,76.2
0.36,2545,23.14,-0.37,0.59,12.86,COL,55.28,26.71,Sinker,SI,11.94,0.28,2207.05,82.84,94.29,68.3
0.25,2135,23.56,-0.44,0.34,10.79,COL,36.77,38.37,Changeup,CH,30.56,0.21,1795.95,79.32,86.81,84.08
0.27,1827,28.95,0.41,0.02,9.23,COL,38.48,38.08,Sweeper,ST,33.51,0.19,2594.62,80.1,83.48,70.27
0.34,1369,23.74,0.11,0.61,6.92,COL,47.04,34.76,Cutter,FC,18.91,0.27,2418.13,82.24,89.96,71.74
0.3,1316,31.08,0.3,-0.71,6.65,COL,38.07,35.95,Curveball,CU,34.85,0.24,2626.86,81.65,80.04,60.08
0.28,560,23.21,-0.64,0.23,2.83,COL,35,39.29,Split-Finger,FS,32.58,0.26,1493.26,80.05,86.87,85.2
0.22,392,33.93,0.69,-0.69,1.98,COL,37.76,41.8,Knuckle Curve,KC,41.23,0.2,2513.89,78.49,82.01,73.65
0.34,123,30.08,0.92,-0.61,0.62,COL,29.27,45.98,Slurve,SV,33.87,0.2,2782.06,79.54,80.89,61.11
0.25,79,25.32,-0.24,-0.26,0.4,COL,37.97,22.45,Forkball,FO,41.67,0.19,641.61,81.57,84.01,83.33
0.51,55,18.18,0,0.12,0.28,COL,52.73,15.38,Knuckleball,KN,12,0.67,295.2,85.82,74.03,72.41
0.45,38,15.79,-0.23,1.68,0.19,COL,47.37,45,Eephus,EP,4.17,0.5,1266.59,86.84,45.37,83.33
0.53,35,5.71,-0.38,1.13,0.18,COL,42.86,35,Other,FA,0,0.67,1514.59,91.4,60.85,93.33
0.7,34,0,0,0,0.17,COL,0,0,Unknown,UNK,0,0,0,0,0,0
0.11,2,0,1.02,-0.44,0.01,COL,0,100,Slow Curve,CS,0,0,2365,90.7,76.8,0
0.35,6600,24.98,-0.3,1.35,31.87,DET,53.2,22.24,4-Seam Fastball,FF,16.3,0.22,2309.42,84.32,94.32,69.01
0.39,3121,26.11,-0.45,0.67,15.07,DET,55.98,24.6,Sinker,SI,11.2,0.28,2202.29,84.11,93.89,62.39
0.26,2566,24.12,-0.29,0.39,12.39,DET,36.87,33.02,Changeup,CH,31.77,0.21,1753.99,79.56,85.54,74.52
0.28,2392,30.06,0.1,0.15,11.55,DET,45.23,28.93,Slider,SL,31.53,0.22,2423.99,81.8,85.71,65.8
0.36,1725,27.3,0.11,0.63,8.33,DET,54.49,24.2,Cutter,FC,20.38,0.27,2359.35,82.03,89.55,68.51
0.3,1721,29.92,0.48,0.11,8.31,DET,48.93,31.17,Sweeper,ST,24.3,0.28,2583.11,80,82.25,61.28
0.27,1369,31.7,0.45,-0.87,6.61,DET,39.3,29.96,Curveball,CU,31.64,0.19,2601.52,81.99,80.43,52.42
0.18,736,25.27,-0.78,0.25,3.55,DET,31.66,36.98,Split-Finger,FS,37.67,0.15,1327.05,77.72,85.51,78.54
0.26,286,25.52,0.43,-1,1.38,DET,38.11,31.64,Knuckle Curve,KC,19.49,0.19,2523.91,80.76,82.9,56.88
0.25,139,34.53,0.01,-0.44,0.67,DET,42.45,35,Slurve,SV,30,0.06,2636.37,83.52,81.99,54.24
0,30,0,0,0,0.14,DET,0,0,Unknown,UNK,0,0,0,0,0,0
0.29,15,13.33,-0.1,1.37,0.07,DET,40,22.22,Other,FA,0,0.4,1328.13,78.03,52.57,83.33
0.18,6,0,1.4,-0.99,0.03,DET,16.67,20,Slow Curve,CS,0,0,2728.83,68.05,71.53,100
0.34,6102,26.4,-0.37,1.34,29.04,HOU,52.97,27.25,4-Seam Fastball,FF,20.03,0.25,2332.17,84.38,95.17,69.09
0.37,3531,25.4,-0.7,0.68,16.8,HOU,54.83,27.65,Sinker,SI,10.11,0.29,2206.38,83.62,94.44,62.04
0.25,2991,31.06,0.17,0.06,14.23,HOU,40.62,35.53,Slider,SL,34.93,0.18,2461.03,81.41,86.84,64.94
0.27,1954,24.87,-0.23,0.4,9.3,HOU,36.69,32.42,Changeup,CH,30.53,0.2,1749.78,80.73,86.09,73.36
0.25,1887,31.64,0.78,0.09,8.98,HOU,43.56,35.31,Sweeper,ST,32.08,0.23,2642.99,79.95,83.35,60.83
0.37,1823,23.37,0.12,0.65,8.67,HOU,52.22,27.1,Cutter,FC,17.63,0.26,2413.55,82.22,89.9,71.11
0.3,1493,29.74,0.23,-0.88,7.1,HOU,36.7,29.84,Curveball,CU,30.91,0.2,2556.91,81.14,79.18,56.57
0.27,726,27.41,-0.67,0.31,3.45,HOU,37.74,41.37,Split-Finger,FS,32.99,0.23,1357.22,80.67,87.06,73.36
0.31,317,29.02,0.64,-0.85,1.51,HOU,33.12,41.51,Knuckle Curve,KC,36.18,0.31,2590.43,78.34,82.6,60.95
0,127,0,0.13,0.58,0.6,HOU,0,0,Unknown,UNK,0,0,2143,0,87.6,0
0.82,35,0,-0.18,-0.07,0.17,HOU,25.71,11.54,Slurve,SV,0,0.5,2288.26,90.54,80.8,100
0.36,24,16.67,0.39,1.58,0.11,HOU,33.33,50,Eephus,EP,0,0.6,995.08,95.99,38.02,75
0,4,25,1.06,-1.22,0.02,HOU,0,25,Slow Curve,CS,100,0,2455.25,0,67.7,0
0,2,0,0.38,0.36,0.01,HOU,0,0,Knuckleball,KN,0,0,107,0,51.3,0
0.34,6450,26.6,-0.26,1.29,32.63,KCR,53.27,26.74,4-Seam Fastball,FF,15.51,0.25,2306.8,83.34,94.7,64.73
0.37,2946,27.09,-0.32,0.69,14.9,KCR,55.4,24.2,Sinker,SI,8.72,0.26,2221.34,85.28,94.22,58.52
0.31,2417,28.63,0.13,0.1,12.23,KCR,39.93,31.75,Slider,SL,30.76,0.23,2449.73,83.79,85.9,66.42
0.29,2099,21.77,-0.23,0.4,10.62,KCR,36.54,35.74,Changeup,CH,26.85,0.25,1756.14,82.61,86.17,78.75
0.26,2037,31.96,0.35,0.07,10.3,KCR,42.02,34.21,Sweeper,ST,31.81,0.2,2593.25,80.55,83.34,57.48
0.35,1583,26.15,0.1,0.63,8.01,KCR,48.14,28.5,Cutter,FC,20,0.26,2426.33,83.14,89.78,67.06
0.3,1278,28.79,0.22,-0.96,6.46,KCR,41.08,34.53,Curveball,CU,23.96,0.23,2604.74,80.69,80.34,56.19
0.26,478,23.22,-0.75,0.32,2.42,KCR,33.47,35.85,Split-Finger,FS,31.15,0.22,1438.74,82.04,87.22,81.25
0.31,280,32.86,0.71,-0.85,1.42,KCR,44.64,38.71,Knuckle Curve,KC,30.88,0.28,2657.26,82.97,81.07,60.8
0.28,150,18.67,-0.96,-0.44,0.76,KCR,37.33,22.34,Slurve,SV,17.24,0.18,2539.97,78.91,82.38,66.07
0.7,41,0,0,0,0.21,KCR,0,0,Unknown,UNK,0,0,0,0,0,0
0.26,8,12.5,-0.46,1.01,0.04,KCR,25,50,Other,FA,0,0.5,1798.88,74.7,72.94,50
0,2,0,1.12,-0.47,0.01,KCR,0,0,Unknown,UN,0,0,1820,0,51.9,0
0.34,6306,25.06,-0.26,1.33,30.99,LAA,53.33,25.72,4-Seam Fastball,FF,19.1,0.24,2304.18,82.65,94.77,70.92
0.34,3148,27.41,-0.81,0.63,15.47,LAA,57.66,27.53,Sinker,SI,12.5,0.25,2203.57,82.99,94.01,64.41
0.27,2918,33.31,0.14,0.12,14.34,LAA,41.88,38.8,Slider,SL,37.3,0.23,2437.51,81.54,86.35,68.58
0.24,2242,25.42,-0.15,0.4,11.02,LAA,36.44,34.88,Changeup,CH,33.81,0.18,1760.04,79.43,85.84,76.74
0.27,1776,31.19,0.76,0.15,8.73,LAA,42.06,36.15,Sweeper,ST,33.96,0.21,2622.61,80.29,83.11,64.93
0.39,1639,27.27,0.1,0.67,8.06,LAA,51.74,30.47,Cutter,FC,20.49,0.31,2380.72,82.45,89.66,67.69
0.26,1247,31.76,0.34,-0.91,6.13,LAA,40.66,35.14,Curveball,CU,32.85,0.18,2606.42,81.15,79.76,57.99
0.25,524,28.24,-0.79,0.2,2.58,LAA,39.31,39.94,Split-Finger,FS,36.61,0.18,1171.64,79.45,86.33,81.55
0.24,319,29.15,0.38,-0.75,1.57,LAA,36.99,35.82,Knuckle Curve,KC,35.06,0.26,2554.38,87.84,83.3,69.49
0.23,97,6.19,0,0,0.48,LAA,0,22.68,Unknown,UNK,9.09,0.25,0,0,0,0
0.19,66,53.03,-0.91,-0.47,0.32,LAA,62.12,52,Slurve,SV,40,0.27,2808.73,70.24,81.83,41.46
0.28,31,12.9,-0.26,-0.25,0.15,LAA,51.61,33.33,Knuckleball,KN,5.26,0.44,321.19,79.08,80.93,87.5
0.12,26,30.77,-0.28,-0.02,0.13,LAA,69.23,25,Forkball,FO,16.67,0.33,734.77,78.55,86.27,55.56
0,6,0,1.01,-0.24,0.03,LAA,50,33.33,Slow Curve,CS,0,0,2456.5,75.68,69.28,100
0,2,0,0.56,2.31,0.01,LAA,0,0,Unknown,UN,0,0,856,0,39.3,0
0.38,6457,25.4,-0.28,1.29,30.51,LAD,53.07,24.95,4-Seam Fastball,FF,18.87,0.27,2311.32,84.28,94.75,69.51
0.38,3260,25.18,-0.54,0.59,15.4,LAD,54.48,24.93,Sinker,SI,11.24,0.28,2175.13,83.72,93.88,63.29
0.33,2993,29.57,0.09,0.13,14.14,LAD,45.77,30.56,Slider,SL,28.1,0.24,2427.94,81.6,86.06,64.6
0.29,2711,21.73,-0.48,0.33,12.81,LAD,35.89,28.6,Changeup,CH,26.96,0.21,1741.72,81.87,86.47,73.59
0.4,1763,24.84,0.08,0.64,8.33,LAD,54.06,24.57,Cutter,FC,17.03,0.31,2404.7,83.27,89.57,71.56
0.28,1617,31.17,0.46,0.05,7.64,LAD,47.31,26.88,Sweeper,ST,27.84,0.25,2622.07,81.62,82.64,56.47
0.29,1214,26.94,0.33,-0.77,5.74,LAD,39.87,26.58,Curveball,CU,28.07,0.27,2608.01,80.58,80.25,60.74
0.26,635,25.04,-0.74,0.21,3,LAD,33.54,32.7,Split-Finger,FS,35.12,0.26,1472.58,81.17,86.74,75.59
0.38,323,25.7,0.53,-0.73,1.53,LAD,43.96,29.28,Knuckle Curve,KC,22.96,0.22,2497.73,86.66,82.62,57.75
0.14,73,0,0,0,0.34,LAD,0,0,Unknown,UNK,0,0,0,0,0,0
0.29,68,29.41,0.02,-0.37,0.32,LAD,41.18,30,Slurve,SV,31.03,0.31,2666.75,79.97,81.68,60.71
0.26,29,13.79,-1.14,1.34,0.14,LAD,48.28,20,Other,FA,11.76,0.25,1872.97,78.07,76.37,100
0.23,18,11.11,-0.5,1.72,0.09,LAD,27.78,38.46,Eephus,EP,0,0.14,1391.89,78.81,50.19,80
0,2,0,1.12,-0.25,0.01,LAD,0,0,Unknown,UN,0,0,2456,0,72,0
0.34,5890,26.52,-0.35,1.34,29.29,MIA,53.17,24.58,4-Seam Fastball,FF,16.43,0.26,2315.68,83.89,94.7,65.58
0.35,3231,26.52,-0.56,0.6,16.07,MIA,55.18,21.82,Sinker,SI,9.3,0.28,2209.61,84.05,93.62,59.45
0.3,2803,30.54,0.12,0.2,13.94,MIA,45.67,35.06,Slider,SL,31.69,0.28,2421.75,82.04,86.34,70.7
0.27,2489,27.48,-0.57,0.33,12.38,MIA,35.64,35.77,Changeup,CH,35.69,0.27,1759.71,78.93,86.23,77.23
0.22,1636,28.73,0.38,0.08,8.14,MIA,40.16,29.11,Sweeper,ST,29.96,0.14,2576.65,77.3,82.63,58.75
0.31,1564,27.05,0.04,0.69,7.78,MIA,52.69,29.19,Cutter,FC,16.18,0.26,2391.66,80.29,89.97,66.02
0.3,1298,29.58,0.44,-0.85,6.45,MIA,40.91,23.73,Curveball,CU,26.52,0.22,2588.27,82.26,79.73,52.35
0.29,711,24.61,-0.94,0.33,3.54,MIA,34.6,32.9,Split-Finger,FS,37.68,0.24,1371.31,83.49,86.55,78.05
0.25,373,32.17,0.58,-0.88,1.85,MIA,37.53,35.19,Knuckle Curve,KC,39.64,0.17,2504.99,77.35,81.94,62.14
0.23,67,0,-1.14,-0.09,0.33,MIA,0,0,Unknown,UNK,0,0,1441,0,89.2,0
0.23,32,37.5,-0.87,-0.19,0.16,MIA,50,37.5,Slurve,SV,41.18,0.33,2547.44,76.61,82.19,68.75
0.3,9,22.22,-1.14,1.27,0.04,MIA,44.44,0,Other,FA,0,0.33,1842.78,90.3,76.1,75
0.03,5,20,-0.37,1.28,0.02,MIA,20,25,Eephus,EP,0,0,1145.2,85.05,49.12,100
0,1,0,0.77,1.55,0,MIA,0,0,Pitch Out,PO,0,0,2092,0,92,0
0.33,6403,27.8,-0.27,1.27,30.87,MIL,52.73,26.3,4-Seam Fastball,FF,17.99,0.25,2313.87,83.38,94.6,63.83
0.36,3496,27.97,-0.32,0.62,16.85,MIL,57.64,20.73,Sinker,SI,10.04,0.29,2189.36,84.67,93.5,59.9
0.27,2848,30.93,0.08,0.1,13.73,MIL,43.01,26.74,Slider,SL,31.27,0.23,2449.7,82.73,85.96,59.35
0.3,2199,22.83,-0.3,0.3,10.6,MIL,34.83,27.98,Changeup,CH,29.76,0.24,1744.58,80.21,86.23,71.8
0.36,1752,27.85,0.05,0.64,8.45,MIL,51.94,29.1,Cutter,FC,20.68,0.32,2376.81,81.01,89.66,67.14
0.27,1598,29.35,0.47,0.09,7.7,MIL,44.49,26.38,Sweeper,ST,27.53,0.19,2614.9,81.27,82.8,61.6
0.29,1294,29.6,0.36,-0.78,6.24,MIL,39.95,23.42,Curveball,CU,28.35,0.24,2628.5,82.05,79.95,54.16
0.21,516,26.36,-0.8,0.24,2.49,MIL,37.4,36.84,Split-Finger,FS,32.44,0.12,1418.06,82.39,86.99,74.09
0.32,250,22.8,0.69,-0.81,1.21,MIL,41.6,30.82,Knuckle Curve,KC,18.75,0.33,2583.42,84.82,80.9,64.42
0.42,126,7.94,0,0,0.61,MIL,0,14.29,Unknown,UNK,11.11,0.17,0,0,0,0
0.45,91,36.26,0.37,-0.59,0.44,MIL,47.25,22.92,Slurve,SV,16.67,0.38,2800.23,77.64,80.8,44.19
0.49,87,13.79,-0.74,1.22,0.42,MIL,37.93,27.78,Other,FA,5.13,0.5,1455.95,84.32,65.53,72.73
0.41,52,13.46,-0.22,2,0.25,MIL,25,28.21,Eephus,EP,18.18,0.25,865.62,83.01,37.86,84.62
0.18,25,52,0.2,-0.07,0.12,MIL,56,27.27,Knuckleball,KN,45.45,0.27,230.68,83.57,80.47,57.14
0,4,0,1.2,-0.29,0.02,MIL,0,50,Slow Curve,CS,0,0,2471.5,58.4,66.95,0
0,3,0,-0.57,1.07,0.01,MIL,0,0,Pitch Out,PO,0,0,2293.33,0,90.03,0
0,1,100,-0.39,0.12,0,MIL,100,0,Forkball,FO,0,0,632,0,86.6,0
0.34,6059,26.29,-0.34,1.35,29.54,MIN,54.04,30.63,4-Seam Fastball,FF,18.28,0.26,2335.29,83.68,94.72,68.17
0.36,3261,27.69,-0.44,0.67,15.9,MIN,56.18,23.58,Sinker,SI,13.97,0.26,2219.88,84.2,93.65,63.26
0.32,2836,29.41,0.15,0.14,13.83,MIN,44.36,33.4,Slider,SL,33.79,0.24,2430.39,83.26,86.42,74.09
0.25,2810,23.52,-0.35,0.38,13.7,MIN,37.33,30.95,Changeup,CH,30.83,0.2,1746.27,80.37,85.7,74.83
0.41,1533,27.92,0.07,0.65,7.47,MIN,51.47,29.57,Cutter,FC,23.71,0.33,2425.74,84.01,89.35,67.81
0.27,1502,29.63,0.25,-0.87,7.32,MIN,42.08,22.87,Curveball,CU,30.07,0.23,2613.25,81.84,80.78,59.02
0.22,1496,31.68,0.44,0.06,7.29,MIN,41.71,31.77,Sweeper,ST,33.07,0.21,2586.73,78.31,83.29,57.37
0.23,541,22.55,-0.91,0.28,2.64,MIN,28.65,27.98,Split-Finger,FS,38.03,0.19,1329.35,80.25,85.63,81.29
0.25,330,30.61,0.51,-0.84,1.61,MIN,36.06,33.18,Knuckle Curve,KC,34.51,0.3,2503.98,81.44,82.93,60.5
0.42,43,9.3,-0.02,1.72,0.21,MIN,27.91,25.81,Eephus,EP,0,0.38,1078,92.88,41.39,66.67
0.23,36,22.22,-0.42,-0.35,0.18,MIN,33.33,29.17,Slurve,SV,16.67,0.33,2641,83.48,83.62,41.67
0.7,32,0,-0.69,1.38,0.16,MIN,0,0,Unknown,UNK,0,0,2267.5,0,93.75,0
0.35,18,22.22,-0.77,0.67,0.09,MIN,44.44,0,Other,FA,0,0,1488,75.3,67.2,50
0.01,16,25,1,-0.1,0.08,MIN,62.5,0,Slow Curve,CS,40,0,2295.25,67.23,66.5,100
0.34,5819,26.72,-0.29,1.34,29.23,NYM,54.24,30.08,4-Seam Fastball,FF,19.16,0.24,2310.97,84.61,94.72,69.87
0.33,3676,28.86,-0.39,0.59,18.46,NYM,55.66,26.2,Sinker,SI,12.97,0.25,2188.91,83.98,93.93,59.38
0.3,2795,30.05,0.13,0.12,14.04,NYM,43.26,33.48,Slider,SL,32.4,0.19,2424.43,82.76,85.99,68.4
0.34,1900,20,-0.31,0.33,9.54,NYM,37.89,35.51,Changeup,CH,23.18,0.24,1752.43,81.6,86.66,79.03
0.27,1770,30.28,0.53,0.05,8.89,NYM,42.82,32.61,Sweeper,ST,30.14,0.19,2654.83,79.7,83.26,61.08
0.25,1443,29.8,0.33,-0.84,7.25,NYM,38.18,29.04,Curveball,CU,31.17,0.18,2589.97,81.1,80.06,53.72
0.39,1228,24.59,0.16,0.66,6.17,NYM,47.15,24.35,Cutter,FC,20,0.28,2395.25,83.06,89.68,65.98
0.26,807,21.44,-0.86,0.22,4.05,NYM,31.23,34.59,Split-Finger,FS,33,0.15,1409.9,81.96,86.85,84.92
0.34,316,35.44,0.75,-0.91,1.59,NYM,41.46,36.22,Knuckle Curve,KC,37.88,0.24,2481.21,81.13,81.78,49.62
0.1,64,34.38,0.06,-0.4,0.32,NYM,42.19,32.43,Slurve,SV,29.17,0.08,2329.34,74.38,82.15,44.44
0,41,0,0.41,1.11,0.21,NYM,0,0,Unknown,UNK,0,0,2026,0,88,0
0.44,26,23.08,-0.92,0.84,0.13,NYM,38.46,25,Other,FA,0,0,1610.62,86.55,69.42,80
0.25,22,18.18,0.7,0.62,0.11,NYM,36.36,0,Eephus,EP,0,0,1333.36,86.9,48.46,75
0,3,0,0.11,1.13,0.02,NYM,0,0,Pitch Out,PO,0,0,2080.33,0,90.5,0
0,1,0,-1.2,1.04,0.01,NYM,0,0,Unknown,UN,0,0,1600,0,70.1,0
0.35,6252,26.89,-0.16,1.35,30.53,NYY,51.86,26.68,4-Seam Fastball,FF,19.41,0.23,2319.58,84.65,94.69,65.33
0.35,3102,27.6,-0.38,0.65,15.15,NYY,54.09,23.38,Sinker,SI,11.88,0.26,2187.29,84.84,93.93,59.42
0.3,2756,33.24,0.07,0.11,13.46,NYY,47.71,30.12,Slider,SL,34.42,0.24,2441.28,82.72,85.97,62.21
0.31,2295,24.27,-0.34,0.36,11.21,NYY,37.12,30.77,Changeup,CH,32.35,0.24,1718.25,80.98,85.76,74.88
0.34,1764,28.85,0.13,0.64,8.61,NYY,51.76,24.32,Cutter,FC,23.21,0.25,2390.62,82.72,89.8,64.62
0.24,1550,33.1,0.33,-0.87,7.57,NYY,40.58,30.51,Curveball,CU,37.28,0.17,2501.23,82,79.26,55.96
0.27,1445,29.69,0.53,0.08,7.06,NYY,45.47,27.92,Sweeper,ST,28.39,0.2,2582.91,82.06,82.85,61.95
0.3,756,27.12,-0.92,0.27,3.69,NYY,34.26,38.03,Split-Finger,FS,36.76,0.18,1463.51,81.31,86.15,77.22
0.41,252,28.57,0.49,-0.96,1.23,NYY,30.95,34.48,Knuckle Curve,KC,34.55,0.21,2612.58,88.02,83.73,64.1
0.53,157,14.01,0,0,0.77,NYY,0,19.11,Unknown,UNK,40,0.13,0,111.6,81,0
0.2,112,34.82,-0.35,-0.49,0.55,NYY,40.18,25.37,Slurve,SV,37.84,0.1,2404.39,82.12,82.57,44.44
0.52,30,20,-0.11,1.21,0.15,NYY,23.33,30.43,Eephus,EP,0,0.5,1213.27,88,47.12,42.86
0.01,4,0,-1.45,0.72,0.02,NYY,50,0,Other,FA,0,0,1900.5,82.9,67.55,100
0,2,0,-0.94,1.15,0.01,NYY,0,0,Pitch Out,PO,0,0,2326,0,93.15,0
0,1,0,-0.06,1.28,0,NYY,0,0,Unknown,UN,0,0,1091,0,54.8,0
0.34,6337,26.53,-0.29,1.32,31.32,PHI,53.75,27.6,4-Seam Fastball,FF,18.97,0.27,2329.39,84.44,94.95,68.35
0.35,3287,25.52,-0.36,0.63,16.24,PHI,53.51,30.43,Sinker,SI,11.68,0.24,2181.45,84.8,94.06,63.1
0.31,3005,29.68,0.05,0.09,14.85,PHI,42.13,38.53,Slider,SL,32.05,0.21,2481.29,83.35,86.35,68.09
0.31,1878,23.48,-0.43,0.35,9.28,PHI,32.59,37.52,Changeup,CH,30.89,0.22,1741.34,81.66,86.38,76.31
0.26,1743,30.64,0.36,0.06,8.61,PHI,41.59,38.7,Sweeper,ST,32.83,0.2,2566.53,80.55,82.77,63.72
0.33,1395,27.67,0.02,0.67,6.89,PHI,51.61,31.11,Cutter,FC,21.58,0.29,2371.05,83.54,89.63,67.36
0.27,1311,30.97,0.17,-0.79,6.48,PHI,40.35,36.45,Curveball,CU,31.86,0.22,2538.71,83.25,81.53,57.66
0.26,811,25.4,-0.69,0.33,4.01,PHI,37.98,42.35,Split-Finger,FS,30.04,0.22,1379.69,80.34,86.36,78.9
0.31,236,29.66,0.35,-0.88,1.17,PHI,45.76,27.34,Knuckle Curve,KC,26.53,0.24,2428.32,80.81,82.82,58.33
0.43,119,36.97,-0.59,-0.49,0.59,PHI,49.58,43.33,Slurve,SV,31.75,0.31,2585.39,86.76,83.68,62.71
0.7,52,0,0.68,0.98,0.26,PHI,0,0,Unknown,UNK,0,0,856,0,63.1,0
0.1,47,25.53,-0.7,0.14,0.23,PHI,34.04,45.16,Forkball,FO,42.86,0,1181.85,83.83,83.19,87.5
0.07,6,0,-0.67,1.46,0.03,PHI,33.33,50,Eephus,EP,0,0,1110.33,87.55,45.57,100
0.51,4,0,-0.77,1.51,0.02,PHI,0,100,Other,FA,0,0,1284,90.55,51.6,0
0,4,0,0.36,-0.64,0.02,PHI,0,0,Slow Curve,CS,0,0,2014,0,65.1,0
0.38,6102,27.14,-0.32,1.31,28.24,PIT,52.47,28.9,4-Seam Fastball,FF,20.75,0.28,2340.96,83.96,94.93,66.86
0.36,3681,28.36,-0.43,0.61,17.04,PIT,56.59,22.59,Sinker,SI,13.21,0.31,2213.19,84.16,93.73,62.27
0.28,2790,28.82,0.15,0.11,12.91,PIT,42.08,37.75,Slider,SL,31.79,0.22,2439.76,82.17,86.32,69.68
0.28,2518,23.11,-0.29,0.33,11.65,PIT,34.27,31.06,Changeup,CH,31.42,0.21,1760.06,80.44,86.4,75.78
0.28,2038,29,0.49,0.01,9.43,PIT,43.62,32.81,Sweeper,ST,28.46,0.22,2645.61,81.89,83.13,62.32
0.33,1760,27.84,0.09,0.66,8.15,PIT,51.31,33.14,Cutter,FC,22.06,0.26,2393.83,82.28,89.69,69.44
0.29,1442,31.48,0.39,-0.82,6.67,PIT,39.88,31.83,Curveball,CU,33.17,0.25,2657.44,81.88,79.9,58.43
0.28,520,32.31,0.49,-0.7,2.41,PIT,40.19,32.48,Knuckle Curve,KC,38.78,0.26,2525.32,82.07,83.59,68.9
0.26,494,26.92,-0.78,0.36,2.29,PIT,35.02,36.76,Split-Finger,FS,37.55,0.18,1493.94,78.92,86.68,78.03
0.3,121,34.71,0.06,-0.48,0.56,PIT,31.4,34.94,Slurve,SV,52,0.32,2545.61,86.68,81.7,55.26
0.44,67,14.93,0.5,0.71,0.31,PIT,34.33,27.27,Eephus,EP,6.25,0.58,1202.52,91.73,45.3,86.96
0,48,0,-0.64,0.24,0.22,PIT,0,0,Unknown,UNK,0,0,2176,0,75.7,0
0,17,35.29,0.07,0.28,0.08,PIT,23.53,0,Knuckleball,KN,0,0,103.82,0,54.62,0
0.09,6,16.67,0.73,-0.79,0.03,PIT,16.67,20,Slow Curve,CS,50,0,2349.17,35.9,75.23,100
0.26,4,0,0.38,0.97,0.02,PIT,50,50,Other,FA,0,0,1459,90.83,52.38,100
0.35,5957,25.82,-0.33,1.28,30.16,SDP,52.8,29.62,4-Seam Fastball,FF,18.77,0.23,2331.76,84.1,95.37,69.38
0.35,3751,26.53,-0.82,0.59,18.99,SDP,55.91,28.6,Sinker,SI,13.27,0.26,2206.97,84.08,94.58,64.04
0.29,2572,30.25,0.15,0.09,13.02,SDP,44.67,31.76,Slider,SL,31.72,0.22,2438.44,81.09,86.73,64.66
0.23,2035,29.09,0.79,0.1,10.3,SDP,38.67,31.17,Sweeper,ST,33.64,0.18,2626.97,77.6,83.43,62.01
0.27,1995,24.06,-0.22,0.25,10.1,SDP,35.19,39.37,Changeup,CH,31.15,0.23,1687.89,79.25,86.24,77.49
0.37,1358,28.28,0.07,0.65,6.88,SDP,49.04,32.08,Cutter,FC,24.04,0.25,2358.57,82.93,89.58,68.47
0.24,1043,29.34,0.25,-0.89,5.28,SDP,40.94,28.73,Curveball,CU,28.7,0.21,2547.52,83.12,80.27,61.36
0.21,566,24.91,-0.73,0.2,2.87,SDP,35.87,38.84,Split-Finger,FS,34.08,0.14,1352.44,80.08,88.71,83.74
0.27,318,28.62,0.63,-0.85,1.61,SDP,39.31,30.05,Knuckle Curve,KC,36,0.21,2579.74,80.53,81.72,73.6
0,74,0,0,0,0.37,SDP,0,0,Unknown,UNK,0,0,0,0,0,0
0.38,61,29.51,-0.65,-0.5,0.31,SDP,40.98,33.33,Slurve,SV,29.63,0.5,2233,79.36,82.93,60
0,9,0,-0.51,1.04,0.05,SDP,0,0,Pitch Out,PO,0,0,2127.67,0,90.47,0
0.53,6,0,-0.59,1.76,0.03,SDP,66.67,100,Eephus,EP,0,0,1114.67,99.05,40.93,100
0.04,4,0,-0.94,1.8,0.02,SDP,50,0,Other,FA,0,0,1495.5,91.5,55.7,100
0.31,3,0,-0.26,-0.04,0.02,SDP,33.33,0,Forkball,FO,0,0,777.33,92.1,87.63,100
0.34,6085,27.03,-0.26,1.35,30.04,SEA,51.34,29.52,4-Seam Fastball,FF,21.56,0.22,2298.98,84.33,94.55,68.37
0.36,3289,27.39,-0.49,0.7,16.24,SEA,56.07,25.67,Sinker,SI,12.3,0.27,2178.85,84.08,94.17,62.31
0.28,2557,32.07,0.09,0.13,12.62,SEA,42.28,37.87,Slider,SL,34.71,0.21,2429.61,81.32,85.96,66.88
0.31,2396,25.21,-0.56,0.42,11.83,SEA,37.56,34.96,Changeup,CH,31.46,0.24,1767.08,80.21,86.3,74.33
0.36,1927,25.69,0.11,0.71,9.51,SEA,50.75,27.61,Cutter,FC,19.72,0.26,2393.1,81.94,89.52,67.08
0.3,1398,30.97,0.34,-0.98,6.9,SEA,37.77,32.64,Curveball,CU,33.1,0.21,2601.36,80.95,80.06,52.65
0.27,1375,29.96,0.38,0.08,6.79,SEA,39.85,32.53,Sweeper,ST,31.43,0.18,2558.53,81.02,82.65,56.57
0.26,673,21.25,-0.82,0.2,3.32,SEA,33.43,34.38,Split-Finger,FS,29.34,0.19,1366.29,80.53,86.38,80
0.26,444,29.05,0.63,-0.96,2.19,SEA,42.12,28.4,Knuckle Curve,KC,31.79,0.18,2519.36,84.23,81.09,65.24
0.49,56,33.93,-1.22,-0.45,0.28,SEA,39.29,20.59,Slurve,SV,44.44,0.42,2768.29,91.49,82.93,50
0,44,0,0,0,0.22,SEA,0,0,Unknown,UNK,0,0,0,0,0,0
0,13,23.08,1.14,-0.23,0.06,SEA,38.46,0,Slow Curve,CS,33.33,0,2420.92,61.45,71.39,60
0.31,6194,27.43,-0.27,1.31,31.37,SFG,52.71,30.39,4-Seam Fastball,FF,20.35,0.26,2330.71,83.61,94.65,68.76
0.33,3675,28.08,-0.36,0.65,18.61,SFG,57.85,26.86,Sinker,SI,10.12,0.29,2208.55,82.67,93.85,60.82
0.27,2646,30.76,0.08,0.16,13.4,SFG,47.24,35.24,Slider,SL,29.94,0.25,2425.87,82.51,86.06,65.92
0.32,1784,20.74,-0.33,0.29,9.04,SFG,35.71,38.1,Changeup,CH,23.69,0.25,1773.79,81.06,86.59,77.86
0.28,1674,25.63,0.5,0.08,8.48,SFG,41.28,36.11,Sweeper,ST,25.86,0.21,2635.87,79.91,83.11,70.04
0.33,1610,27.14,0.12,0.7,8.15,SFG,53.73,32.35,Cutter,FC,19.2,0.26,2442.71,82.34,90.1,67.86
0.28,1245,27.71,0.22,-0.89,6.31,SFG,40.56,28.65,Curveball,CU,23.46,0.22,2646.82,82.41,80.01,57.62
0.33,368,19.57,-0.73,0.22,1.86,SFG,34.78,36.67,Split-Finger,FS,26.42,0.32,1379.07,83.24,87.77,82.03
0.25,326,30.67,0.48,-0.66,1.65,SFG,43.25,38.92,Knuckle Curve,KC,28.75,0.2,2502.27,85.57,82.66,62.41
0.14,70,31.43,-0.01,-0.51,0.35,SFG,40,35.71,Slurve,SV,31.25,0.13,2515.96,75.58,82.42,60.71
0,70,1.43,0,0,0.35,SFG,0,0,Unknown,UNK,0,0,0,0,0,0
0.21,53,20.75,-0.64,0.09,0.27,SFG,41.51,22.58,Forkball,FO,26.09,0.16,1074.58,88.11,84.1,72.73
0.03,16,43.75,0.06,0.02,0.08,SFG,50,25,Knuckleball,KN,50,0,227.5,77.8,79.85,50
0.56,12,0,-0.52,1.57,0.06,SFG,33.33,75,Other,FA,0,0.4,1201,83.98,53.28,100
0,2,0,-0.76,1.3,0.01,SFG,0,0,Pitch Out,PO,0,0,2237,0,89.4,0
0.35,5939,28.34,-0.35,1.31,30.66,STL,54.03,29.74,4-Seam Fastball,FF,20.3,0.24,2318.81,84.21,94.69,67.25
0.36,3153,28.2,-0.4,0.64,16.28,STL,54.93,23.5,Sinker,SI,13.48,0.28,2199.08,84.59,94.04,60.39
0.32,2437,27.9,0.1,0.15,12.58,STL,45.47,32.28,Slider,SL,26.95,0.25,2429.8,81.37,86.22,66.79
0.27,2175,23.77,-0.54,0.35,11.23,STL,37.2,36.46,Changeup,CH,29.67,0.21,1737.02,81.57,86.02,75.53
0.28,1834,25.85,0.64,0.04,9.47,STL,37.62,30.42,Sweeper,ST,29.19,0.2,2626,81.15,83.04,66.23
0.35,1572,29.13,0.12,0.62,8.12,STL,53.12,28.22,Cutter,FC,21.49,0.27,2398,82.92,89.46,66.47
0.31,1270,29.21,0.14,-0.77,6.56,STL,44.17,29.2,Curveball,CU,23.92,0.24,2564.19,83.62,80.67,57.75
0.27,555,25.77,-0.58,0.22,2.87,STL,39.64,33.43,Split-Finger,FS,27.48,0.19,1399.1,81.52,86.56,68.18
0.44,161,20.5,0.71,-0.72,0.83,STL,28.57,29.57,Knuckle Curve,KC,25.37,0.38,2474.58,84.03,82.33,71.74
0.28,130,29.23,-0.6,-0.26,0.67,STL,46.15,32.86,Slurve,SV,18.64,0.2,2363.28,82.87,83.05,60
0.59,91,3.3,0,0,0.47,STL,0,9.89,Unknown,UNK,22.22,0.33,0,85.66,0,0
0.22,39,20.51,-0.73,0.03,0.2,STL,20.51,32.26,Forkball,FO,47.06,0.08,1024.44,82.08,84.11,87.5
0.4,14,28.57,1.07,-0.45,0.07,STL,28.57,40,Slow Curve,CS,33.33,0.5,2438.43,99.3,72.44,50
0.31,6596,24.8,-0.24,1.38,34.2,TBR,51.46,28.14,4-Seam Fastball,FF,16.2,0.23,2327.89,82.32,94.64,67.86
0.33,3130,26.01,-0.34,0.64,16.23,TBR,53.07,25.05,Sinker,SI,9.13,0.31,2189.15,81.84,93.8,61.59
0.32,2270,26.52,0.13,0.16,11.77,TBR,44.01,29.27,Slider,SL,21.68,0.24,2456.82,82.09,86.02,62.96
0.29,1939,23.16,-0.29,0.37,10.05,TBR,37.18,34.56,Changeup,CH,25.54,0.23,1729.59,79.95,85.72,69.21
0.33,1620,23.64,0.06,0.66,8.4,TBR,50.19,29.99,Cutter,FC,14.62,0.31,2366.47,82.37,89.24,68.63
0.28,1241,25.06,0.45,0.16,6.43,TBR,41.66,27.21,Sweeper,ST,20.88,0.25,2598.13,80.33,82.61,62.86
0.31,1216,29.93,0.38,-0.88,6.3,TBR,42.19,25.18,Curveball,CU,23.98,0.22,2584.73,81.21,80.66,51.66
0.32,572,20.45,-1.05,0.26,2.97,TBR,35.84,37.33,Split-Finger,FS,23.29,0.27,1406.42,78.86,86.8,75.61
0.21,408,31.13,0.44,-0.82,2.12,TBR,41.67,28.57,Knuckle Curve,KC,26.62,0.17,2469.82,80.72,83.67,50.59
0.16,186,25.81,0,0,0.96,TBR,0,28.49,Unknown,UNK,37.74,0.3,0,0,0,0
0.37,52,40.38,-0.06,1.57,0.27,TBR,30.77,44.44,Eephus,EP,8.33,0.41,1341.27,83.1,52.53,50
0.36,45,15.56,-0.42,-0.36,0.23,TBR,53.33,23.81,Slurve,SV,4.35,0,2535.64,68.73,81.53,75
0.66,7,0,1.2,0.52,0.04,TBR,0,14.29,Slow Curve,CS,0,0,2083.29,62.9,62.81,0
0,3,0,-0.29,1.22,0.02,TBR,0,0,Pitch Out,PO,0,0,2332.33,0,90.37,0
0.31,2,0,-1.16,0.84,0.01,TBR,0,100,Other,FA,0,0.5,1998.5,93.1,72.8,0
0.31,6025,27.2,-0.36,1.28,30.79,TEX,52.56,24.74,4-Seam Fastball,FF,20.07,0.2,2271.93,84.05,94.49,67.19
0.36,3291,29.17,-0.59,0.6,16.82,TEX,57.89,28.14,Sinker,SI,12.69,0.29,2174.82,83.64,94.02,60.58
0.29,2716,31.44,0.14,0.11,13.88,TEX,43.48,34.2,Slider,SL,35.5,0.23,2411.87,81.61,86,67.4
0.28,2065,24.75,-0.55,0.34,10.55,TEX,42.18,34.67,Changeup,CH,28.24,0.25,1657.38,81.87,86.08,74.86
0.28,1726,28.33,0.68,0.06,8.82,TEX,42.41,31.49,Sweeper,ST,28.96,0.23,2595.3,80.77,82.91,63.39
0.37,1519,26,0.13,0.65,7.76,TEX,51.02,32.66,Cutter,FC,20.75,0.26,2380.48,82.65,90.02,71.87
0.33,1231,28.11,0.45,-0.84,6.29,TEX,42.73,27.23,Curveball,CU,26.08,0.23,2586.33,83.05,78.96,60.46
0.21,459,29.41,-0.68,0.24,2.35,TEX,35.08,46.98,Split-Finger,FS,38.52,0.18,1261.81,80.8,85.67,80.75
0.27,350,27.43,0.6,-0.81,1.79,TEX,34.86,34.65,Knuckle Curve,KC,32.53,0.23,2516.09,83.51,81.13,71.31
0.24,69,28.99,0.7,-0.53,0.35,TEX,34.78,44.44,Slurve,SV,23.53,0.09,2634.49,81.41,80.98,58.33
0.24,66,27.27,-0.31,-0.34,0.34,TEX,36.36,38.1,Forkball,FO,35.29,0.22,562.12,83.93,85.05,75
0,32,0,-0.71,1.29,0.16,TEX,0,0,Unknown,UNK,0,0,2243,0,95.1,0
0.09,8,25,1.33,-0.24,0.04,TEX,25,50,Slow Curve,CS,40,0.33,2609.38,72.27,70.21,100
0.53,7,14.29,-1.02,0.78,0.04,TEX,71.43,0,Other,FA,0,1,1698.71,84.58,67.7,80
0,1,0,-0.55,1.09,0.01,TEX,0,0,Eephus,EP,0,0,1404,0,55.3,0
0,1,0,-0.66,1.27,0.01,TEX,0,0,Pitch Out,PO,0,0,2127,0,94.3,0
0.32,6073,24.93,-0.23,1.33,31.01,TOR,52.77,30.13,4-Seam Fastball,FF,17.38,0.27,2308.61,82.6,94.94,70.89
0.31,3353,26.16,-0.52,0.65,17.12,TOR,54.46,28.42,Sinker,SI,12.37,0.28,2199.77,83.48,94.47,62.98
0.28,2604,29.53,0.1,0.12,13.3,TOR,43.66,36.4,Slider,SL,29.95,0.23,2425.68,80.91,85.93,68.43
0.3,1872,22.17,-0.23,0.38,9.56,TOR,36.81,36.26,Changeup,CH,25.24,0.23,1735.92,80.12,85.88,76.34
0.33,1638,24.97,0.14,0.7,8.36,TOR,47.01,34.33,Cutter,FC,21.96,0.21,2370.79,80.98,90.23,71.3
0.23,1637,27.24,0.55,0.11,8.36,TOR,40.07,32.82,Sweeper,ST,27.24,0.17,2578.86,79,82.86,63.41
0.29,1190,25.97,0.41,-0.96,6.08,TOR,41.09,38.8,Curveball,CU,23.97,0.2,2569.54,80.46,79.56,63.8
0.29,682,19.06,-0.92,0.27,3.48,TOR,35.92,37.07,Split-Finger,FS,24.45,0.29,1393.05,81.24,87.25,82.45
0.25,343,33.24,0.42,-0.6,1.75,TOR,46.06,43.78,Knuckle Curve,KC,30.77,0.19,2412.01,81.18,83.58,63.92
0.31,97,24.74,0.02,-0.43,0.5,TOR,38.14,30,Slurve,SV,17.07,0.29,2655.27,85.06,83.32,62.16
0.7,60,0,-0.52,1.54,0.31,TOR,0,0,Unknown,UNK,0,0,0,0,94.6,0
0.41,17,11.76,-0.32,1.39,0.09,TOR,23.53,15.38,Eephus,EP,0,0.33,1446.24,87.82,53.94,75
0.01,10,40,0.51,-0.68,0.05,TOR,40,100,Slow Curve,CS,40,0,2370.8,66.07,74.36,100
0,4,0,-0.46,-0.36,0.02,TOR,0,0,Forkball,FO,0,0,755,0,78.95,0
0,2,0,-0.42,1.46,0.01,TOR,0,0,Pitch Out,PO,0,0,2391,0,96.5,0
0,2,0,-0.15,1.85,0.01,TOR,0,0,Unknown,UN,0,0,1395,0,55.9,0
0.24,1,0,-0.77,1.39,0.01,TOR,100,0,Other,FA,0,0,1894,95.1,73.8,100
0.36,6017,25.18,-0.29,1.33,29.41,WSN,50.29,29.32,4-Seam Fastball,FF,17.97,0.25,2320.06,82.87,94.8,68.51
0.36,3306,28.34,-0.22,0.62,16.16,WSN,55.93,23.47,Sinker,SI,9.1,0.27,2186.99,84.58,94.19,59.33
0.3,2749,29.76,0.14,0.1,13.44,WSN,43.29,34.32,Slider,SL,31.85,0.23,2383.47,82.06,86.11,70.08
0.3,2511,24.05,-0.44,0.35,12.27,WSN,39.23,38.93,Changeup,CH,27.92,0.24,1747.32,81.66,86.2,77.16
0.38,1561,27.16,0.06,0.6,7.63,WSN,52.15,28.11,Cutter,FC,20.74,0.31,2366.29,83.47,89.52,70.15
0.29,1560,32.63,0.44,0.06,7.63,WSN,45.38,29.46,Sweeper,ST,31.39,0.19,2575.49,83.25,83.27,59.04
0.26,1507,32.45,0.32,-0.81,7.37,WSN,40.35,32.26,Curveball,CU,33.17,0.21,2543.27,82.85,80.75,54.44
0.25,670,28.06,-0.69,0.3,3.27,WSN,39.7,36.63,Split-Finger,FS,33.63,0.21,1418.56,82.61,87.07,69.55
0.26,322,31.06,0.53,-0.86,1.57,WSN,37.58,31.84,Knuckle Curve,KC,32.84,0.19,2597.05,81.1,81.87,57.85
0.41,122,26.23,0.04,-0.44,0.6,WSN,41.8,22.54,Slurve,SV,21.28,0.28,2445.45,84.65,82.18,60.78
0.73,62,0,0,0,0.3,WSN,0,1.61,Unknown,UNK,0,0,0,0,0,0
0.36,44,18.18,-0.18,-0.16,0.22,WSN,27.27,18.75,Forkball,FO,33.33,0.17,621.82,84.12,85.16,100
0.57,23,8.7,-0.62,1.11,0.11,WSN,17.39,26.32,Other,FA,0,0.33,1530.7,78.24,68.88,50
0.45,5,0,-0.04,1.89,0.02,WSN,40,66.67,Eephus,EP,0,0.5,921.8,88.42,36.94,100
