player_id,full_name,team,team_abbr,position,position_type,bats,throws,jersey_number,status
545121,Ildemaro Vargas,Arizona Diamondbacks,ARI,1B,1B,S,R,6,active
694374,Tim Tawa,Arizona Diamondbacks,ARI,1B,1B,R,R,13,active
571448,Nolan Arenado,Arizona Diamondbacks,ARI,3B,3B,R,R,28,active
672515,Gabriel Moreno,Arizona Diamondbacks,ARI,C,C,R,R,14,active
543510,James McCann,Arizona Diamondbacks,ARI,C,C,R,R,8,active
699912,Jose Fernandez,Arizona Diamondbacks,ARI,DH,DH,R,R,11,active
663457,Lars Nootbaar,Arizona Diamondbacks,ARI,DH,DH,L,R,21,active
682998,Corbin Carroll,Arizona Diamondbacks,ARI,RF,OF,L,L,7,active
691783,Jordan Lawlar,Arizona Diamondbacks,ARI,CF,OF,R,R,10,active
678489,Jorge Barrosa,Arizona Diamondbacks,ARI,CF,OF,S,L,1,active
596146,Max Kepler,Arizona Diamondbacks,ARI,LF,OF,L,L,22,active
814439,Ryan Waldschmidt,Arizona Diamondbacks,ARI,CF,OF,R,R,15,active
694297,Brandon Pfaadt,Arizona Diamondbacks,ARI,P,RP,R,R,32,active
805299,Brandyn Garcia,Arizona Diamondbacks,ARI,P,RP,L,L,55,active
642701,Dennis Santana,Arizona Diamondbacks,ARI,P,RP,R,R,59,active
571882,Derek Law,Arizona Diamondbacks,ARI,P,RP,R,R,38,active
593958,Eduardo Rodriguez,Arizona Diamondbacks,ARI,P,RP,L,L,57,active
672629,Gerardo Carrillo,Arizona Diamondbacks,ARI,P,RP,R,R,68,active
642528,Jonathan Loáisiga,Arizona Diamondbacks,ARI,P,RP,R,R,43,active
703615,Jose Cabrera,Arizona Diamondbacks,ARI,P,RP,R,R,53,active
666661,Juan Morillo,Arizona Diamondbacks,ARI,P,RP,R,R,62,active
679885,Justin Martinez,Arizona Diamondbacks,ARI,P,RP,R,R,63,active
656464,Kevin Ginkel,Arizona Diamondbacks,ARI,P,RP,L,R,37,active
518876,Merrill Kelly,Arizona Diamondbacks,ARI,P,RP,R,R,29,active
664199,Taylor Clarke,Arizona Diamondbacks,ARI,P,RP,R,R,45,active
672695,Geraldo Perdomo,Arizona Diamondbacks,ARI,SS,SS,S,R,2,active
622268,Donovan Walton,Athletics,ATH,2B,2B,L,R,29,active
643446,Jeff McNeil,Athletics,ATH,2B,2B,L,R,22,active
683021,Michael Stefanic,Athletics,ATH,2B,2B,R,R,17,active
691777,Max Muncy,Athletics,ATH,3B,3B,R,R,3,active
695720,Tommy White,Athletics,ATH,3B,3B,R,R,47,active
680869,Zack Gelof,Athletics,ATH,3B,3B,R,R,20,active
661531,Brian Serven,Athletics,ATH,C,C,R,R,10,active
641680,Jonah Heim,Athletics,ATH,C,C,S,R,15,active
666126,Carlos Cortes,Athletics,ATH,RF,OF,L,R,26,active
703607,Henry Bolte,Athletics,ATH,CF,OF,R,R,33,active
671732,Lawrence Butler,Athletics,ATH,RF,OF,L,R,4,active
669620,Brady Basso,Athletics,ATH,P,RP,R,L,66,active
688297,Chris Roycroft,Athletics,ATH,P,RP,R,R,56,active
665660,Elvis Alvarado,Athletics,ATH,P,RP,R,R,37,active
695611,Gage Jump,Athletics,ATH,P,RP,L,L,61,active
663687,Hogan Harris,Athletics,ATH,P,RP,R,L,36,active
669372,J.T. Ginn,Athletics,ATH,P,RP,R,R,35,active
678022,Jack Perkins,Athletics,ATH,P,RP,R,R,50,active
682052,Jacob Lopez,Athletics,ATH,P,RP,L,L,57,active
605488,Jeffrey Springs,Athletics,ATH,P,RP,L,L,59,active
660761,José Suarez,Athletics,ATH,P,RP,L,L,54,active
695034,Kade Morris,Athletics,ATH,P,RP,R,R,67,active
665622,Luis Medina,Athletics,ATH,P,RP,R,R,46,active
656240,Scott Blewett,Athletics,ATH,P,RP,R,R,49,active
675961,Alika Williams,Athletics,ATH,SS,SS,R,R,12,active
687231,Darell Hernaiz,Athletics,ATH,SS,SS,R,R,2,active
621566,Matt Olson,Atlanta Braves,ATL,1B,1B,L,R,28,active
645277,Ozzie Albies,Atlanta Braves,ATL,2B,2B,S,R,1,active
663586,Austin Riley,Atlanta Braves,ATL,3B,3B,R,R,27,active
686948,Drake Baldwin,Atlanta Braves,ATL,C,C,L,R,30,active
669221,Sean Murphy,Atlanta Braves,ATL,C,C,R,R,12,active
642086,Dominic Smith,Atlanta Braves,ATL,DH,DH,L,L,8,active
676551,Brewer Hicklen,Atlanta Braves,ATL,RF,OF,R,R,53,active
657041,Lane Thomas,Atlanta Braves,ATL,LF,OF,R,R,20,active
643289,Mauricio Dubón,Atlanta Braves,ATL,LF,OF,R,R,14,active
671739,Michael Harris II,Atlanta Braves,ATL,CF,OF,L,L,23,active
573262,Mike Yastrzemski,Atlanta Braves,ATL,LF,OF,L,L,18,active
660670,Ronald Acuña Jr.,Atlanta Braves,ATL,RF,OF,R,R,13,active
700363,AJ Smith-Shawver,Atlanta Braves,ATL,P,RP,R,R,32,active
608718,Brent Suter,Atlanta Braves,ATL,P,RP,L,L,39,active
693821,Bryce Elder,Atlanta Braves,ATL,P,RP,R,R,55,active
519242,Chris Sale,Atlanta Braves,ATL,P,RP,L,L,51,active
800311,Didier Fuentes,Atlanta Braves,ATL,P,RP,R,R,72,active
689266,Dylan Dodd,Atlanta Braves,ATL,P,RP,L,L,46,active
669276,Dylan Lee,Atlanta Braves,ATL,P,RP,L,L,52,active
656550,Grant Holmes,Atlanta Braves,ATL,P,RP,L,R,66,active
527048,Martín Pérez,Atlanta Braves,ATL,P,RP,L,L,33,active
628452,Raisel Iglesias,Atlanta Braves,ATL,P,RP,R,R,26,active
678061,Ray Kerr,Atlanta Braves,ATL,P,RP,L,L,62,active
641816,Tyler Mahle,Atlanta Braves,ATL,P,RP,R,R,54,active
682989,Victor Mederos,Atlanta Braves,ATL,P,RP,R,R,58,active
673490,Ha-Seong Kim,Atlanta Braves,ATL,SS,SS,R,R,7,active
624413,Pete Alonso,Baltimore Orioles,BAL,1B,1B,R,R,25,active
702616,Jackson Holliday,Baltimore Orioles,BAL,2B,2B,L,R,7,active
677942,Blaze Alexander,Baltimore Orioles,BAL,3B,3B,R,R,23,active
687952,Christian Encarnacion-Strand,Baltimore Orioles,BAL,3B,3B,R,R,32,active
691723,Coby Mayo,Baltimore Orioles,BAL,3B,3B,R,R,16,active
665966,Carlos Narváez,Baltimore Orioles,BAL,C,C,R,R,75,active
694212,Samuel Basallo,Baltimore Orioles,BAL,C,C,L,R,29,active
650968,Yohel Pozo,Baltimore Orioles,BAL,C,C,R,R,79,active
681047,Christian Franklin,Baltimore Orioles,BAL,CF,OF,R,R,27,active
681297,Colton Cowser,Baltimore Orioles,BAL,CF,OF,L,R,17,active
687637,Dylan Beavers,Baltimore Orioles,BAL,RF,OF,L,R,12,active
665750,Leody Taveras,Baltimore Orioles,BAL,CF,OF,S,R,30,active
695380,Alex Hoppe,Baltimore Orioles,BAL,P,RP,R,R,26,active
552640,Andrew Kittredge,Baltimore Orioles,BAL,P,RP,R,R,39,active
689296,Anthony Nunez,Baltimore Orioles,BAL,P,RP,S,R,66,active
687064,Brandon Young,Baltimore Orioles,BAL,P,RP,R,R,63,active
676742,Cam Sanders,Baltimore Orioles,BAL,P,RP,R,R,73,active
605135,Chris Bassitt,Baltimore Orioles,BAL,P,RP,R,R,40,active
664991,Grant Wolfram,Baltimore Orioles,BAL,P,RP,L,L,48,active
677020,Josh Walker,Baltimore Orioles,BAL,P,RP,L,L,61,active
680694,Kyle Bradish,Baltimore Orioles,BAL,P,RP,R,R,38,active
670329,Rico Garcia,Baltimore Orioles,BAL,P,RP,R,R,50,active
669358,Shane Baz,Baltimore Orioles,BAL,P,RP,R,R,34,active
669432,Trevor Rogers,Baltimore Orioles,BAL,P,RP,L,L,28,active
666974,Yennier Cano,Baltimore Orioles,BAL,P,RP,R,R,78,active
683002,Gunnar Henderson,Baltimore Orioles,BAL,SS,SS,L,R,2,active
575929,Willson Contreras,Boston Red Sox,BOS,1B,1B,R,R,40,active
686765,Nick Sogard,Boston Red Sox,BOS,2B,2B,S,R,20,active
702332,Caleb Durbin,Boston Red Sox,BOS,3B,3B,R,R,5,active
668939,Adley Rutschman,Boston Red Sox,BOS,C,C,S,R,31,active
657136,Connor Wong,Boston Red Sox,BOS,C,C,R,R,12,active
663330,Jahmai Jones,Boston Red Sox,BOS,DH,DH,R,R,37,active
678882,Ceddanne Rafaela,Boston Red Sox,BOS,CF,OF,R,R,3,active
642201,Eli White,Boston Red Sox,BOS,RF,OF,R,R,38,active
680776,Jarren Duran,Boston Red Sox,BOS,LF,OF,L,R,16,active
701350,Roman Anthony,Boston Red Sox,BOS,LF,OF,L,R,19,active
677800,Wilyer Abreu,Boston Red Sox,BOS,RF,OF,L,L,52,active
687941,Alec Gamboa,Boston Red Sox,BOS,P,RP,S,L,68,active
547973,Aroldis Chapman,Boston Red Sox,BOS,P,RP,L,L,44,active
678394,Brayan Bello,Boston Red Sox,BOS,P,RP,R,R,66,active
669062,Erik Miller,Boston Red Sox,BOS,P,RP,L,L,67,active
676477,Garrett Whitlock,Boston Red Sox,BOS,P,RP,R,R,22,active
669711,Greg Weissert,Boston Red Sox,BOS,P,RP,R,R,57,active
687562,Jake Bennett,Boston Red Sox,BOS,P,RP,L,L,64,active
663558,Jovani Morán,Boston Red Sox,BOS,P,RP,L,L,47,active
663776,Patrick Sandoval,Boston Red Sox,BOS,P,RP,L,L,43,active
801139,Payton Tolle,Boston Red Sox,BOS,P,RP,L,L,70,active
624133,Ranger Suarez,Boston Red Sox,BOS,P,RP,L,L,55,active
543243,Sonny Gray,Boston Red Sox,BOS,P,RP,R,R,54,active
594027,Tyron Guerrero,Boston Red Sox,BOS,P,RP,R,R,41,active
655316,Andruw Monasterio,Boston Red Sox,BOS,SS,SS,R,R,32,active
596115,Trevor Story,Boston Red Sox,BOS,SS,SS,R,R,10,active
683737,Michael Busch,Chicago Cubs,CHC,1B,1B,L,R,29,active
663538,Nico Hoerner,Chicago Cubs,CHC,2B,2B,R,R,2,active
699393,Pedro Ramírez,Chicago Cubs,CHC,2B,2B,S,R,75,active
608324,Alex Bregman,Chicago Cubs,CHC,3B,3B,R,R,3,active
672356,Gabriel Arias,Chicago Cubs,CHC,3B,3B,R,R,43,active
608348,Carson Kelly,Chicago Cubs,CHC,C,C,R,R,15,active
665804,Miguel Amaya,Chicago Cubs,CHC,C,C,R,R,9,active
624424,Michael Conforto,Chicago Cubs,CHC,DH,DH,L,R,20,active
664023,Ian Happ,Chicago Cubs,CHC,LF,OF,S,R,8,active
807713,Matt Shaw,Chicago Cubs,CHC,RF,OF,R,R,6,active
691718,Pete Crow-Armstrong,Chicago Cubs,CHC,CF,OF,L,L,4,active
673548,Seiya Suzuki,Chicago Cubs,CHC,RF,OF,R,R,27,active
621438,Tyrone Taylor,Chicago Cubs,CHC,LF,OF,R,R,55,active
650644,Aaron Civale,Chicago Cubs,CHC,P,RP,R,R,38,active
573204,Caleb Thielbar,Chicago Cubs,CHC,P,RP,R,L,24,active
605280,Clay Holmes,Chicago Cubs,CHC,P,RP,R,R,25,active
607067,Colin Rea,Chicago Cubs,CHC,P,RP,R,R,53,active
694037,Daniel Palencia,Chicago Cubs,CHC,P,RP,R,R,48,active
656849,David Peterson,Chicago Cubs,CHC,P,RP,L,L,19,active
657097,Jacob Webb,Chicago Cubs,CHC,P,RP,R,R,71,active
592332,Kevin Gausman,Chicago Cubs,CHC,P,RP,L,R,12,active
571510,Matthew Boyd,Chicago Cubs,CHC,P,RP,L,L,16,active
669020,Ryan Rolison,Chicago Cubs,CHC,P,RP,R,L,33,active
666171,Ryan Zeferjahn,Chicago Cubs,CHC,P,RP,R,R,56,active
684007,Shota Imanaga,Chicago Cubs,CHC,P,RP,L,L,18,active
663423,Trent Thornton,Chicago Cubs,CHC,P,RP,R,R,49,active
808959,Munetaka Murakami,Chicago White Sox,CHW,1B,1B,L,R,5,active
805367,Chase Meidroth,Chicago White Sox,CHW,2B,2B,R,R,10,active
678246,Miguel Vargas,Chicago White Sox,CHW,3B,3B,R,R,20,active
691011,Drew Romo,Chicago White Sox,CHW,C,C,S,R,36,active
668670,Jake Rogers,Chicago White Sox,CHW,C,C,R,R,28,active
643217,Andrew Benintendi,Chicago White Sox,CHW,DH,DH,L,L,23,active
545341,Randal Grichuk,Chicago White Sox,CHW,DH,DH,R,R,34,active
695731,Braden Montgomery,Chicago White Sox,CHW,RF,OF,S,R,24,active
686668,Brenton Doyle,Chicago White Sox,CHW,CF,OF,R,R,7,active
803011,Sam Antonacci,Chicago White Sox,CHW,LF,OF,L,R,17,active
671976,Tristan Peters,Chicago White Sox,CHW,CF,OF,L,R,29,active
641743,Anthony Kay,Chicago White Sox,CHW,P,RP,L,L,18,active
663542,Bryan Hudson,Chicago White Sox,CHW,P,RP,L,L,60,active
607200,Erick Fedde,Chicago White Sox,CHW,P,RP,R,R,47,active
691799,Grant Taylor,Chicago White Sox,CHW,P,RP,R,R,31,active
696146,Hagen Smith,Chicago White Sox,CHW,P,RP,L,L,32,active
663855,Jordan Hicks,Chicago White Sox,CHW,P,RP,R,R,44,active
664353,José Urquidy,Chicago White Sox,CHW,P,RP,R,R,70,active
622491,Luis Castillo,Chicago White Sox,CHW,P,RP,R,R,58,active
680732,Sean Burke,Chicago White Sox,CHW,P,RP,R,R,59,active
656794,Sean Newcomb,Chicago White Sox,CHW,P,RP,L,L,15,active
670950,Trevor Richards,Chicago White Sox,CHW,P,RP,R,R,43,active
699823,Tyler Davis,Chicago White Sox,CHW,P,RP,R,R,63,active
656457,Tyler Gilbert,Chicago White Sox,CHW,P,RP,L,L,40,active
695657,Colson Montgomery,Chicago White Sox,CHW,SS,SS,L,R,12,active
682668,Luisangel Acuña,Chicago White Sox,CHW,SS,SS,R,R,0,active
701398,Sal Stewart,Cincinnati Reds,CIN,1B,1B,R,R,27,active
695490,Edwin Arroyo,Cincinnati Reds,CIN,2B,2B,S,R,2,active
671155,Ivan Johnson,Cincinnati Reds,CIN,2B,2B,S,R,63,active
680574,Matt McLain,Cincinnati Reds,CIN,2B,2B,R,R,9,active
624431,Jose Trevino,Cincinnati Reds,CIN,C,C,R,R,35,active
663886,Tyler Stephenson,Cincinnati Reds,CIN,C,C,R,R,37,active
677943,Will Banfield,Cincinnati Reds,CIN,C,C,R,R,60,active
553993,Eugenio Suárez,Cincinnati Reds,CIN,DH,DH,R,R,28,active
667472,Dane Myers,Cincinnati Reds,CIN,CF,OF,R,R,17,active
699302,Héctor Rodríguez,Cincinnati Reds,CIN,RF,OF,L,R,43,active
668709,JJ Bleday,Cincinnati Reds,CIN,LF,OF,L,L,22,active
670770,TJ Friedl,Cincinnati Reds,CIN,CF,OF,L,L,29,active
671096,Andrew Abbott,Cincinnati Reds,CIN,P,RP,L,L,41,active
663903,Brady Singer,Cincinnati Reds,CIN,P,RP,R,R,51,active
656271,Brock Burke,Cincinnati Reds,CIN,P,RP,L,L,49,active
695505,Chase Burns,Cincinnati Reds,CIN,P,RP,R,R,26,active
641941,Emilio Pagán,Cincinnati Reds,CIN,P,RP,L,R,15,active
670062,Julian Garcia,Cincinnati Reds,CIN,P,RP,L,R,57,active
682825,Luis Mey,Cincinnati Reds,CIN,P,RP,R,R,47,active
666157,Nick Lodolo,Cincinnati Reds,CIN,P,RP,L,L,40,active
572955,Pierce Johnson,Cincinnati Reds,CIN,P,RP,R,R,52,active
695076,Rhett Lowder,Cincinnati Reds,CIN,P,RP,R,R,25,active
594580,Sam Moll,Cincinnati Reds,CIN,P,RP,L,L,50,active
622088,Tejay Antone,Cincinnati Reds,CIN,P,RP,R,R,70,active
663574,Tony Santillan,Cincinnati Reds,CIN,P,RP,R,R,64,active
682829,Elly De La Cruz,Cincinnati Reds,CIN,SS,SS,S,R,44,active
663993,Nathaniel Lowe,Cleveland Guardians,CLE,1B,1B,L,R,46,active
694197,Angel Genao,Cleveland Guardians,CLE,2B,2B,S,R,17,active
683953,Travis Bazzana,Cleveland Guardians,CLE,2B,2B,L,R,37,active
608070,José Ramírez,Cleveland Guardians,CLE,3B,3B,S,R,11,active
595978,Austin Hedges,Cleveland Guardians,CLE,C,C,R,R,27,active
672275,Patrick Bailey,Cleveland Guardians,CLE,C,C,S,R,16,active
682657,Angel Martínez,Cleveland Guardians,CLE,LF,OF,S,R,1,active
800050,Chase DeLauter,Cleveland Guardians,CLE,RF,OF,L,L,24,active
681807,David Fry,Cleveland Guardians,CLE,RF,OF,R,R,6,active
666176,Jo Adell,Cleveland Guardians,CLE,RF,OF,R,R,7,active
690984,Petey Halpin,Cleveland Guardians,CLE,CF,OF,L,R,0,active
680757,Steven Kwan,Cleveland Guardians,CLE,LF,OF,L,L,38,active
671922,Cade Smith,Cleveland Guardians,CLE,P,RP,R,R,36,active
670059,Colin Holderman,Cleveland Guardians,CLE,P,RP,R,R,35,active
684974,Craig Yoho,Cleveland Guardians,CLE,P,RP,R,R,23,active
681870,Erik Sabrowski,Cleveland Guardians,CLE,P,RP,R,L,62,active
656492,Foster Griffin,Cleveland Guardians,CLE,P,RP,R,L,22,active
668909,Gavin Williams,Cleveland Guardians,CLE,P,RP,L,R,32,active
683769,Hunter Gaddis,Cleveland Guardians,CLE,P,RP,R,R,33,active
676282,Joey Cantillo,Cleveland Guardians,CLE,P,RP,L,L,54,active
671106,Logan Allen,Cleveland Guardians,CLE,P,RP,R,L,26,active
670036,Matt Festa,Cleveland Guardians,CLE,P,RP,R,R,52,active
800048,Parker Messick,Cleveland Guardians,CLE,P,RP,L,L,77,active
676440,Tanner Bibee,Cleveland Guardians,CLE,P,RP,R,R,28,active
682120,Tim Herrin,Cleveland Guardians,CLE,P,RP,L,L,29,active
677587,Brayan Rocchio,Cleveland Guardians,CLE,SS,SS,S,R,4,active
681198,TJ Rumfield,Colorado Rockies,COL,1B,1B,L,R,7,active
681393,Connor Norby,Colorado Rockies,COL,2B,2B,R,R,35,active
650489,Willi Castro,Colorado Rockies,COL,2B,2B,S,R,3,active
664954,Brett Sullivan,Colorado Rockies,COL,C,C,L,R,26,active
696100,Hunter Goodman,Colorado Rockies,COL,C,C,R,R,15,active
694249,Cole Carrigg,Colorado Rockies,COL,CF,OF,S,R,16,active
664983,Jake McCarthy,Colorado Rockies,COL,LF,OF,L,L,31,active
687597,Jordan Beck,Colorado Rockies,COL,LF,OF,R,R,27,active
666160,Mickey Moniak,Colorado Rockies,COL,LF,OF,L,R,22,active
687859,Troy Johnston,Colorado Rockies,COL,RF,OF,L,L,20,active
691728,Zac Veen,Colorado Rockies,COL,LF,OF,L,R,13,active
657514,Brennan Bernardino,Colorado Rockies,COL,P,RP,L,L,83,active
687312,Gabriel Hughes,Colorado Rockies,COL,P,RP,R,R,43,active
677955,Jaden Hill,Colorado Rockies,COL,P,RP,R,R,0,active
623474,Jimmy Herget,Colorado Rockies,COL,P,RP,R,R,44,active
605447,Jordan Romano,Colorado Rockies,COL,P,RP,R,R,68,active
675848,Juan Mejia,Colorado Rockies,COL,P,RP,R,R,47,active
815081,Mark Manfredi,Colorado Rockies,COL,P,RP,R,L,54,active
690279,Mason Adams,Colorado Rockies,COL,P,RP,R,R,38,active
693308,Nick Frasso,Colorado Rockies,COL,P,RP,R,R,41,active
663372,Ryan Feltner,Colorado Rockies,COL,P,RP,R,R,18,active
685299,Tanner Gordon,Colorado Rockies,COL,P,RP,L,R,29,active
608372,Tomoyuki Sugano,Colorado Rockies,COL,P,RP,R,R,11,active
688642,Zach Agnos,Colorado Rockies,COL,P,RP,R,R,36,active
678662,Ezequiel Tovar,Colorado Rockies,COL,SS,SS,R,R,14,active
690022,Ryan Ritter,Colorado Rockies,COL,SS,SS,R,R,8,active
679529,Spencer Torkelson,Detroit Tigers,DET,1B,1B,R,R,20,active
650402,Gleyber Torres,Detroit Tigers,DET,2B,2B,R,R,25,active
701678,Hao-Yu Lee,Detroit Tigers,DET,2B,2B,R,R,50,active
690993,Colt Keith,Detroit Tigers,DET,3B,3B,L,R,33,active
693307,Dillon Dingler,Detroit Tigers,DET,C,C,R,R,13,active
680664,Eduardo Valencia,Detroit Tigers,DET,DH,DH,R,R,32,active
701162,Ben Malgeri,Detroit Tigers,DET,RF,OF,R,R,53,active
814430,Brett Callahan,Detroit Tigers,DET,LF,OF,L,R,34,active
667452,Corey Julks,Detroit Tigers,DET,LF,OF,R,R,44,active
703601,Max Clark,Detroit Tigers,DET,CF,OF,L,L,15,active
656716,Zach McKinstry,Detroit Tigers,DET,RF,OF,L,R,39,active
808825,Andrew Sears,Detroit Tigers,DET,P,RP,L,L,64,active
623454,Drew Anderson,Detroit Tigers,DET,P,RP,R,R,38,active
805427,Drew Sommers,Detroit Tigers,DET,P,RP,L,L,51,active
664285,Framber Valdez,Detroit Tigers,DET,P,RP,R,L,59,active
695549,Jackson Jobe,Detroit Tigers,DET,P,RP,R,R,21,active
621097,Jacob Waguespack,Detroit Tigers,DET,P,RP,R,R,58,active
672456,Keider Montero,Detroit Tigers,DET,P,RP,R,R,54,active
445276,Kenley Jansen,Detroit Tigers,DET,P,RP,S,R,74,active
640448,Kyle Finnegan,Detroit Tigers,DET,P,RP,R,R,67,active
663432,Tanner Rainey,Detroit Tigers,DET,P,RP,R,R,56,active
675512,Troy Melton,Detroit Tigers,DET,P,RP,R,R,52,active
663947,Tyler Holton,Detroit Tigers,DET,P,RP,L,L,87,active
641755,Tyler Kinley,Detroit Tigers,DET,P,RP,R,R,55,active
595879,Javier Báez,Detroit Tigers,DET,SS,SS,R,R,28,active
805808,Kevin McGonigle,Detroit Tigers,DET,SS,SS,L,R,7,active
572233,Christian Walker,Houston Astros,HOU,1B,1B,R,R,8,active
514888,Jose Altuve,Houston Astros,HOU,2B,2B,R,R,27,active
670623,Isaac Paredes,Houston Astros,HOU,3B,3B,R,R,15,active
543877,Christian Vázquez,Houston Astros,HOU,C,C,R,R,2,active
673237,Yainer Diaz,Houston Astros,HOU,C,C,R,R,21,active
670541,Yordan Alvarez,Houston Astros,HOU,DH,DH,L,R,44,active
701358,Cam Smith,Houston Astros,HOU,RF,OF,R,R,11,active
662139,Daulton Varsho,Houston Astros,HOU,CF,OF,L,R,18,active
664774,LaMonte Wade Jr.,Houston Astros,HOU,LF,OF,L,L,31,active
676369,Nelson Velázquez,Houston Astros,HOU,LF,OF,R,R,30,active
666211,Taylor Trammell,Houston Astros,HOU,CF,OF,L,L,26,active
805123,AJ Blubaugh,Houston Astros,HOU,P,RP,R,R,69,active
656986,Bennett Sousa,Houston Astros,HOU,P,RP,L,L,62,active
650556,Bryan Abreu,Houston Astros,HOU,P,RP,R,R,52,active
664299,Cristian Javier,Houston Astros,HOU,P,RP,R,R,53,active
660853,Enyel De Los Santos,Houston Astros,HOU,P,RP,R,R,65,active
814490,Ethan Pecko,Houston Astros,HOU,P,RP,R,R,70,active
669713,Hayden Wesneski,Houston Astros,HOU,P,RP,R,R,39,active
686613,Hunter Brown,Houston Astros,HOU,P,RP,R,R,58,active
623352,Josh Hader,Houston Astros,HOU,P,RP,L,L,71,active
678906,Kai-Wei Teng,Houston Astros,HOU,P,RP,R,R,17,active
663567,Peter Lambert,Houston Astros,HOU,P,RP,R,R,38,active
595345,Steven Okert,Houston Astros,HOU,P,RP,L,L,48,active
837227,Tatsuya Imai,Houston Astros,HOU,P,RP,R,R,45,active
665161,Jeremy Peña,Houston Astros,HOU,SS,SS,R,R,3,active
669397,Nick Allen,Houston Astros,HOU,SS,SS,R,R,20,active
686469,Vinnie Pasquantino,Kansas City Royals,KCR,1B,1B,L,L,9,active
668942,Josh Rojas,Kansas City Royals,KCR,3B,3B,L,R,40,active
679845,Nick Loftin,Kansas City Royals,KCR,3B,3B,R,R,12,active
695600,Carter Jensen,Kansas City Royals,KCR,C,C,L,R,22,active
571912,Luke Maile,Kansas City Royals,KCR,C,C,R,R,18,active
521692,Salvador Perez,Kansas City Royals,KCR,DH,DH,R,R,13,active
686555,Isaac Collins,Kansas City Royals,KCR,LF,OF,S,R,1,active
695506,Jac Caglianone,Kansas City Royals,KCR,RF,OF,L,L,14,active
670231,John Rave,Kansas City Royals,KCR,RF,OF,L,L,16,active
664728,Kyle Isbel,Kansas City Royals,KCR,CF,OF,L,R,28,active
683090,Matthew Lugo,Kansas City Royals,KCR,LF,OF,R,R,24,active
656638,Alex Lange,Kansas City Royals,KCR,P,RP,R,R,56,active
543238,Anthony Gose,Kansas City Royals,KCR,P,RP,L,L,34,active
671162,Connor Thomas,Kansas City Royals,KCR,P,RP,L,L,50,active
518886,Craig Kimbrel,Kansas City Royals,KCR,P,RP,R,R,26,active
663738,Daniel Lynch IV,Kansas City Royals,KCR,P,RP,L,L,41,active
670167,John Schreiber,Kansas City Royals,KCR,P,RP,R,R,46,active
621016,Jose Cuas,Kansas City Royals,KCR,P,RP,R,R,74,active
608379,Michael Wacha,Kansas City Royals,KCR,P,RP,R,R,52,active
663878,Nate Pearson,Kansas City Royals,KCR,P,RP,R,R,61,active
702070,Noah Cameron,Kansas City Royals,KCR,P,RP,L,L,65,active
677976,Randy Dobnak,Kansas City Royals,KCR,P,RP,R,R,62,active
607625,Seth Lugo,Kansas City Royals,KCR,P,RP,R,R,67,active
674444,Steven Cruz,Kansas City Royals,KCR,P,RP,R,R,64,active
677951,Bobby Witt Jr.,Kansas City Royals,KCR,SS,SS,R,R,7,active
686475,Tyler Tolbert,Kansas City Royals,KCR,SS,SS,R,R,2,active
624428,Adam Frazier,Los Angeles Angels,LAA,2B,2B,L,R,20,active
695681,Christian Moore,Los Angeles Angels,LAA,2B,2B,R,R,4,active
672724,Oswald Peraza,Los Angeles Angels,LAA,2B,2B,R,R,2,active
687093,Vaughn Grissom,Los Angeles Angels,LAA,2B,2B,R,R,5,active
694203,Denzer Guzman,Los Angeles Angels,LAA,3B,3B,R,R,23,active
518595,Travis d'Arnaud,Los Angeles Angels,LAA,C,C,R,R,25,active
623168,Tyler Heineman,Los Angeles Angels,LAA,C,C,S,R,31,active
694208,Moisés Ballesteros,Los Angeles Angels,LAA,DH,DH,L,R,13,active
642350,Jose Siri,Los Angeles Angels,LAA,CF,OF,R,R,28,active
666139,Josh Lowe,Los Angeles Angels,LAA,LF,OF,L,R,3,active
545361,Mike Trout,Los Angeles Angels,LAA,CF,OF,R,R,27,active
685133,Wade Meckler,Los Angeles Angels,LAA,LF,OF,L,R,53,active
690829,Ben Joyce,Los Angeles Angels,LAA,P,RP,R,R,44,active
676620,Blake Weiman,Los Angeles Angels,LAA,P,RP,R,L,68,active
680570,Grayson Rodriguez,Los Angeles Angels,LAA,P,RP,L,R,21,active
820862,José Fermin,Los Angeles Angels,LAA,P,RP,R,R,65,active
684665,Luke Murphy,Los Angeles Angels,LAA,P,RP,R,R,72,active
815083,Mitch Farris,Los Angeles Angels,LAA,P,RP,L,L,70,active
672282,Reid Detmers,Los Angeles Angels,LAA,P,RP,L,L,48,active
696270,Ryan Johnson,Los Angeles Angels,LAA,P,RP,S,R,32,active
670245,Ryan Watson,Los Angeles Angels,LAA,P,RP,R,R,56,active
671111,Sammy Peralta,Los Angeles Angels,LAA,P,RP,L,L,67,active
642048,Tayler Saucedo,Los Angeles Angels,LAA,P,RP,L,L,55,active
700712,Walbert Ureña,Los Angeles Angels,LAA,P,RP,R,R,57,active
579328,Yusei Kikuchi,Los Angeles Angels,LAA,P,RP,L,L,16,active
687263,Zach Neto,Los Angeles Angels,LAA,SS,SS,R,R,9,active
571771,Enrique Hernández,Los Angeles Dodgers,LAD,1B,1B,R,R,8,active
518692,Freddie Freeman,Los Angeles Dodgers,LAD,1B,1B,L,R,5,active
500743,Miguel Rojas,Los Angeles Dodgers,LAD,2B,2B,R,R,72,active
669242,Tommy Edman,Los Angeles Dodgers,LAD,2B,2B,S,R,25,active
571970,Max Muncy,Los Angeles Dodgers,LAD,3B,3B,L,R,13,active
666163,Ben Rortvedt,Los Angeles Dodgers,LAD,C,C,L,R,47,active
676439,Hunter Feduccia,Los Angeles Dodgers,LAD,C,C,L,R,46,active
677950,Alek Thomas,Los Angeles Dodgers,LAD,CF,OF,L,L,9,active
669743,Alex Call,Los Angeles Dodgers,LAD,LF,OF,R,R,12,active
663656,Kyle Tucker,Los Angeles Dodgers,LAD,RF,OF,L,R,23,active
606192,Teoscar Hernández,Los Angeles Dodgers,LAD,LF,OF,R,R,37,active
681911,Alex Vesia,Los Angeles Dodgers,LAD,P,RP,L,L,51,active
605483,Blake Snell,Los Angeles Dodgers,LAD,P,RP,L,L,7,active
592779,Brock Stewart,Los Angeles Dodgers,LAD,P,RP,L,R,41,active
683618,Edgardo Henriquez,Los Angeles Dodgers,LAD,P,RP,R,R,60,active
641778,Eric Lauer,Los Angeles Dodgers,LAD,P,RP,R,L,33,active
623465,Evan Phillips,Los Angeles Dodgers,LAD,P,RP,R,R,59,active
676263,Jack Dreyer,Los Angeles Dodgers,LAD,P,RP,R,L,86,active
669165,Kyle Hurt,Los Angeles Dodgers,LAD,P,RP,R,R,63,active
678020,Seth Halvorsen,Los Angeles Dodgers,LAD,P,RP,R,R,56,active
656945,Tanner Scott,Los Angeles Dodgers,LAD,P,RP,R,L,66,active
669373,Tarik Skubal,Los Angeles Dodgers,LAD,P,RP,R,L,29,active
607192,Tyler Glasnow,Los Angeles Dodgers,LAD,P,RP,L,R,31,active
808967,Yoshinobu Yamamoto,Los Angeles Dodgers,LAD,P,RP,R,R,18,active
605141,Mookie Betts,Los Angeles Dodgers,LAD,SS,SS,R,R,50,active
660271,Shohei Ohtani,Los Angeles Dodgers,LAD,TWP,TWP,L,R,17,active
669065,Kyle Stowers,Miami Marlins,MIA,1B,1B,L,L,28,active
669364,Xavier Edwards,Miami Marlins,MIA,2B,2B,S,R,9,active
691594,Javier Sanoja,Miami Marlins,MIA,3B,3B,R,R,8,active
677870,Leo Jiménez,Miami Marlins,MIA,3B,3B,R,R,19,active
682663,Agustín Ramírez,Miami Marlins,MIA,C,C,R,R,50,active
640459,Brian Navarreto,Miami Marlins,MIA,C,C,R,R,64,active
691788,Joe Mack,Miami Marlins,MIA,C,C,L,R,80,active
665923,Esteury Ruiz,Miami Marlins,MIA,RF,OF,R,R,3,active
665052,Griffin Conine,Miami Marlins,MIA,RF,OF,L,R,18,active
681715,Heriberto Hernández,Miami Marlins,MIA,LF,OF,R,R,13,active
805300,Jakob Marsee,Miami Marlins,MIA,CF,OF,L,L,87,active
683357,Owen Caissie,Miami Marlins,MIA,RF,OF,L,R,17,active
676534,Calvin Faucher,Miami Marlins,MIA,P,RP,R,R,53,active
690978,Dax Fulton,Miami Marlins,MIA,P,RP,L,L,90,active
691587,Eury Pérez,Miami Marlins,MIA,P,RP,R,R,39,active
667652,Jack Ralston,Miami Marlins,MIA,P,RP,R,R,79,active
676083,Janson Junk,Miami Marlins,MIA,P,RP,R,R,26,active
694795,Josh Ekness,Miami Marlins,MIA,P,RP,R,R,95,active
656848,Michael Petersen,Miami Marlins,MIA,P,RP,R,R,49,active
687473,Ryan Gusto,Miami Marlins,MIA,P,RP,R,R,65,active
645261,Sandy Alcantara,Miami Marlins,MIA,P,RP,R,R,22,active
663969,Tyler Phillips,Miami Marlins,MIA,P,RP,R,R,30,active
676604,Tyler Zuber,Miami Marlins,MIA,P,RP,R,R,55,active
680767,Victor Vodnik,Miami Marlins,MIA,P,RP,R,R,38,active
682790,Wikelman González,Miami Marlins,MIA,P,RP,R,R,67,active
672640,Otto Lopez,Miami Marlins,MIA,SS,SS,R,R,6,active
683734,Andrew Vaughn,Milwaukee Brewers,MIL,1B,1B,R,R,28,active
641343,Jake Bauers,Milwaukee Brewers,MIL,1B,1B,L,L,9,active
668930,Brice Turang,Milwaukee Brewers,MIL,2B,2B,L,R,2,active
666152,David Hamilton,Milwaukee Brewers,MIL,3B,3B,L,R,6,active
596142,Gary Sánchez,Milwaukee Brewers,MIL,C,C,R,R,99,active
661388,William Contreras,Milwaukee Brewers,MIL,C,C,R,R,24,active
592885,Christian Yelich,Milwaukee Brewers,MIL,DH,DH,L,R,22,active
669003,Garrett Mitchell,Milwaukee Brewers,MIL,CF,OF,L,R,5,active
694192,Jackson Chourio,Milwaukee Brewers,MIL,LF,OF,R,R,11,active
800325,Luis Lara,Milwaukee Brewers,MIL,RF,OF,S,R,18,active
686217,Sal Frelick,Milwaukee Brewers,MIL,RF,OF,L,R,10,active
676879,Aaron Ashby,Milwaukee Brewers,MIL,P,RP,R,L,26,active
622608,Antonio Senzatela,Milwaukee Brewers,MIL,P,RP,R,R,49,active
669060,Bryse Wilson,Milwaukee Brewers,MIL,P,RP,R,R,41,active
694477,Chad Patrick,Milwaukee Brewers,MIL,P,RP,R,R,39,active
669084,DL Hall,Milwaukee Brewers,MIL,P,RP,L,L,37,active
669160,Dustin May,Milwaukee Brewers,MIL,P,RP,R,R,21,active
681982,Grant Anderson,Milwaukee Brewers,MIL,P,RP,R,R,56,active
694819,Jacob Misiorowski,Milwaukee Brewers,MIL,P,RP,R,R,32,active
690986,Kyle Harrison,Milwaukee Brewers,MIL,P,RP,R,L,52,active
701656,Logan Henderson,Milwaukee Brewers,MIL,P,RP,R,R,43,active
688107,Robert Gasser,Milwaukee Brewers,MIL,P,RP,L,L,54,active
675660,Shane Drohan,Milwaukee Brewers,MIL,P,RP,L,L,55,active
656730,Trevor Megill,Milwaukee Brewers,MIL,P,RP,L,R,29,active
806198,Cooper Pratt,Milwaukee Brewers,MIL,SS,SS,R,R,12,active
687401,Joey Ortiz,Milwaukee Brewers,MIL,SS,SS,R,R,3,active
665019,Kody Clemens,Minnesota Twins,MIN,1B,1B,L,R,2,active
668904,Royce Lewis,Minnesota Twins,MIN,1B,1B,R,R,23,active
807712,Luke Keaschall,Minnesota Twins,MIN,2B,2B,R,R,15,active
686797,Brooks Lee,Minnesota Twins,MIN,3B,3B,S,R,22,active
656577,Alex Jackson,Minnesota Twins,MIN,C,C,R,R,70,active
680777,Ryan Jeffers,Minnesota Twins,MIN,C,C,R,R,27,active
605170,Victor Caratini,Minnesota Twins,MIN,C,C,S,R,37,active
605137,Josh Bell,Minnesota Twins,MIN,DH,DH,S,R,56,active
694224,Gabriel Gonzalez,Minnesota Twins,MIN,RF,OF,R,R,72,active
663616,Trevor Larnach,Minnesota Twins,MIN,LF,OF,L,R,9,active
805805,Walker Jenkins,Minnesota Twins,MIN,CF,OF,L,R,11,active
621345,A.J. Minter,Minnesota Twins,MIN,P,RP,L,L,33,active
702193,Andrew Morris,Minnesota Twins,MIN,P,RP,R,R,78,active
641927,Bailey Ober,Minnesota Twins,MIN,P,RP,R,R,17,active
687570,Connor Prielipp,Minnesota Twins,MIN,P,RP,L,L,61,active
665152,Dean Kremer,Minnesota Twins,MIN,P,RP,R,R,13,active
656546,Jeff Hoffman,Minnesota Twins,MIN,P,RP,R,R,24,active
681892,Kody Funderburk,Minnesota Twins,MIN,P,RP,L,L,57,active
671737,Taj Bradley,Minnesota Twins,MIN,P,RP,R,R,26,active
573124,Taylor Rogers,Minnesota Twins,MIN,P,RP,L,L,55,active
667297,Tommy Nance,Minnesota Twins,MIN,P,RP,R,R,35,active
701519,Travis Adams,Minnesota Twins,MIN,P,RP,R,R,45,active
672782,Yoendrys Gómez,Minnesota Twins,MIN,P,RP,R,R,94,active
805673,Zebby Matthews,Minnesota Twins,MIN,P,RP,R,R,52,active
701785,Kaelen Culpepper,Minnesota Twins,MIN,SS,SS,R,R,12,active
668952,Ryan Kreidler,Minnesota Twins,MIN,SS,SS,R,R,5,active
666624,Christopher Morel,New York Mets,NYM,1B,1B,R,R,28,active
676724,Jared Young,New York Mets,NYM,1B,1B,L,R,29,active
543760,Marcus Semien,New York Mets,NYM,2B,2B,R,R,10,active
666182,Bo Bichette,New York Mets,NYM,3B,3B,R,R,19,active
683146,Brett Baty,New York Mets,NYM,3B,3B,L,R,7,active
682626,Francisco Alvarez,New York Mets,NYM,C,C,R,R,4,active
620443,Luis Torrens,New York Mets,NYM,C,C,R,R,13,active
805999,A.J. Ewing,New York Mets,NYM,CF,OF,L,R,9,active
701807,Carson Benge,New York Mets,NYM,RF,OF,L,R,3,active
665506,Cristian Pache,New York Mets,NYM,OF,OF,R,R,71,active
665742,Juan Soto,New York Mets,NYM,LF,OF,L,L,22,active
673357,Luis Robert Jr.,New York Mets,NYM,CF,OF,R,R,88,active
681810,Austin Warren,New York Mets,NYM,P,RP,R,R,44,active
606965,Chris Devenski,New York Mets,NYM,P,RP,R,R,56,active
681035,Christian Scott,New York Mets,NYM,P,RP,R,R,45,active
650960,Daniel Duarte,New York Mets,NYM,P,RP,R,R,54,active
673380,Dedniel Núñez,New York Mets,NYM,P,RP,R,R,72,active
642376,Jefry Yan,New York Mets,NYM,P,RP,L,L,84,active
702752,Jonathan Pintaro,New York Mets,NYM,P,RP,R,R,91,active
673540,Kodai Senga,New York Mets,NYM,P,RP,L,R,34,active
681320,Nate Lavender,New York Mets,NYM,P,RP,L,L,94,active
690997,Nolan McLean,New York Mets,NYM,P,RP,R,R,26,active
476594,Robert Stock,New York Mets,NYM,P,RP,L,R,89,active
640455,Sean Manaea,New York Mets,NYM,P,RP,R,L,59,active
804267,Zac Thornton,New York Mets,NYM,P,RP,L,L,49,active
596019,Francisco Lindor,New York Mets,NYM,SS,SS,S,R,12,active
671277,Luis García Jr.,New York Yankees,NYY,1B,1B,L,R,26,active
502671,Paul Goldschmidt,New York Yankees,NYY,1B,1B,R,R,48,active
665862,Jazz Chisholm Jr.,New York Yankees,NYY,2B,2B,L,R,13,active
642708,Amed Rosario,New York Yankees,NYY,3B,3B,R,R,14,active
645305,Ali Sánchez,New York Yankees,NYY,C,C,R,R,39,active
669224,Austin Wells,New York Yankees,NYY,C,C,L,R,28,active
700250,Ben Rice,New York Yankees,NYY,DH,DH,L,R,22,active
641355,Cody Bellinger,New York Yankees,NYY,LF,OF,L,L,35,active
671218,Heliot Ramos,New York Yankees,NYY,LF,OF,R,R,34,active
682987,Spencer Jones,New York Yankees,NYY,RF,OF,L,L,78,active
663757,Trent Grisham,New York Yankees,NYY,CF,OF,L,L,12,active
687396,Brent Headrick,New York Yankees,NYY,P,RP,L,L,47,active
693645,Cam Schlittler,New York Yankees,NYY,P,RP,R,R,31,active
607074,Carlos Rodón,New York Yankees,NYY,P,RP,L,L,55,active
670280,David Bednar,New York Yankees,NYY,P,RP,L,R,53,active
695684,Elmer Rodríguez,New York Yankees,NYY,P,RP,L,R,71,active
543037,Gerrit Cole,New York Yankees,NYY,P,RP,R,R,45,active
661563,Luis Gil,New York Yankees,NYY,P,RP,R,R,81,active
608331,Max Fried,New York Yankees,NYY,P,RP,L,L,54,active
605242,Michael Fulmer,New York Yankees,NYY,P,RP,R,R,43,active
621112,Paul Blackburn,New York Yankees,NYY,P,RP,R,R,58,active
642232,Ryan Yarbrough,New York Yankees,NYY,P,RP,R,L,33,active
657612,Tim Hill,New York Yankees,NYY,P,RP,R,L,41,active
701542,Will Warren,New York Yankees,NYY,P,RP,R,R,29,active
806146,George Lombard Jr.,New York Yankees,NYY,SS,SS,R,R,96,active
676609,José Caballero,New York Yankees,NYY,SS,SS,R,R,72,active
547180,Bryce Harper,Philadelphia Phillies,PHI,1B,1B,L,R,3,active
681082,Bryson Stott,Philadelphia Phillies,PHI,2B,2B,L,R,5,active
650333,Luis Arraez,Philadelphia Phillies,PHI,2B,2B,L,R,4,active
664761,Alec Bohm,Philadelphia Phillies,PHI,3B,3B,R,R,28,active
596117,Garrett Stubbs,Philadelphia Phillies,PHI,C,C,L,R,21,active
592663,J.T. Realmuto,Philadelphia Phillies,PHI,C,C,R,R,10,active
656941,Kyle Schwarber,Philadelphia Phillies,PHI,DH,DH,L,R,12,active
669016,Brandon Marsh,Philadelphia Phillies,PHI,LF,OF,L,R,16,active
650559,Bryan De La Cruz,Philadelphia Phillies,PHI,RF,OF,R,R,41,active
656537,Derek Hill,Philadelphia Phillies,PHI,CF,OF,R,R,49,active
624641,Edmundo Sosa,Philadelphia Phillies,PHI,LF,OF,R,R,33,active
702222,Justin Crawford,Philadelphia Phillies,PHI,CF,OF,L,R,2,active
605400,Aaron Nola,Philadelphia Phillies,PHI,P,RP,R,R,27,active
686934,Alex McFarlane,Philadelphia Phillies,PHI,P,RP,R,R,71,active
691725,Andrew Painter,Philadelphia Phillies,PHI,P,RP,R,R,24,active
548384,Brooks Raley,Philadelphia Phillies,PHI,P,RP,L,L,30,active
663767,Chase Shugart,Philadelphia Phillies,PHI,P,RP,L,R,55,active
650911,Cristopher Sánchez,Philadelphia Phillies,PHI,P,RP,L,L,61,active
666200,Jesús Luzardo,Philadelphia Phillies,PHI,P,RP,L,L,44,active
661395,Jhoan Duran,Philadelphia Phillies,PHI,P,RP,R,R,59,active
680742,Jonathan Bowlan,Philadelphia Phillies,PHI,P,RP,R,R,52,active
621237,José Alvarado,Philadelphia Phillies,PHI,P,RP,L,L,46,active
689147,Orion Kerkering,Philadelphia Phillies,PHI,P,RP,R,R,50,active
641835,Tim Mayza,Philadelphia Phillies,PHI,P,RP,L,L,37,active
554430,Zack Wheeler,Philadelphia Phillies,PHI,P,RP,L,R,45,active
607208,Trea Turner,Philadelphia Phillies,PHI,SS,SS,R,R,7,active
687462,Spencer Horwitz,Pittsburgh Pirates,PIT,1B,1B,L,R,2,active
664040,Brandon Lowe,Pittsburgh Pirates,PIT,2B,2B,L,R,5,active
693304,Nick Gonzales,Pittsburgh Pirates,PIT,3B,3B,R,R,3,active
694377,Nick Yorke,Pittsburgh Pirates,PIT,3B,3B,R,R,38,active
680779,Henry Davis,Pittsburgh Pirates,PIT,C,C,R,R,32,active
804668,Rafael Flores Jr.,Pittsburgh Pirates,PIT,C,C,R,R,43,active
695257,Billy Cook,Pittsburgh Pirates,PIT,CF,OF,R,R,25,active
668804,Bryan Reynolds,Pittsburgh Pirates,PIT,LF,OF,S,R,10,active
699013,Esmerlyn Valdez,Pittsburgh Pirates,PIT,RF,OF,R,R,55,active
663968,Jake Mangum,Pittsburgh Pirates,PIT,CF,OF,S,L,28,active
665833,Oneil Cruz,Pittsburgh Pirates,PIT,CF,OF,L,R,15,active
677952,Braxton Ashcraft,Pittsburgh Pirates,PIT,P,RP,L,R,35,active
696149,Bubba Chandler,Pittsburgh Pirates,PIT,P,RP,S,R,36,active
666808,Camilo Doval,Pittsburgh Pirates,PIT,P,RP,R,R,75,active
669387,Carmen Mlodzinski,Pittsburgh Pirates,PIT,P,RP,R,R,50,active
681895,Evan Sisk,Pittsburgh Pirates,PIT,P,RP,L,L,48,active
642397,Gregory Soto,Pittsburgh Pirates,PIT,P,RP,L,L,31,active
683003,Jared Jones,Pittsburgh Pirates,PIT,P,RP,L,R,17,active
489446,Kirby Yates,Pittsburgh Pirates,PIT,P,RP,L,R,54,active
669199,Lake Bachar,Pittsburgh Pirates,PIT,P,RP,R,R,71,active
596133,Luke Weaver,Pittsburgh Pirates,PIT,P,RP,R,R,18,active
682254,Mason Montgomery,Pittsburgh Pirates,PIT,P,RP,L,L,46,active
694973,Paul Skenes,Pittsburgh Pirates,PIT,P,RP,R,R,30,active
670990,Yohan Ramírez,Pittsburgh Pirates,PIT,P,RP,R,R,49,active
694378,Jacob Gonzalez,Pittsburgh Pirates,PIT,SS,SS,L,R,26,active
669707,Jared Triolo,Pittsburgh Pirates,PIT,SS,SS,R,R,19,active
664034,Ty France,San Diego Padres,SDP,1B,1B,R,R,25,active
630105,Jake Cronenworth,San Diego Padres,SDP,2B,2B,L,R,9,active
823550,Sung-Mun Song,San Diego Padres,SDP,2B,2B,L,R,24,active
592518,Manny Machado,San Diego Padres,SDP,3B,3B,R,R,13,active
666023,Freddy Fermin,San Diego Padres,SDP,C,C,R,R,54,active
669134,Luis Campusano,San Diego Padres,SDP,C,C,R,R,12,active
669720,Austin Hays,San Diego Padres,SDP,LF,OF,R,R,15,active
687957,Dustin Harris,San Diego Padres,SDP,LF,OF,L,R,29,active
665487,Fernando Tatis Jr.,San Diego Padres,SDP,RF,OF,R,R,23,active
701538,Jackson Merrill,San Diego Padres,SDP,CF,OF,L,R,3,active
687749,Jase Bowen,San Diego Padres,SDP,RF,OF,R,R,4,active
669392,Samad Taylor,San Diego Padres,SDP,LF,OF,R,R,0,active
670970,Adrian Morejon,San Diego Padres,SDP,P,RP,L,L,50,active
699134,Bradgley Rodriguez,San Diego Padres,SDP,P,RP,R,R,72,active
663554,Casey Mize,San Diego Padres,SDP,P,RP,R,R,32,active
688158,David Morgan,San Diego Padres,SDP,P,RP,R,R,66,active
656288,Griffin Canning,San Diego Padres,SDP,P,RP,R,R,17,active
606996,Kyle Hart,San Diego Padres,SDP,P,RP,L,L,68,active
695243,Mason Miller,San Diego Padres,SDP,P,RP,R,R,22,active
650633,Michael King,San Diego Padres,SDP,P,RP,R,R,34,active
681190,Randy Vásquez,San Diego Padres,SDP,P,RP,R,R,98,active
592662,Robbie Ray,San Diego Padres,SDP,P,RP,L,L,38,active
621111,Walker Buehler,San Diego Padres,SDP,P,RP,R,R,10,active
593974,Wandy Peralta,San Diego Padres,SDP,P,RP,L,L,58,active
673513,Yuki Matsui,San Diego Padres,SDP,P,RP,L,L,1,active
593428,Xander Bogaerts,San Diego Padres,SDP,SS,SS,R,R,2,active
647304,Josh Naylor,Seattle Mariners,SEA,1B,1B,L,L,12,active
702284,Cole Young,Seattle Mariners,SEA,2B,2B,L,R,2,active
621550,Patrick Wisdom,Seattle Mariners,SEA,3B,3B,R,R,35,active
642215,Weston Wilson,Seattle Mariners,SEA,3B,3B,R,R,31,active
663728,Cal Raleigh,Seattle Mariners,SEA,C,C,S,R,29,active
640902,Jhonny Pereda,Seattle Mariners,SEA,C,C,R,R,5,active
686527,Dominic Canzone,Seattle Mariners,SEA,DH,DH,L,R,8,active
621493,Taylor Ward,Seattle Mariners,SEA,DH,DH,R,R,27,active
677594,Julio Rodríguez,Seattle Mariners,SEA,CF,OF,R,R,44,active
668227,Randy Arozarena,Seattle Mariners,SEA,LF,OF,R,R,56,active
645302,Victor Robles,Seattle Mariners,SEA,RF,OF,R,R,10,active
662253,Andrés Muñoz,Seattle Mariners,SEA,P,RP,R,R,75,active
693433,Bryan Woo,Seattle Mariners,SEA,P,RP,R,R,22,active
682243,Bryce Miller,Seattle Mariners,SEA,P,RP,R,R,50,active
672841,Carlos Vargas,Seattle Mariners,SEA,P,RP,R,R,54,active
660825,Eduard Bazardo,Seattle Mariners,SEA,P,RP,R,R,83,active
642100,Gabe Speier,Seattle Mariners,SEA,P,RP,L,L,55,active
669923,George Kirby,Seattle Mariners,SEA,P,RP,R,R,68,active
678606,José A. Ferrer,Seattle Mariners,SEA,P,RP,L,L,45,active
807739,Kade Anderson,Seattle Mariners,SEA,P,RP,L,L,13,active
669302,Logan Gilbert,Seattle Mariners,SEA,P,RP,R,R,36,active
621074,Michael Rucker,Seattle Mariners,SEA,P,RP,R,R,38,active
689546,Nick Davila,Seattle Mariners,SEA,P,RP,R,R,82,active
622554,Seranthony Domínguez,Seattle Mariners,SEA,P,RP,R,R,58,active
801126,Brock Rodden,Seattle Mariners,SEA,SS,SS,S,R,90,active
641487,J.P. Crawford,Seattle Mariners,SEA,SS,SS,L,R,3,active
646240,Rafael Devers,San Francisco Giants,SFG,1B,1B,L,R,16,active
801501,Nate Furman,San Francisco Giants,SFG,2B,2B,L,R,56,active
678545,Osleivis Basabe,San Francisco Giants,SFG,2B,2B,R,R,39,active
683766,Christian Koss,San Francisco Giants,SFG,3B,3B,R,R,50,active
694376,Shay Whitcomb,San Francisco Giants,SFG,3B,3B,R,R,13,active
668800,Andrew Knizner,San Francisco Giants,SFG,C,C,R,R,19,active
701852,Drew Cavanaugh,San Francisco Giants,SFG,C,C,L,R,61,active
805811,Bryce Eldridge,San Francisco Giants,SFG,DH,DH,L,R,8,active
687551,Drew Gilbert,San Francisco Giants,SFG,CF,OF,L,L,0,active
687529,Grant McCray,San Francisco Giants,SFG,CF,OF,L,R,58,active
813841,Jonah Cox,San Francisco Giants,SFG,CF,OF,R,R,53,active
808982,Jung Hoo Lee,San Francisco Giants,SFG,RF,OF,L,R,51,active
806367,Turner Hill,San Francisco Giants,SFG,LF,OF,L,L,52,active
683627,Anthony Molina,San Francisco Giants,SFG,P,RP,R,R,45,active
694918,Blade Tidwell,San Francisco Giants,SFG,P,RP,R,R,46,active
694820,Braxton Roxby,San Francisco Giants,SFG,P,RP,R,R,90,active
693313,Carson Seymour,San Francisco Giants,SFG,P,RP,R,R,77,active
681916,Dylan Smith,San Francisco Giants,SFG,P,RP,R,R,66,active
671345,Jason Foley,San Francisco Giants,SFG,P,RP,R,R,64,active
694738,Landen Roupp,San Francisco Giants,SFG,P,RP,R,R,65,active
657277,Logan Webb,San Francisco Giants,SFG,P,RP,R,R,62,active
683363,Matt Wilkinson,San Francisco Giants,SFG,P,RP,R,L,71,active
665665,Reiver Sanmartin,San Francisco Giants,SFG,P,RP,L,L,48,active
676254,Ryan Walker,San Francisco Giants,SFG,P,RP,R,R,74,active
805345,Trent Harris,San Francisco Giants,SFG,P,RP,R,R,68,active
805074,Yunior Marte,San Francisco Giants,SFG,P,RP,R,R,87,active
676475,Alec Burleson,St. Louis Cardinals,STL,1B,1B,L,L,41,active
693409,César Prieto,St. Louis Cardinals,STL,3B,3B,L,R,31,active
669357,Nolan Gorman,St. Louis Cardinals,STL,3B,3B,L,R,16,active
602104,Ramón Urías,St. Louis Cardinals,STL,3B,3B,R,R,29,active
699625,Jimmy Crooks,St. Louis Cardinals,STL,C,C,L,R,8,active
686780,Pedro Pagés,St. Louis Cardinals,STL,C,C,R,R,43,active
671056,Iván Herrera,St. Louis Cardinals,STL,DH,DH,R,R,48,active
663494,Bryan Torres,St. Louis Cardinals,STL,LF,OF,L,R,39,active
691023,Jordan Walker,St. Louis Cardinals,STL,RF,OF,R,R,18,active
695491,Joshua Báez,St. Louis Cardinals,STL,LF,OF,R,R,22,active
665877,José Fermín,St. Louis Cardinals,STL,LF,OF,R,R,15,active
701675,Nathan Church,St. Louis Cardinals,STL,CF,OF,L,L,27,active
695336,Thomas Saggese,St. Louis Cardinals,STL,LF,OF,R,R,25,active
802408,Brycen Mautz,St. Louis Cardinals,STL,P,RP,L,L,52,active
685464,Cade Winquest,St. Louis Cardinals,STL,P,RP,R,R,63,active
666277,George Soriano,St. Louis Cardinals,STL,P,RP,R,R,65,active
700669,Gordon Graceffo,St. Louis Cardinals,STL,P,RP,R,R,44,active
677865,Justin Bruihl,St. Louis Cardinals,STL,P,RP,L,L,47,active
681517,Kyle Leahy,St. Louis Cardinals,STL,P,RP,S,R,62,active
703725,Luis Gastelum,St. Louis Cardinals,STL,P,RP,R,R,72,active
669461,Matthew Liberatore,St. Louis Cardinals,STL,P,RP,L,L,32,active
700241,Michael McGreevy,St. Louis Cardinals,STL,P,RP,L,R,36,active
687273,Quinn Mathews,St. Louis Cardinals,STL,P,RP,L,L,60,active
676617,Riley O'Brien,St. Louis Cardinals,STL,P,RP,R,R,61,active
681676,Ryan Fernandez,St. Louis Cardinals,STL,P,RP,R,R,64,active
592773,Ryne Stanek,St. Louis Cardinals,STL,P,RP,R,R,55,active
666018,Jonathan Aranda,Tampa Bay Rays,TBR,1B,1B,L,R,8,active
680700,Richie Palacios,Tampa Bay Rays,TBR,2B,2B,L,R,1,active
691406,Junior Caminero,Tampa Bay Rays,TBR,3B,3B,R,R,13,active
700652,Kenny Piper,Tampa Bay Rays,TBR,C,C,R,R,50,active
689414,Liam Hicks,Tampa Bay Rays,TBR,C,C,L,R,34,active
663743,Nick Fortes,Tampa Bay Rays,TBR,C,C,R,R,40,active
650490,Yandy Díaz,Tampa Bay Rays,TBR,DH,DH,R,R,2,active
656775,Cedric Mullins,Tampa Bay Rays,TBR,CF,OF,L,L,31,active
802415,Chandler Simpson,Tampa Bay Rays,TBR,LF,OF,L,R,14,active
676356,Jonny DeLuca,Tampa Bay Rays,TBR,RF,OF,R,R,21,active
668723,Ryan Vilade,Tampa Bay Rays,TBR,RF,OF,R,R,26,active
641329,Bryan Baker,Tampa Bay Rays,TBR,P,RP,R,R,47,active
592155,Cam Booser,Tampa Bay Rays,TBR,P,RP,L,L,62,active
668984,Casey Legumina,Tampa Bay Rays,TBR,P,RP,R,R,67,active
656876,Drew Rasmussen,Tampa Bay Rays,TBR,P,RP,R,R,57,active
642547,Freddy Peralta,Tampa Bay Rays,TBR,P,RP,R,R,51,active
664076,Garrett Cleavinger,Tampa Bay Rays,TBR,P,RP,R,L,60,active
693855,Ian Seymour,Tampa Bay Rays,TBR,P,RP,L,L,61,active
687330,Kevin Kelly,Tampa Bay Rays,TBR,P,RP,R,R,49,active
655889,Manuel Rodríguez,Tampa Bay Rays,TBR,P,RP,R,R,39,active
607259,Nick Martinez,Tampa Bay Rays,TBR,P,RP,L,R,28,active
663556,Shane McClanahan,Tampa Bay Rays,TBR,P,RP,L,L,18,active
571927,Steven Matz,Tampa Bay Rays,TBR,P,RP,R,L,32,active
669330,Tyler Wells,Tampa Bay Rays,TBR,P,RP,R,R,68,active
622761,Jorge Mateo,Tampa Bay Rays,TBR,SS,SS,R,R,9,active
670764,Taylor Walls,Tampa Bay Rays,TBR,SS,SS,S,R,6,active
669394,Jake Burger,Texas Rangers,TEX,1B,1B,R,R,21,active
679822,Justin Foscue,Texas Rangers,TEX,2B,2B,R,R,14,active
670032,Nicky Lopez,Texas Rangers,TEX,2B,2B,L,R,33,active
683227,Cody Freeman,Texas Rangers,TEX,3B,3B,R,R,39,active
643376,Danny Jansen,Texas Rangers,TEX,C,C,R,R,9,active
553869,Elias Díaz,Texas Rangers,TEX,C,C,R,R,35,active
681351,Logan O'Hoppe,Texas Rangers,TEX,C,C,R,R,4,active
592626,Joc Pederson,Texas Rangers,TEX,DH,DH,L,L,3,active
607043,Brandon Nimmo,Texas Rangers,TEX,RF,OF,L,R,24,active
694497,Evan Carter,Texas Rangers,TEX,CF,OF,L,R,32,active
694671,Wyatt Langford,Texas Rangers,TEX,LF,OF,R,R,36,active
671936,Adam Macko,Texas Rangers,TEX,P,RP,L,L,71,active
615698,Cal Quantrill,Texas Rangers,TEX,P,RP,L,R,44,active
681217,Chase Silseth,Texas Rangers,TEX,P,RP,R,R,63,active
674003,Cody Bradford,Texas Rangers,TEX,P,RP,L,L,61,active
668390,Cole Winn,Texas Rangers,TEX,P,RP,R,R,60,active
656641,Jacob Latz,Texas Rangers,TEX,P,RP,R,L,67,active
594798,Jacob deGrom,Texas Rangers,TEX,P,RP,L,R,48,active
596001,Jakob Junis,Texas Rangers,TEX,P,RP,R,R,16,active
656756,Jordan Montgomery,Texas Rangers,TEX,P,RP,L,L,52,active
677958,Kumar Rocker,Texas Rangers,TEX,P,RP,R,R,80,active
669022,MacKenzie Gore,Texas Rangers,TEX,P,RP,L,L,1,active
682608,Peyton Gray,Texas Rangers,TEX,P,RP,R,R,75,active
641302,Tyler Alexander,Texas Rangers,TEX,P,RP,R,L,13,active
608369,Corey Seager,Texas Rangers,TEX,SS,SS,L,R,5,active
677649,Ezequiel Duran,Texas Rangers,TEX,SS,SS,R,R,20,active
665489,Vladimir Guerrero Jr.,Toronto Blue Jays,TOR,1B,1B,R,R,27,active
807727,Charles McAdoo,Toronto Blue Jays,TOR,2B,2B,R,R,26,active
676391,Ernie Clement,Toronto Blue Jays,TOR,2B,2B,R,R,22,active
672960,Kazuma Okamoto,Toronto Blue Jays,TOR,3B,3B,R,R,7,active
672386,Alejandro Kirk,Toronto Blue Jays,TOR,C,C,R,R,30,active
678218,Brandon Valenzuela,Toronto Blue Jays,TOR,C,C,S,R,59,active
543807,George Springer,Toronto Blue Jays,TOR,DH,DH,R,R,4,active
703520,Brett Bateman,Toronto Blue Jays,TOR,CF,OF,L,L,21,active
663662,Daz Cameron,Toronto Blue Jays,TOR,LF,OF,R,R,23,active
660821,Jesús Sánchez,Toronto Blue Jays,TOR,RF,OF,L,R,12,active
664702,Myles Straw,Toronto Blue Jays,TOR,CF,OF,R,R,3,active
664770,Nathan Lukes,Toronto Blue Jays,TOR,RF,OF,L,R,38,active
680755,Braydon Fisher,Toronto Blue Jays,TOR,P,RP,R,R,63,active
663893,Brendon Little,Toronto Blue Jays,TOR,P,RP,L,L,54,active
656302,Dylan Cease,Toronto Blue Jays,TOR,P,RP,R,R,84,active
667755,José Soriano,Toronto Blue Jays,TOR,P,RP,R,R,40,active
686973,Louis Varland,Toronto Blue Jays,TOR,P,RP,L,R,77,active
689254,Mason Fluharty,Toronto Blue Jays,TOR,P,RP,R,L,68,active
453286,Max Scherzer,Toronto Blue Jays,TOR,P,RP,R,R,31,active
547179,Michael Lorenzen,Toronto Blue Jays,TOR,P,RP,R,R,55,active
623149,Paul Sewald,Toronto Blue Jays,TOR,P,RP,R,R,43,active
681293,Spencer Arrighetti,Toronto Blue Jays,TOR,P,RP,R,R,45,active
693686,Spencer Miles,Toronto Blue Jays,TOR,P,RP,L,R,62,active
643511,Tyler Rogers,Toronto Blue Jays,TOR,P,RP,R,R,71,active
665926,Andrés Giménez,Toronto Blue Jays,TOR,SS,SS,L,R,0,active
694673,Abimelec Ortiz,Washington Nationals,WSN,1B,1B,L,L,81,active
665953,Andrés Chaparro,Washington Nationals,WSN,1B,1B,R,R,87,active
683083,Nasim Nuñez,Washington Nationals,WSN,2B,2B,S,R,26,active
691781,Brady House,Washington Nationals,WSN,3B,3B,R,R,12,active
678391,Jorbit Vivas,Washington Nationals,WSN,3B,3B,L,R,84,active
695670,Harry Ford,Washington Nationals,WSN,C,C,R,R,17,active
660688,Keibert Ruiz,Washington Nationals,WSN,C,C,S,R,20,active
677588,José Tena,Washington Nationals,WSN,DH,DH,L,R,8,active
687605,Andrew Pinckney,Washington Nationals,WSN,LF,OF,R,R,45,active
695734,Daylen Lile,Washington Nationals,WSN,LF,OF,L,R,4,active
686611,Dylan Crews,Washington Nationals,WSN,RF,OF,R,R,3,active
696285,Jacob Young,Washington Nationals,WSN,CF,OF,R,R,30,active
674841,Andrew Alvarez,Washington Nationals,WSN,P,RP,L,L,54,active
695418,Brad Lord,Washington Nationals,WSN,P,RP,R,R,41,active
676917,Cade Cavalli,Washington Nationals,WSN,P,RP,R,R,24,active
690925,Clayton Beeter,Washington Nationals,WSN,P,RP,R,R,39,active
680899,Erik Tolman,Washington Nationals,WSN,P,RP,L,L,73,active
800600,Jackson Kent,Washington Nationals,WSN,P,RP,L,L,25,active
663623,Jake Irvin,Washington Nationals,WSN,P,RP,R,R,27,active
691384,Luis Perales,Washington Nationals,WSN,P,RP,R,R,43,active
663362,Matt Waldron,Washington Nationals,WSN,P,RP,R,R,56,active
668820,Max Kranick,Washington Nationals,WSN,P,RP,R,R,35,active
687377,Orlando Ribalta,Washington Nationals,WSN,P,RP,R,R,64,active
676680,Tom Cosgrove,Washington Nationals,WSN,P,RP,L,L,34,active
702021,Will Dion,Washington Nationals,WSN,P,RP,L,L,76,active
682928,CJ Abrams,Washington Nationals,WSN,SS,SS,L,R,5,active
