G,H,R,2B,3B,BB,ER,HR,IP,K%,SO,Tm,AVG,BB%,ERA,FB%,FIP,GB%,HBP,IBB,K/9,LD%,OBP,SLG,TBF,BB/9,BUH%,HR/9,IFH%,K/BB,LOB%,Med%,Name,WHIP,wOBA,xFIP,BABIP,Cent%,GB/FB,HR/FB,Hard%,IFFB%,K-BB%,Oppo%,Pull%,Soft%,Season,playerId
4,4,5,0,0,2,4,1,3.2,0.06,1,DET,0.29,0.12,9.82,0.57,7.75,0.21,0,0,2.45,0.21,0.35,0.5,17,4.91,0,2.45,0.33,0.5,0.22,0.5,Kenley Jansen,1.64,0.36,7.51,0.23,0.14,0.38,0.12,0.29,0.25,-0.06,0.21,0.64,0.21,2026,3096
1,0,0,0,0,0,0,0,1,0,0,LAD,0,0,0,0.33,3.11,0.67,0,0,0,0,0,0,3,0,0,0,0,0,1,0.67,Miguel Rojas,0,0,4.63,0,0,2,0,0.33,0,0,0.33,0.67,0,2026,7802
4,7,6,0,0,2,6,1,4.1,0.27,6,NYM,0.35,0.09,12.46,0.21,4.73,0.5,0,0,12.46,0.29,0.41,0.5,22,4.15,0,2.08,0.14,3,0.39,0.64,Huascar Brazoban,2.08,0.4,2.78,0.46,0.21,2.33,0.33,0.29,0,0.18,0.21,0.57,0.07,2026,6107
2,1,1,0,0,0,1,0,2,0.14,1,CHC,0.14,0,4.5,0.5,2.11,0.33,0,0,4.5,0.17,0.14,0.14,7,0,0,0,0,1,0,0.83,Drew Pomeranz,0.5,0.13,4.39,0.17,0.67,0.67,0,0.17,0,0.14,0.17,0.17,0,2026,11426
3,4,1,1,0,1,1,1,9,0.3,9,BAL,0.14,0.03,1,0.45,2.89,0.5,0,0,9,0.05,0.17,0.28,30,1,0,1,0,9,1,0.4,Albert Suarez,0.56,0.19,2.96,0.16,0.15,1.11,0.11,0.4,0.11,0.27,0.4,0.45,0.2,2026,6175
1,0,0,0,0,0,0,0,1,0.67,2,ATH,0,0,0,0,2.11,0,1,0,18,0,0.33,0,3,0,0,0,0,2,1,0,Mark Leiter Jr.,0,0.24,2.11,0,0,0,0,0,0,0.67,0,0,0,2026,15551
2,7,6,1,0,2,6,2,3.2,0.05,1,ATL,0.44,0.11,14.73,0.4,11.29,0.27,0,0,2.45,0.33,0.5,0.88,19,4.91,0,4.91,0,0.5,0.48,0.5,Carlos Carrasco,2.45,0.57,6.69,0.36,0.31,0.67,0.33,0.38,0.17,-0.05,0.19,0.5,0.12,2026,6632
1,2,1,0,0,0,1,1,0.1,0,0,NYM,0.67,0,27,0.33,42.11,0.33,0,0,0,0.33,0.67,1.67,3,0,0,27,0,0,1,0.33,Luis Torrens,6,0.98,7.67,0.5,0,1,1,0.67,0,0,0,1,0,2026,15905
7,3,2,0,0,2,2,1,7.1,0.19,5,TBR,0.12,0.08,2.45,0.37,4.34,0.32,0,0,6.14,0.32,0.19,0.25,26,2.45,0,1.23,0,2.5,0.83,0.47,Craig Kimbrel,0.68,0.2,4.01,0.11,0.26,0.86,0.14,0.47,0.14,0.12,0.21,0.53,0.05,2026,6655
1,0,0,0,0,0,0,0,1,0,0,HOU,0,0,0,0,3.11,1,0,0,0,0,0,0,3,0,0,0,0,0,1,0,Jake Meyers,0,0,3.11,0,0,3,0,0.67,0,0,0,1,0.33,2026,20308
3,15,12,2,0,9,11,4,13.1,0.1,6,ATL,0.28,0.14,7.42,0.33,8.14,0.41,0,0,4.05,0.26,0.38,0.55,63,6.08,0.5,2.7,0.05,0.67,0.65,0.48,Martin Perez,1.8,0.4,5.94,0.25,0.33,1.27,0.27,0.35,0,-0.05,0.15,0.52,0.17,2026,6902
1,0,0,0,0,0,0,0,0.1,1,1,MIL,0,0,0,0,-2.89,0,0,0,27,0,0,0,1,0,0,0,0,1,1,0,Drew Rom,0,0,-2.89,0,0,0,0,0,0,1,0,0,0,2026,24602
5,5,3,1,0,3,2,0,5,0.26,6,NYY,0.26,0.13,3.6,0.29,2.51,0.5,0,0,10.8,0.21,0.35,0.32,23,5.4,0,0,0.14,2,0.62,0.5,Fernando Cruz,1.6,0.3,3.72,0.36,0.21,1.75,0,0.29,0,0.13,0.14,0.64,0.21,2026,7048
1,0,0,0,0,3,0,0,0.1,0,0,CIN,0,0.75,0,1,30.11,0,0,0,0,0,0.75,0,4,81,0,0,0,0,1,0,Zach McCambley,9,0.52,34.67,0,1,0,0,1,0,-0.75,0,0,0,2026,27666
5,2,0,1,0,0,0,0,5,0.56,9,LAA,0.12,0,0,0.43,-0.49,0.43,0,0,16.2,0.14,0.12,0.19,16,0,0,0,0,9,1,0.86,Kirby Yates,0.4,0.13,0.42,0.29,0,1,0,0,0.33,0.56,0.29,0.71,0.14,2026,9073
1,2,2,1,0,1,2,0,1,0,0,MIA,0.5,0.14,18,0.8,9.11,0.2,1,0,0,0,0.57,0.75,7,9,0,0,0,0,0.5,0.4,Javier Sanoja,3,0.51,15.18,0.4,0,0.25,0,0.6,0,-0.14,0.4,0.6,0,2026,28253
2,11,3,2,0,2,3,2,12,0.38,18,TEX,0.24,0.04,2.25,0.43,2.78,0.36,0,0,13.5,0.21,0.27,0.41,48,1.5,0,1.5,0,9,0.98,0.54,Nathan Eovaldi,1.08,0.3,2.13,0.35,0.46,0.83,0.17,0.39,0,0.33,0.11,0.43,0.07,2026,9132
1,2,1,1,0,0,1,0,1,0,0,TBR,0.4,0,9,0.4,3.11,0.2,0,0,0,0.4,0.4,0.6,5,0,0,0,0,0,0.5,0.4,Ben Williamson,2,0.43,6.15,0.4,0.2,0.5,0,0.6,0,0,0.2,0.6,0,2026,33197
2,11,8,2,0,1,8,3,9.1,0.26,10,TOR,0.3,0.03,7.71,0.37,5.79,0.41,1,0,9.64,0.22,0.33,0.59,39,0.96,0,2.89,0,10,0.57,0.48,Patrick Corbin,1.29,0.4,3.24,0.33,0.26,1.1,0.3,0.33,0,0.23,0.3,0.44,0.19,2026,9323
2,14,8,3,0,0,6,2,10.1,0.09,4,WSN,0.33,0,5.23,0.31,4.85,0.38,0,0,3.48,0.31,0.3,0.53,46,0,0,1.74,0.06,4,0.54,0.57,Miles Mikolas,1.35,0.35,4.25,0.3,0.36,1.23,0.15,0.36,0.08,0.09,0.26,0.38,0.07,2026,9803
4,3,3,2,1,1,2,0,4,0.27,4,NYM,0.21,0.07,4.5,0.33,1.86,0.33,0,0,9,0.33,0.27,0.5,15,2.25,0,0,0,4,0.25,0.3,Brooks Raley,1,0.32,3,0.3,0.3,1,0,0.4,0,0.2,0.2,0.5,0.3,2026,10061
5,2,0,0,0,2,0,0,4.2,0.39,7,CHC,0.12,0.11,0,0.67,1.4,0.33,0,1,13.5,0,0.22,0.12,18,3.86,0,0,0,3.5,1,0.22,Caleb Thielbar,0.86,0.15,3.35,0.22,0.44,0.5,0,0.11,0.17,0.28,0.33,0.22,0.67,2026,10078
6,10,6,0,1,3,5,1,5,0.21,6,BOS,0.4,0.11,9,0.22,5.11,0.61,0,0,10.8,0.17,0.46,0.6,28,5.4,1,1.8,0,2,0.6,0.58,Aroldis Chapman,2.6,0.46,3.72,0.5,0.21,2.75,0.25,0.32,0.25,0.11,0.21,0.58,0.11,2026,10233
2,13,5,1,0,2,5,1,11.2,0.31,15,PHI,0.28,0.04,3.86,0.28,2.17,0.5,0,0,11.57,0.22,0.31,0.36,49,1.54,0,0.77,0.12,7.5,0.74,0.47,Zack Wheeler,1.29,0.3,2.22,0.39,0.56,1.78,0.11,0.31,0,0.27,0.19,0.25,0.22,2026,10310
2,15,5,0,0,3,4,2,11,0.26,13,ATL,0.33,0.06,3.27,0.28,4.2,0.56,1,0,10.64,0.16,0.38,0.46,50,2.45,0,1.64,0.22,4.33,0.86,0.42,Chris Sale,1.64,0.37,3.08,0.42,0.36,2,0.22,0.45,0,0.2,0.27,0.36,0.12,2026,10603
2,8,4,2,0,2,4,1,13,0.35,17,TEX,0.18,0.04,2.77,0.25,1.96,0.54,0,0,11.77,0.21,0.21,0.29,48,1.38,0,0.69,0,8.5,0.7,0.52,Jacob deGrom,0.77,0.22,1.77,0.25,0.31,2.14,0.14,0.38,0,0.31,0.24,0.45,0.1,2026,10954
3,23,10,3,0,7,10,4,17,0.14,11,ARI,0.33,0.09,5.29,0.32,6.11,0.44,0,0,5.82,0.24,0.38,0.55,78,3.71,0,2.12,0,1.57,0.82,0.43,Merrill Kelly,1.76,0.4,4.75,0.34,0.38,1.37,0.21,0.4,0.05,0.05,0.15,0.47,0.17,2026,11156
1,0,0,0,0,0,0,0,1,0,0,CHC,0,0,0,0.33,3.11,0.67,0,0,0,0,0,0,3,0,0,0,0,0,1,0,Vince Velasquez,0,0,4.63,0,0.33,2,0,0.67,1,0,0,0.67,0.33,2026,11189
2,5,5,3,0,1,5,1,2,0,0,BOS,0.45,0.08,22.5,0.4,11.11,0.4,0,0,0,0.2,0.5,1,12,4.5,0,4.5,0,0,0.22,0.36,Tommy Kahnle,3,0.62,7.65,0.4,0.36,1,0.25,0.55,0,-0.08,0.09,0.55,0.09,2026,11384
3,11,5,1,0,8,3,1,22,0.14,12,SFG,0.15,0.1,1.23,0.44,3.7,0.4,0,0,4.91,0.16,0.23,0.2,83,3.27,1,0.41,0.04,1.5,0.8,0.56,Robbie Ray,0.86,0.2,4.97,0.16,0.25,0.93,0.04,0.32,0.04,0.05,0.44,0.3,0.13,2026,11486
5,3,3,0,0,1,0,0,5.1,0.18,4,BOS,0.15,0.05,0,0.27,2.74,0.53,1,0,6.75,0.2,0.23,0.15,22,1.69,0,0,0.12,4,0.4,0.44,Tyron Guerrero,0.75,0.19,3.87,0.19,0.38,2,0,0.31,0,0.14,0.12,0.5,0.25,2026,11691
1,1,0,0,0,0,0,0,1,0.25,1,TEX,0.25,0,0,0,1.11,0.33,0,0,9,0.67,0.25,0.25,4,0,0,0,0,1,1,0,Chris Martin,1,0.22,1.11,0.33,1,1,0,0.67,0,0.25,0,0,0.33,2026,11847
4,3,1,0,0,0,1,0,4,0.13,2,SDP,0.2,0,2.25,0.38,2.11,0.46,0,0,4.5,0.15,0.2,0.2,15,0,0,0,0.17,2,0.67,0.46,Jason Adam,0.75,0.18,4.01,0.23,0.31,1.2,0,0.31,0.2,0.13,0.46,0.23,0.23,2026,11861
2,11,3,4,0,6,3,1,10,0.19,9,CHC,0.28,0.12,2.7,0.33,5.01,0.5,2,0,8.1,0.17,0.4,0.46,48,5.4,0,0.9,0.13,1.5,0.91,0.61,Colin Rea,1.7,0.38,5.23,0.33,0.32,1.5,0.1,0.26,0,0.06,0.26,0.42,0.13,2026,12317
2,16,10,3,0,2,10,5,11,0.2,10,KCR,0.34,0.04,8.18,0.42,8.02,0.36,1,0,8.18,0.22,0.38,0.72,50,1.64,1,4.09,0,5,0.75,0.32,Seth Lugo,1.64,0.47,4.18,0.34,0.27,0.87,0.33,0.57,0,0.16,0.27,0.46,0.11,2026,12447
3,6,2,1,0,1,2,1,8.1,0.06,2,SFG,0.19,0.03,2.16,0.38,4.55,0.55,0,0,2.16,0.07,0.21,0.31,33,1.08,1,1.08,0.06,2,0.89,0.4,Adrian Houser,0.84,0.23,4.99,0.17,0.37,1.45,0.09,0.43,0,0.03,0.13,0.5,0.17,2026,12718
2,9,2,0,1,1,2,2,11,0.14,6,TBR,0.21,0.02,1.64,0.54,4.93,0.29,1,0,4.91,0.17,0.25,0.4,44,0.82,0,1.64,0.2,6,1,0.53,Nick Martinez,0.91,0.28,5.19,0.21,0.33,0.53,0.11,0.25,0.11,0.11,0.25,0.42,0.22,2026,12730
3,11,2,1,0,6,2,2,20.1,0.36,27,BOS,0.16,0.08,0.89,0.38,2.62,0.45,0,0,11.95,0.17,0.22,0.26,76,2.66,0,0.89,0.05,4.5,1,0.56,Sonny Gray,0.84,0.22,2.53,0.22,0.33,1.19,0.12,0.4,0,0.28,0.16,0.51,0.05,2026,12768
2,6,5,1,0,0,5,2,2.1,0.07,1,COL,0.43,0,19.29,0.62,13.4,0.23,0,0,3.86,0.15,0.43,0.93,14,0,0,7.71,0.67,1,0.31,0.62,John Brebbia,2.57,0.57,7.46,0.36,0.23,0.38,0.25,0.31,0,0.07,0.31,0.46,0.08,2026,12777
5,3,0,0,0,1,0,0,4.1,0.35,6,BAL,0.19,0.06,0,0.2,1.03,0.5,0,0,12.46,0.3,0.24,0.19,17,2.08,0,0,0,6,1,0.7,Andrew Kittredge,0.92,0.2,1.73,0.3,0.3,2.5,0,0.2,0,0.29,0,0.7,0.1,2026,12828
8,10,6,1,0,4,6,2,7,0.14,5,CLE,0.33,0.11,7.71,0.46,7.54,0.5,1,0,6.43,0.04,0.43,0.57,36,5.14,0.5,2.57,0.25,1.25,0.74,0.58,Shawn Armstrong,2,0.43,6.21,0.33,0.35,1.09,0.18,0.35,0,0.03,0.31,0.35,0.08,2026,12857
2,6,2,0,0,1,2,1,4,0.21,4,TEX,0.33,0.05,4.5,0.29,5.11,0.5,0,0,9,0.21,0.37,0.5,19,2.25,0,2.25,0.29,4,0.89,0.14,Joe Ross,1.75,0.38,3.38,0.38,0.29,1.75,0.25,0.64,0.25,0.16,0.07,0.64,0.21,2026,12972
3,21,11,6,1,2,11,4,14.2,0.25,17,NYY,0.32,0.03,6.75,0.48,4.75,0.35,0,0,10.43,0.17,0.34,0.63,68,1.23,0,2.45,0.12,8.5,0.69,0.48,Gerrit Cole,1.57,0.41,3.58,0.38,0.42,0.74,0.17,0.42,0,0.22,0.31,0.27,0.1,2026,13125
3,13,3,2,0,3,3,1,19.2,0.12,9,ARI,0.19,0.04,1.37,0.42,3.31,0.42,0,0,4.12,0.17,0.22,0.26,74,1.37,0,0.46,0.04,3,0.89,0.53,Eduardo Rodriguez,0.81,0.22,4.58,0.2,0.34,1,0.04,0.32,0,0.08,0.24,0.42,0.15,2026,13164
4,3,1,0,0,2,1,0,2.1,0,0,BOS,0.38,0.2,3.86,0.25,5.68,0.5,0,0,0,0.25,0.5,0.38,10,7.71,0,0,0,0,0.8,0.5,Danny Coulombe,2.14,0.41,6.98,0.38,0.5,2,0,0.38,0,-0.2,0.25,0.25,0.12,2026,13293
3,4,1,1,0,2,1,1,2,0.09,1,CHC,0.44,0.18,4.5,0.38,11.61,0.38,0,0,4.5,0.25,0.55,0.89,11,9,0,4.5,0,0.5,1,0.38,Hoby Milner,3,0.59,7.39,0.43,0.38,1,0.33,0.5,0,-0.09,0.38,0.25,0.12,2026,13346
1,6,5,2,0,0,5,0,2,0.17,2,TBR,0.55,0,22.5,0.2,1.11,0.6,0,0,9,0.2,0.5,0.73,12,0,0,0,0,2,0.17,0.6,Steven Matz,3,0.51,2.63,0.6,0.1,3,0,0.4,0,0.17,0.3,0.6,0,2026,13361
4,4,4,0,0,2,4,2,3,0.33,5,CIN,0.31,0.13,12,0.25,10.44,0.62,0,0,15,0.12,0.4,0.77,15,6,0,6,0.4,2.5,0.62,0.12,Pierce Johnson,2,0.48,2.79,0.33,0.5,2.5,1,0.75,0,0.2,0.25,0.25,0.12,2026,13435
5,6,5,2,0,3,5,1,4.2,0.13,3,MIN,0.32,0.13,9.64,0.5,7.18,0.25,1,1,5.79,0.25,0.43,0.58,23,5.79,0,1.93,0.25,1,0.58,0.62,Taylor Rogers,1.93,0.43,7,0.33,0.25,0.5,0.12,0.25,0,0,0.31,0.44,0.12,2026,13449
7,5,2,1,0,1,2,2,7,0.26,7,HOU,0.19,0.04,2.57,0.63,5.25,0.26,0,0,9,0.11,0.22,0.46,27,1.29,0,2.57,0,7,1,0.37,Steven Okert,0.86,0.29,4.14,0.18,0.42,0.42,0.17,0.37,0.25,0.22,0.16,0.42,0.26,2026,13580
4,6,4,0,0,1,4,1,3.1,0.24,4,TEX,0.38,0.06,10.8,0.42,5.51,0.17,0,0,10.8,0.42,0.41,0.56,17,2.7,0,2.7,0,4,0.54,0.58,Jakob Junis,2.1,0.42,3.89,0.45,0.25,0.4,0.2,0.33,0,0.18,0.17,0.58,0.08,2026,13619
5,1,0,0,0,2,0,0,5,0.17,3,KCR,0.06,0.11,0,0.62,3.11,0.31,0,0,5.4,0.08,0.17,0.06,18,3.6,0,0,0,1.5,1,0.46,Matt Strahm,0.6,0.13,5.54,0.08,0.31,0.5,0,0.38,0,0.06,0.31,0.38,0.15,2026,13799
4,9,6,2,0,0,6,2,3.2,0.15,3,ARI,0.47,0,14.73,0.47,8.56,0.35,0,0,7.36,0.18,0.45,0.89,20,0,0,4.91,0.17,3,0.48,0.35,Paul Sewald,2.45,0.55,4.79,0.47,0.06,0.75,0.25,0.47,0.25,0.15,0.29,0.65,0.18,2026,13892
4,14,7,3,1,1,6,0,7.1,0.22,8,LAA,0.41,0.03,7.36,0.19,1.34,0.27,0,0,9.82,0.54,0.43,0.56,36,1.23,0,0,0.14,8,0.53,0.46,Brent Suter,2.05,0.43,2.37,0.52,0.27,1.4,0,0.42,0,0.19,0.31,0.42,0.12,2026,13942
3,20,6,3,0,3,6,3,20.2,0.23,19,KCR,0.25,0.04,2.61,0.42,3.59,0.43,0,0,8.27,0.15,0.28,0.41,82,1.31,0,1.31,0.15,6.33,0.9,0.55,Michael Wacha,1.11,0.3,3.54,0.3,0.4,1.04,0.12,0.25,0.16,0.2,0.2,0.4,0.2,2026,14078
2,15,7,1,0,4,7,4,12,0.21,11,TOR,0.31,0.08,5.25,0.42,6.61,0.47,0,0,8.25,0.11,0.36,0.57,53,3,0,3,0,2.75,0.9,0.29,Kevin Gausman,1.58,0.4,4.3,0.32,0.47,1.12,0.25,0.58,0.12,0.13,0.13,0.39,0.13,2026,14107
7,0,0,0,0,6,0,0,7,0.41,11,HOU,0,0.22,0,0.6,2.54,0.2,0,0,14.14,0.2,0.22,0,27,7.71,0,0,0,1.83,1,0.6,Josh Hader,0.86,0.16,3.84,0,0.2,0.33,0,0,0.17,0.19,0.4,0.4,0.4,2026,14212
7,11,4,3,0,1,4,0,8.2,0.17,6,SDP,0.32,0.03,4.15,0.29,2.07,0.46,0,0,6.23,0.25,0.34,0.41,35,1.04,0,0,0,6,0.67,0.5,Wandy Peralta,1.38,0.33,3.47,0.39,0.39,1.62,0,0.32,0.12,0.14,0.29,0.32,0.18,2026,14295
3,5,2,3,0,1,2,1,2.1,0.27,4,MIN,0.42,0.07,7.71,0.43,9.11,0.14,2,1,15.43,0.43,0.53,0.92,15,3.86,0,3.86,0,4,0.91,0.38,Anthony Banda,2.57,0.58,5.49,0.57,0.38,0.33,0.33,0.38,0.33,0.2,0,0.62,0.25,2026,14706
7,3,0,0,0,2,0,0,9.1,0.25,8,NYY,0.1,0.06,0,0.27,2.04,0.64,0,0,7.71,0.09,0.16,0.1,32,1.93,0,0,0,4,1,0.68,Paul Blackburn,0.54,0.13,3.01,0.14,0.32,2.33,0,0.18,0.17,0.19,0.27,0.41,0.14,2026,14739
2,1,1,0,0,2,1,0,1.1,0.25,2,CIN,0.25,0.25,6.75,0.67,6.86,0.33,1,0,13.5,0,0.5,0.25,8,13.5,0,0,0,1,0.75,0.33,Emilio Pagan,2.25,0.38,9.14,0.33,0.33,0.5,0,0.67,0,0,0.33,0.33,0,2026,14771
2,11,6,2,2,6,6,0,10,0.04,2,COL,0.29,0.12,5.4,0.38,4.81,0.49,1,0,1.8,0.13,0.38,0.45,48,5.4,0,0,0.05,0.33,0.67,0.49,Michael Lorenzen,1.7,0.35,7.09,0.28,0.36,1.27,0,0.44,0.07,-0.08,0.23,0.41,0.08,2026,14843
6,5,5,1,1,4,5,0,5.2,0.19,5,CIN,0.25,0.15,7.94,0.27,3.99,0.53,1,1,7.94,0.2,0.38,0.4,27,6.35,0,0,0,1.25,0.5,0.35,Sam Moll,1.59,0.33,5.06,0.29,0.47,2,0,0.47,0,0.04,0.18,0.35,0.18,2026,14874
4,5,2,1,0,1,2,2,4.2,0.45,9,DET,0.26,0.05,3.86,0.5,5.47,0.4,0,0,17.36,0.1,0.3,0.63,20,1.93,0,3.86,0.25,9,1,0.4,Kyle Finnegan,1.29,0.39,1.52,0.38,0.4,0.8,0.4,0.5,0.2,0.4,0.1,0.5,0.1,2026,15009
1,2,2,1,0,3,2,0,3,0.08,1,SDP,0.22,0.23,6,0.56,5.44,0.33,0,0,3,0.11,0.38,0.33,13,9,0,0,0,0.33,0.6,0.56,German Marquez,1.67,0.33,7.97,0.22,0.56,0.6,0,0.44,0,-0.15,0.22,0.22,0,2026,15038
6,7,2,3,0,1,2,0,7.1,0.23,7,PHI,0.24,0.03,2.45,0.27,1.61,0.5,0,0,8.59,0.23,0.27,0.34,30,1.23,0,0,0.09,7,0.75,0.5,Tim Mayza,1.09,0.27,2.85,0.32,0.45,1.83,0,0.41,0,0.2,0.18,0.36,0.09,2026,15042
2,3,2,0,0,2,2,1,2,0.27,3,PHI,0.38,0.18,9,0.5,9.61,0.17,0,0,13.5,0.33,0.45,0.75,11,9,0,4.5,1,1.5,0.83,0.17,Lou Trivino III,2.5,0.47,5.39,0.4,0.5,0.33,0.33,0.5,0.33,0.09,0.33,0.17,0.33,2026,15043
1,11,6,2,0,1,5,0,4,0.08,2,MIN,0.48,0.04,11.25,0.41,2.86,0.23,0,0,4.5,0.36,0.48,0.57,25,2.25,0,0,0.2,2,0.5,0.64,Austin Voth,3,0.45,6.28,0.5,0.36,0.56,0,0.23,0.11,0.04,0.32,0.32,0.14,2026,15047
5,9,6,0,0,1,6,3,6,0.18,5,DET,0.36,0.04,9,0.3,8.94,0.4,1,0,7.5,0.3,0.41,0.72,28,1.5,0,4.5,0.25,5,0.74,0.24,Drew Anderson,1.67,0.48,3.96,0.33,0.38,1.33,0.5,0.62,0.17,0.14,0.24,0.38,0.14,2026,15130
6,7,5,2,0,1,5,1,7,0.29,8,TBR,0.26,0.04,6.43,0.47,3.11,0.37,0,0,10.29,0.16,0.29,0.44,28,1.29,0,1.29,0,8,0.45,0.47,Cole Sulser,1.14,0.32,3.21,0.33,0.42,0.78,0.11,0.32,0.11,0.25,0.21,0.37,0.21,2026,15256
2,12,3,2,0,4,3,2,9.2,0.13,6,CHC,0.3,0.09,2.79,0.35,6.11,0.44,1,0,5.59,0.21,0.38,0.5,45,3.72,0,1.86,0,1.5,0.99,0.38,Matthew Boyd,1.66,0.38,5.31,0.31,0.35,1.25,0.17,0.5,0.17,0.04,0.32,0.32,0.12,2026,15440
4,8,5,1,1,1,5,0,4.2,0.13,3,COL,0.36,0.04,9.64,0.37,2.47,0.37,0,0,5.79,0.26,0.39,0.5,23,1.93,0,0,0.14,3,0.44,0.58,Antonio Senzatela,1.93,0.39,4.74,0.42,0.21,1,0,0.26,0.14,0.09,0.37,0.42,0.16,2026,15488
5,7,2,1,0,2,1,0,5,0.04,1,TOR,0.35,0.08,1.8,0.35,3.91,0.45,0,1,1.8,0.2,0.39,0.4,24,3.6,0,0,0,0.5,0.78,0.4,Tyler Rogers,1.8,0.33,6.04,0.33,0.35,1.29,0,0.3,0.29,-0.04,0.45,0.2,0.3,2026,15541
2,9,3,3,0,2,3,0,12,0.17,8,SEA,0.2,0.04,2.25,0.51,2.28,0.35,0,0,6,0.14,0.23,0.27,48,1.5,0,0,0.08,4,0.73,0.55,Luis Castillo,0.92,0.22,4.68,0.24,0.32,0.68,0,0.32,0,0.12,0.32,0.37,0.13,2026,15689
5,7,4,2,0,1,1,0,4.2,0.22,5,NYM,0.32,0.04,1.93,0.29,1.61,0.35,0,0,9.64,0.35,0.35,0.41,23,1.93,0,0,0.33,5,0.5,0.29,Devin Williams,1.71,0.33,3.24,0.41,0.12,1.2,0,0.47,0.4,0.17,0.41,0.47,0.24,2026,15816
3,12,5,1,0,3,5,2,15,0.19,11,WSN,0.22,0.05,3,0.37,3.98,0.42,0,0,6.6,0.21,0.26,0.35,57,1.8,0,1.2,0.06,3.67,0.82,0.44,Zack Littell,1,0.27,3.86,0.24,0.42,1.12,0.12,0.4,0.06,0.14,0.16,0.42,0.16,2026,15823
3,15,12,6,1,5,11,2,13.2,0.18,12,NYM,0.26,0.08,7.24,0.36,5.01,0.44,3,0,7.9,0.2,0.35,0.51,66,3.29,1,1.32,0.05,2.4,0.54,0.65,Sean Manaea,1.46,0.37,4.89,0.3,0.24,1.25,0.12,0.3,0,0.11,0.22,0.54,0.04,2026,15873
4,4,1,0,0,0,1,1,3.1,0.15,2,STL,0.31,0,2.7,0.55,5.81,0.27,0,0,5.4,0.18,0.31,0.54,13,0,0,2.7,0,2,1,0.73,Ryne Stanek,1.2,0.36,4.64,0.3,0.18,0.5,0.17,0.18,0.17,0.15,0.27,0.55,0.09,2026,15947
5,1,1,0,0,1,1,1,4.2,0.31,5,TBR,0.07,0.06,1.93,0.7,4.4,0.3,0,0,9.64,0,0.12,0.27,16,1.93,0,1.93,0,5,1,0.5,Cam Booser,0.43,0.17,3.89,0,0.2,0.43,0.14,0.4,0,0.25,0.2,0.6,0.1,2026,16061
2,2,0,0,0,0,0,0,2,0.5,4,COL,0.25,0,0,0,-0.89,0.5,0,0,18,0.5,0.25,0.25,8,0,0,0,0,4,1,0.75,Jordan Romano,1,0.22,-0.89,0.5,0.25,2,0,0.25,0,0.5,0,0.75,0,2026,16122
2,7,5,2,0,6,3,0,10.1,0.26,11,NYY,0.19,0.14,2.61,0.38,2.72,0.35,0,0,9.58,0.27,0.3,0.24,43,5.23,0,0,0.11,1.83,0.62,0.62,Carlos Rodon,1.26,0.26,4.19,0.27,0.42,0.9,0,0.19,0.2,0.12,0.19,0.38,0.19,2026,16137
3,18,13,5,0,4,12,4,16.1,0.24,17,PHI,0.28,0.06,6.61,0.54,5.13,0.29,1,0,9.37,0.17,0.32,0.54,72,2.2,0.5,2.2,0.07,4.25,0.57,0.5,Aaron Nola,1.35,0.36,4.36,0.3,0.34,0.54,0.15,0.38,0.08,0.18,0.36,0.3,0.12,2026,16149
3,4,3,1,0,3,3,1,15.1,0.42,22,MIL,0.08,0.06,1.76,0.61,1.68,0.18,0,0,12.91,0.21,0.13,0.16,53,1.76,0,0.59,0,7.33,0.71,0.54,Brandon Woodruff,0.46,0.14,2.51,0.11,0.39,0.29,0.06,0.36,0.12,0.36,0.18,0.43,0.11,2026,16162
8,4,1,1,0,1,1,1,6.1,0.29,7,CIN,0.18,0.04,1.42,0.47,3.9,0.33,1,0,9.95,0.2,0.25,0.36,24,1.42,0,1.42,0,7,1,0.6,Tejay Antone,0.79,0.27,3.53,0.21,0.53,0.71,0.14,0.4,0,0.25,0.27,0.2,0,2026,16233
2,17,8,6,2,2,8,2,11,0.22,11,COL,0.35,0.04,6.55,0.43,4.02,0.43,0,0,9,0.14,0.38,0.69,50,1.64,0,1.64,0,5.5,0.68,0.35,Kyle Freeland,1.73,0.45,3.86,0.43,0.32,1,0.12,0.54,0,0.18,0.22,0.46,0.11,2026,16256
3,14,8,3,1,5,7,1,14.1,0.2,12,SFG,0.26,0.08,4.4,0.32,3.39,0.41,0,0,7.53,0.27,0.32,0.42,59,3.14,0,0.63,0,2.4,0.62,0.6,Tyler Mahle,1.33,0.32,3.86,0.32,0.4,1.31,0.08,0.31,0.08,0.12,0.24,0.36,0.1,2026,16358
2,6,2,4,0,1,2,0,8,0.23,7,ATL,0.21,0.03,2.25,0.45,1.74,0.32,0,0,7.88,0.23,0.23,0.34,30,1.12,0,0,0,7,0.71,0.32,Reynaldo Lopez,0.88,0.25,3.63,0.27,0.45,0.7,0,0.45,0.1,0.2,0.27,0.27,0.23,2026,16400
3,11,3,1,0,3,2,2,19.1,0.27,20,WSN,0.16,0.04,0.93,0.34,2.85,0.48,0,0,9.31,0.18,0.19,0.26,73,1.4,0,0.93,0.12,6.67,0.98,0.52,Foster Griffin,0.72,0.2,2.84,0.19,0.36,1.41,0.12,0.32,0.12,0.23,0.24,0.4,0.16,2026,16432
6,5,5,0,0,5,4,2,8.1,0.11,4,NYY,0.17,0.14,4.32,0.52,7.43,0.28,1,0,4.32,0.2,0.31,0.38,36,5.4,0,2.16,0.14,0.8,0.73,0.5,Ryan Yarbrough,1.2,0.31,6.68,0.12,0.35,0.54,0.15,0.23,0.23,-0.03,0.19,0.46,0.27,2026,16502
3,2,1,0,0,1,1,1,3.2,0.29,4,HOU,0.17,0.07,2.45,0.75,5.29,0.12,0,0,9.82,0.12,0.23,0.42,14,2.45,0,2.45,0,4,1,0.67,Bryan Abreu,0.82,0.28,4.23,0.12,0.33,0.17,0.17,0.33,0,0.21,0.44,0.22,0,2026,16609
4,6,5,0,0,1,3,0,4,0.2,4,ARI,0.38,0.05,6.75,0.17,2.61,0.67,1,1,9,0.17,0.42,0.38,20,2.25,0,0,0.12,4,0.38,0.57,Ryan Thompson,1.75,0.34,3.37,0.43,0.5,4,0,0.14,0.5,0.15,0.21,0.29,0.29,2026,16647
5,4,1,1,0,2,1,1,4.2,0.11,2,LAD,0.24,0.11,1.93,0.4,6.32,0.47,0,0,3.86,0.13,0.32,0.47,19,3.86,0,1.93,0,1,1,0.4,Brock Stewart,1.29,0.34,5.49,0.21,0.4,1.17,0.17,0.27,0.17,0,0.33,0.27,0.33,2026,16727
3,1,1,0,0,1,1,1,3.1,0.09,1,NYY,0.1,0.09,2.7,0.56,7.31,0.33,0,0,2.7,0.11,0.18,0.4,11,2.7,0,2.7,0,1,1,0.67,Tim Hill,0.6,0.25,5.69,0,0.22,0.6,0.2,0.33,0,0,0.33,0.44,0,2026,16814
6,3,1,1,0,1,0,0,5.2,0.1,2,COL,0.16,0.05,0,0.35,2.93,0.24,0,0,3.18,0.41,0.2,0.21,21,1.59,0,0,0.25,2,0.75,0.61,Brennan Bernardino,0.71,0.19,4.54,0.17,0.67,0.67,0,0.28,0,0.05,0.22,0.11,0.11,2026,16835
5,0,0,0,0,1,0,0,5,0.5,8,NYM,0,0.06,0,0.43,0.51,0.43,0,0,14.4,0.14,0.06,0,16,1.8,0,0,0,8,1,0.14,Luke Weaver,0.2,0.04,1.42,0,0.43,1,0,0.29,0.33,0.44,0.43,0.14,0.57,2026,16918
5,5,3,0,0,6,2,0,7,0.23,7,CHW,0.2,0.19,2.57,0.31,3.68,0.5,0,0,9,0.19,0.35,0.2,31,7.71,0.5,0,0,1.17,0.73,0.5,Sean Newcomb,1.57,0.28,4.77,0.28,0.17,1.6,0,0.33,0.4,0.03,0.28,0.56,0.17,2026,16943
3,9,3,1,0,6,2,2,13.2,0.18,10,ATL,0.18,0.11,1.32,0.4,4.87,0.45,0,0,6.59,0.15,0.27,0.32,56,3.95,0,1.32,0.06,1.67,0.98,0.65,Grant Holmes,1.1,0.27,4.74,0.18,0.38,1.12,0.12,0.3,0,0.07,0.32,0.3,0.05,2026,16944
5,5,2,0,0,0,1,0,5,0.2,4,ATL,0.25,0,1.8,0.31,1.51,0.44,0,0,7.2,0.25,0.25,0.25,20,0,0,0,0,4,0.6,0.56,Raisel Iglesias,1,0.22,3.03,0.31,0.31,1.4,0,0.31,0.2,0.2,0.25,0.44,0.12,2026,17130
4,2,0,0,0,0,0,0,3.1,0,0,SEA,0.17,0,0,0.58,3.11,0.42,0,0,0,0,0.17,0.17,12,0,0,0,0,0,1,0.67,Gabe Speier,0.6,0.15,6.3,0.17,0.33,0.71,0,0.17,0.29,0,0.17,0.5,0.17,2026,17170
3,18,9,3,0,2,7,1,14.2,0.33,22,BOS,0.29,0.03,4.3,0.19,1.41,0.48,0,0,13.5,0.33,0.31,0.38,66,1.23,0,0.61,0.1,11,0.59,0.52,Ranger Suarez,1.36,0.3,1.35,0.41,0.4,2.5,0.12,0.24,0.12,0.3,0.19,0.4,0.24,2026,17277
3,22,10,4,0,4,10,2,17,0.14,11,DET,0.31,0.05,5.29,0.3,4.05,0.55,0,0,5.82,0.15,0.34,0.45,76,2.12,0,1.06,0.09,2.75,0.69,0.56,Framber Valdez,1.53,0.34,4.13,0.34,0.3,1.83,0.11,0.33,0.06,0.09,0.3,0.41,0.11,2026,17295
3,4,6,1,0,3,6,1,2.1,0.14,2,SFG,0.36,0.21,23.14,0.33,10.82,0.33,0,0,7.71,0.33,0.5,0.73,14,11.57,0,3.86,0,0.67,0.18,0.33,Matt Gage,3,0.51,7.21,0.38,0.33,1,0.33,0.44,0,-0.07,0,0.67,0.22,2026,17381
3,18,8,2,0,7,6,1,14.1,0.13,9,CHW,0.3,0.1,3.77,0.31,4.23,0.41,0,0,5.65,0.27,0.37,0.38,67,4.4,0,0.63,0.05,1.29,0.72,0.63,Erick Fedde,1.74,0.34,5.01,0.34,0.33,1.31,0.06,0.29,0,0.03,0.24,0.43,0.08,2026,17425
5,2,1,1,1,3,0,0,5.1,0.38,8,TOR,0.11,0.14,0,0.5,1.8,0.4,0,1,13.5,0.1,0.24,0.28,21,5.06,0,0,0,2.67,0.8,0.2,Jeff Hoffman,0.94,0.21,3.22,0.2,0.4,0.8,0,0.7,0,0.24,0.3,0.3,0.1,2026,17432
2,6,5,2,0,3,5,0,2.1,0.13,2,LAD,0.5,0.2,19.29,0.4,5.25,0.3,0,0,7.71,0.3,0.6,0.67,15,11.57,0,0,0,0.67,0.44,0.5,Jonathan Hernandez,3.86,0.55,7.86,0.6,0.7,0.75,0,0.1,0,-0.07,0.1,0.2,0.4,2026,17464
2,5,0,2,0,3,0,0,10.2,0.34,14,DET,0.14,0.07,0,0.52,1.61,0.35,1,0,11.81,0.13,0.22,0.19,41,2.53,0,0,0,4.67,1,0.48,Jack Flaherty,0.75,0.2,3.32,0.22,0.43,0.67,0,0.43,0,0.27,0.22,0.35,0.09,2026,17479
5,2,1,0,0,1,0,0,3.2,0.2,3,COL,0.15,0.07,0,0.5,3.11,0.3,1,1,7.36,0.2,0.27,0.15,15,2.45,0,0,0.33,3,0.75,0.5,Jimmy Herget,0.82,0.18,5.18,0.2,0.6,0.6,0,0.3,0,0.13,0.2,0.2,0.2,2026,17556
2,2,2,0,1,2,2,1,4.1,0.12,2,SFG,0.15,0.12,4.15,0.58,6.57,0.33,0,0,4.15,0.08,0.25,0.54,16,4.15,0,2.08,0,1,0.77,0.5,JT Brubaker,0.92,0.31,6.02,0.09,0.33,0.57,0.14,0.42,0.14,0,0.17,0.5,0.08,2026,17578
5,3,0,1,0,0,0,0,4.2,0.41,7,LAD,0.19,0,0,0.33,0.75,0.44,1,0,13.5,0.22,0.24,0.25,17,0,0,0,0,7,1,0.56,Tanner Scott,0.64,0.22,1.73,0.33,0.22,1.33,0,0.44,0,0.41,0.33,0.44,0,2026,17586
3,20,12,5,1,2,11,5,18,0.12,9,PIT,0.28,0.03,5.5,0.49,6.22,0.29,1,0,4.5,0.22,0.31,0.58,75,1,0,2.5,0,4.5,0.69,0.48,Mitch Keller,1.22,0.38,5.23,0.26,0.35,0.58,0.16,0.43,0,0.09,0.29,0.37,0.1,2026,17594
1,2,1,0,0,1,1,1,2,0.44,4,HOU,0.25,0.11,4.5,0,7.11,0.75,0,0,18,0.25,0.33,0.62,9,4.5,0,4.5,0,4,1,0.5,Cristian Javier,1.5,0.4,0.61,0.33,0.25,3,1,0.5,0,0.33,0,0.75,0,2026,17606
7,3,1,0,0,1,1,1,7.2,0.12,3,ARI,0.12,0.04,1.17,0.38,4.81,0.52,1,0,3.52,0.1,0.19,0.25,26,1.17,0,1.17,0,3,1,0.43,Taylor Clarke,0.52,0.2,4.69,0.1,0.29,1.38,0.12,0.43,0.12,0.08,0.33,0.38,0.14,2026,17611
1,0,0,0,0,0,0,0,1,0,0,TOR,0,0,0,0.33,3.11,0.67,0,0,0,0,0,0,3,0,0,0,0,0,1,0.67,Myles Straw,0,0,4.63,0,0.33,2,0,0.33,0,0,0.33,0.33,0,2026,17620
3,4,2,2,0,4,2,0,3.1,0.18,3,WSN,0.31,0.24,5.4,0.3,4.91,0.5,0,0,8.1,0.2,0.47,0.46,17,10.8,0,0,0,0.75,0.75,0.5,Justin Lawrence,2.4,0.42,6.28,0.4,0.2,1.67,0,0.3,0,-0.06,0.3,0.5,0.2,2026,17639
2,11,9,1,0,6,9,3,10.2,0.16,8,ATH,0.26,0.12,7.59,0.49,6.95,0.31,0,0,6.75,0.2,0.35,0.5,49,5.06,0,2.53,0.18,1.33,0.62,0.6,Jeffrey Springs,1.59,0.36,5.72,0.25,0.34,0.65,0.18,0.29,0.06,0.04,0.23,0.43,0.11,2026,17677
2,4,2,2,0,0,2,0,3,0.23,3,KCR,0.31,0,6,0.4,1.11,0.3,0,0,9,0.3,0.31,0.46,13,0,0,0,0,3,0.5,0.5,Jose Cuas,1.33,0.33,3.13,0.4,0.3,0.75,0,0.4,0,0.23,0.3,0.4,0.1,2026,17701
8,3,0,1,0,2,0,0,8,0.24,7,MIL,0.11,0.07,0,0.6,2.11,0.2,0,0,7.88,0.2,0.17,0.15,29,2.25,0,0,0,3.5,1,0.35,Trevor Megill,0.62,0.15,4.39,0.15,0.35,0.33,0,0.5,0.17,0.17,0.4,0.25,0.15,2026,17722
7,2,0,0,0,1,0,0,6.2,0.39,9,TEX,0.09,0.04,0,0.38,0.86,0.62,0,0,12.15,0,0.13,0.09,23,1.35,0,0,0,9,1,0.31,Tyler Alexander,0.45,0.11,2,0.15,0.46,1.6,0,0.54,0.2,0.35,0.23,0.31,0.15,2026,17735
4,5,2,0,2,1,2,0,4,0.37,7,PHI,0.29,0.05,4.5,0.4,1.11,0.2,1,0,15.75,0.4,0.37,0.53,19,2.25,0,0,0.5,7,0.71,0.5,Jose Alvarado,1.5,0.38,2.63,0.5,0.5,0.5,0,0.1,0,0.32,0.3,0.2,0.4,2026,17780
6,3,2,0,0,3,2,1,6.1,0.28,7,PIT,0.14,0.12,2.84,0.53,4.37,0.27,0,0,9.95,0.2,0.24,0.27,25,4.26,0,1.42,0,2.33,0.87,0.4,Dennis Santana,0.95,0.24,4.24,0.14,0.33,0.5,0.12,0.4,0.25,0.16,0.27,0.4,0.2,2026,17878
1,1,0,0,0,0,0,0,0.1,0.5,1,LAA,0.5,0,0,0,-2.89,1,0,0,27,0,0.5,0.5,2,0,0,0,1,1,1,0,Tayler Saucedo,3,0.45,-2.89,1,0,1,0,0,0,0.5,0,1,1,2026,17888
6,5,1,0,0,1,1,1,5.1,0.24,5,TBR,0.26,0.05,1.69,0.29,4.24,0.5,0,0,8.44,0.21,0.29,0.42,21,1.69,0,1.69,0.14,5,1,0.6,Garrett Cleavinger,1.12,0.3,2.94,0.29,0.2,1.75,0.25,0.27,0,0.19,0.2,0.6,0.13,2026,17897
6,4,1,2,0,1,1,0,6.1,0.14,3,CHC,0.19,0.05,1.42,0.39,2.64,0.5,0,0,4.26,0.11,0.23,0.29,22,1.42,0,0,0,3,0.8,0.5,Trent Thornton,0.79,0.23,4.31,0.22,0.56,1.29,0,0.44,0,0.09,0.17,0.28,0.06,2026,17948
7,2,2,1,1,3,2,0,6.1,0.23,5,CIN,0.11,0.14,2.84,0.36,2.95,0.43,0,0,7.11,0.21,0.23,0.26,22,4.26,0,0,0,1.67,0.6,0.57,Brock Burke,0.79,0.23,4.15,0.14,0.43,1.2,0,0.21,0.2,0.09,0.14,0.43,0.21,2026,17968
3,14,6,2,0,7,6,4,16,0.23,16,HOU,0.23,0.1,3.38,0.49,5.67,0.27,0,0,9,0.24,0.3,0.45,69,3.94,0,2.25,0.25,2.29,0.97,0.46,Peter Lambert,1.31,0.33,4.51,0.24,0.28,0.55,0.18,0.39,0.18,0.13,0.22,0.5,0.15,2026,17969
2,12,7,1,1,4,7,2,10,0.18,8,SFG,0.29,0.09,6.3,0.21,5.31,0.45,0,0,7.2,0.33,0.36,0.51,45,3.6,0,1.8,0.07,2,0.68,0.52,Logan Webb,1.6,0.37,3.77,0.32,0.36,2.14,0.29,0.42,0,0.09,0.21,0.42,0.06,2026,17995
4,8,7,2,1,1,6,2,4,0.14,3,MIA,0.4,0.05,13.5,0.41,9.61,0.35,1,0,6.75,0.24,0.45,0.9,22,2.25,0,4.5,0,3,0.42,0.24,Pete Fairbanks,2.25,0.56,5.77,0.4,0.47,0.86,0.29,0.59,0.29,0.09,0.12,0.41,0.18,2026,17998
2,3,2,0,0,1,2,2,2.1,0.33,4,CHC,0.3,0.08,7.71,0.5,13.4,0.33,1,0,15.43,0.17,0.42,0.9,12,3.86,0,7.71,0,4,1,0.17,Phil Maton,1.71,0.53,4.21,0.25,0.5,0.67,0.67,0.67,0,0.25,0.17,0.33,0.17,2026,18064
3,2,1,0,0,0,0,0,3,0.36,4,BAL,0.18,0,0,0.14,0.44,0.86,0,0,12,0,0.18,0.18,11,0,0,0,0.17,4,0.5,0.71,Ryan Helsley,0.67,0.16,0.95,0.29,0.43,6,0,0,0,0.36,0,0.57,0.29,2026,18138
1,3,1,2,0,1,1,0,1.2,0,0,COL,0.43,0.12,5.4,0.43,4.91,0.43,0,0,0,0.14,0.5,0.71,8,5.4,0,0,0,0,0.75,0.14,Brett Sullivan,2.4,0.51,7.64,0.43,0.29,1,0,0.86,0,-0.12,0.14,0.57,0,2026,18217
4,3,3,0,0,1,3,1,3,0.09,1,ATL,0.3,0.09,9,0.67,7.78,0.11,0,0,3,0.22,0.36,0.6,11,3,0,3,0,1,0.38,0.67,Tyler Kinley,1.33,0.41,6.48,0.25,0.11,0.17,0.17,0.11,0.17,0,0.56,0.33,0.22,2026,18297
4,2,0,0,0,1,0,0,5.1,0.2,4,DET,0.12,0.05,0,0.31,2.74,0.62,1,0,6.75,0.08,0.21,0.12,20,1.69,0,0,0,4,1,0.64,Jacob Waguespack,0.56,0.17,3.87,0.14,0.21,2,0,0.21,0,0.15,0.36,0.43,0.14,2026,18318
6,11,7,2,0,1,6,3,7.2,0.18,6,HOU,0.33,0.03,7.04,0.37,7.02,0.48,0,0,7.04,0.15,0.35,0.67,34,1.17,0,3.52,0,6,0.64,0.41,Enyel De Los Santos,1.57,0.43,3.92,0.33,0.37,1.3,0.3,0.33,0.2,0.15,0.26,0.37,0.26,2026,18403
2,1,0,0,0,1,0,0,1.2,0.29,2,ATL,0.17,0.14,0,0,2.51,1,0,0,10.8,0,0.29,0.17,7,5.4,0,0,0,2,1,0.75,Danny Young,1.2,0.23,2.51,0.25,0.25,4,0,0.25,0,0.14,0,0.75,0,2026,18439
3,10,6,1,0,10,6,0,17.1,0.39,27,TOR,0.17,0.14,3.12,0.39,1.73,0.36,0,0,14.02,0.24,0.29,0.18,70,5.19,0,0,0,2.7,0.7,0.48,Dylan Cease,1.15,0.23,2.86,0.3,0.21,0.92,0,0.33,0.23,0.24,0.27,0.52,0.18,2026,18525
6,2,0,1,0,2,0,0,3.2,0.29,4,SFG,0.17,0.14,0,0.25,2.56,0.38,0,0,9.82,0.38,0.29,0.25,14,4.91,0,0,0,2,1,0.62,Sam Hentges,1.09,0.25,3.39,0.25,0.38,1.5,0,0.38,0,0.14,0.25,0.38,0,2026,18548
3,2,0,1,0,1,0,0,4.1,0.33,5,DET,0.14,0.07,0,0.44,1.49,0.44,0,0,10.38,0.11,0.2,0.21,15,2.08,0,0,0,5,1,0.67,Enmanuel De Jesus,0.69,0.19,2.9,0.22,0.44,1,0,0.22,0,0.27,0.44,0.11,0.11,2026,18554
5,4,2,0,0,0,1,1,6,0.18,4,NYM,0.18,0,1.5,0.5,3.94,0.39,0,0,6,0.11,0.18,0.32,22,0,0,1.5,0.29,4,0.77,0.67,A.J. Minter,0.67,0.21,4.05,0.18,0.28,0.78,0.11,0.28,0,0.18,0.17,0.56,0.06,2026,18655
2,12,8,3,0,4,5,1,9.2,0.2,9,NYM,0.29,0.09,4.66,0.39,3.83,0.42,0,0,8.38,0.18,0.35,0.43,46,3.72,0,0.93,0.07,2.25,0.55,0.58,Freddy Peralta,1.66,0.34,4.53,0.34,0.27,1.08,0.08,0.3,0.08,0.11,0.3,0.42,0.12,2026,18679
3,18,7,5,0,9,7,0,20.1,0.18,15,MIA,0.25,0.11,3.1,0.31,3.11,0.46,1,0,6.64,0.24,0.33,0.32,85,3.98,1,0,0.04,1.67,0.75,0.52,Sandy Alcantara,1.33,0.29,4.45,0.3,0.32,1.5,0,0.33,0.11,0.07,0.2,0.48,0.15,2026,18684
5,5,2,0,0,2,1,1,5.1,0.3,7,TOR,0.25,0.09,1.69,0.43,4.05,0.43,0,1,11.81,0.14,0.3,0.4,23,3.38,0,1.69,0,3.5,0.89,0.64,Tommy Nance,1.31,0.29,3.32,0.31,0.5,1,0.17,0.36,0,0.22,0.07,0.43,0,2026,19178
5,7,6,1,0,3,6,1,5.1,0.12,3,MIA,0.32,0.12,10.13,0.63,6.11,0.37,0,0,5.06,0,0.4,0.5,25,5.06,0,1.69,0,1,0.47,0.58,Lake Bachar,1.88,0.39,7.09,0.33,0.47,0.58,0.08,0.26,0,0,0.26,0.26,0.16,2026,19222
3,3,4,1,0,3,4,0,1.2,0.36,4,CHW,0.38,0.27,21.6,0,3.71,0,0,0,21.6,1,0.55,0.5,11,16.2,0,0,0,1.33,0.33,0.5,Seranthony Dominguez,3.6,0.47,3.71,0.75,0.25,0,0,0.5,0,0.09,0,0.75,0,2026,19249
3,4,1,1,0,1,1,0,3.2,0.19,3,ATL,0.27,0.06,2.45,0.08,2.29,0.75,0,0,7.36,0.17,0.31,0.33,16,2.45,0,0,0.11,3,0.8,0.33,Ian Hamilton,1.36,0.29,2.71,0.33,0.33,9,0,0.58,0,0.12,0.33,0.33,0.08,2026,19261
5,2,0,0,0,5,0,0,6,0.27,7,CHC,0.1,0.19,0,0.21,3.28,0.36,0,0,10.5,0.43,0.27,0.1,26,7.5,0,0,0,1.4,1,0.43,Jacob Webb,1.17,0.2,4.04,0.14,0.36,1.67,0,0.43,0.33,0.08,0.21,0.43,0.14,2026,19274
2,11,11,2,1,3,11,4,12.1,0.08,4,ARI,0.23,0.06,8.03,0.44,7.65,0.37,1,1,2.92,0.19,0.29,0.57,51,2.19,0,2.92,0,1.33,0.43,0.4,Zac Gallen,1.14,0.36,5.77,0.18,0.37,0.84,0.21,0.47,0.16,0.02,0.21,0.42,0.14,2026,19291
5,2,1,0,1,3,1,0,7,0.37,10,CHW,0.08,0.11,1.29,0.5,1.54,0.43,0,0,12.86,0.07,0.19,0.17,27,3.86,0,0,0,3.33,0.8,0.64,Trevor Richards,0.71,0.17,3.06,0.14,0.21,0.86,0,0.29,0.14,0.26,0.43,0.36,0.07,2026,19309
3,8,4,0,0,2,3,2,11,0.18,8,TEX,0.19,0.04,2.45,0.56,4.84,0.29,1,0,6.55,0.15,0.24,0.33,45,1.64,0,1.64,0.1,4,0.85,0.53,Cal Quantrill,0.91,0.26,5.1,0.19,0.56,0.53,0.11,0.24,0.16,0.13,0.24,0.21,0.24,2026,19312
4,6,7,0,1,3,7,1,2.2,0.28,5,ATH,0.43,0.17,23.62,0.33,8.74,0.22,1,0,16.87,0.44,0.56,0.79,18,10.12,0,3.38,0,1.67,0.35,0.56,Matt Krook,3.38,0.56,5.57,0.62,0.56,0.67,0.33,0.33,0.33,0.11,0,0.44,0.11,2026,19315
2,9,3,0,0,4,3,1,12,0.08,4,LAD,0.2,0.08,2.25,0.46,4.53,0.44,0,0,3,0.1,0.27,0.27,49,3,0,0.75,0.11,1,0.86,0.59,Eric Lauer,1.08,0.24,5.85,0.2,0.41,0.95,0.05,0.29,0,0,0.22,0.37,0.12,2026,19316
5,6,1,1,0,2,1,0,4.2,0.1,2,CLE,0.33,0.1,1.93,0.24,3.54,0.41,0,0,3.86,0.35,0.38,0.39,21,3.86,0,0,0,1,0.88,0.59,Matt Festa,1.71,0.34,4.84,0.35,0.35,1.75,0,0.35,0,0,0.24,0.41,0.06,2026,19330
4,2,4,1,0,1,4,1,1.2,0.33,3,WSN,0.29,0.11,21.6,0.75,10.91,0.25,1,0,16.2,0,0.44,0.86,9,5.4,0,5.4,0,3,0,0.25,Richard Lovelady,1.8,0.53,5.84,0.33,0.75,0.33,0.33,0.5,0,0.22,0.25,0,0.25,2026,19337
5,5,1,0,1,1,1,1,4.2,0.21,4,CIN,0.28,0.05,1.93,0.29,4.82,0.43,0,0,7.71,0.29,0.32,0.56,19,1.93,0,1.93,0.17,4,1,0.57,Caleb Ferguson,1.29,0.37,3.34,0.31,0.29,1.5,0.25,0.29,0.25,0.16,0.43,0.29,0.14,2026,19349
1,4,1,1,0,1,1,1,6,0.18,4,BAL,0.19,0.05,1.5,0.31,4.44,0.44,0,0,6,0.25,0.23,0.38,22,1.5,0,1.5,0,4,1,0.53,Dean Kremer,0.83,0.26,3.54,0.19,0.24,1.4,0.2,0.47,0,0.14,0.18,0.59,0,2026,19350
5,4,3,0,0,2,3,1,5,0.05,1,KCR,0.24,0.11,5.4,0.25,6.51,0.56,0,0,1.8,0.19,0.32,0.41,19,3.6,0,1.8,0,0.5,0.65,0.56,Lucas Erceg,1.2,0.32,5.12,0.2,0.31,2.25,0.25,0.38,0,-0.05,0.19,0.5,0.06,2026,19360
2,3,2,0,0,1,0,0,2.2,0.25,3,BAL,0.27,0.08,0,0.5,1.99,0.5,0,0,10.12,0,0.33,0.27,12,3.38,0,0,0.75,3,0.5,0.62,Keegan Akin,1.5,0.28,4.26,0.38,0.12,1,0,0,0.25,0.17,0.25,0.62,0.38,2026,19362
2,10,10,1,0,7,10,4,9.1,0.26,11,SDP,0.28,0.16,9.64,0.56,8.57,0.4,0,1,10.61,0.04,0.4,0.64,43,6.75,0,3.86,0.1,1.57,0.61,0.52,Walker Buehler,1.82,0.43,5.28,0.29,0.44,0.71,0.29,0.36,0,0.09,0.16,0.4,0.12,2026,19374
3,20,13,4,0,7,13,6,13,0.14,9,TOR,0.35,0.11,9,0.44,9.34,0.31,0,0,6.23,0.25,0.42,0.74,64,4.85,0,4.15,0,1.29,0.75,0.35,Shane Bieber,2.08,0.49,5.79,0.33,0.35,0.71,0.29,0.54,0.1,0.03,0.15,0.5,0.1,2026,19427
5,6,0,0,0,7,0,0,5,0.3,8,PIT,0.32,0.26,0,0,4.71,0.8,1,0,14.4,0.2,0.52,0.32,27,12.6,1,0,0.12,1.14,1,0.36,Yohan Ramirez,2.6,0.41,4.71,0.55,0.45,8,0,0.36,0,0.04,0.27,0.27,0.27,2026,19444
4,5,4,0,0,3,4,0,4.1,0.15,3,SEA,0.31,0.15,8.31,0.23,3.8,0.38,0,0,6.23,0.38,0.42,0.31,20,6.23,0,0,0,1,0.5,0.5,Michael Rucker,1.85,0.34,4.85,0.36,0.43,1.67,0,0.29,0,0,0.29,0.29,0.21,2026,19454
3,18,10,3,0,3,9,4,13.2,0.21,13,ATH,0.32,0.05,5.93,0.5,5.89,0.25,1,0,8.56,0.25,0.36,0.58,61,1.98,0,2.63,0,4.33,0.73,0.48,Aaron Civale,1.54,0.4,4.53,0.35,0.36,0.5,0.18,0.34,0.14,0.16,0.14,0.5,0.18,2026,19479
6,3,1,0,0,0,1,1,5.2,0.33,7,CHC,0.15,0,1.59,0.54,3.46,0.31,1,0,11.12,0.15,0.19,0.3,21,0,0,1.59,0,7,1,0.54,Tyler Ferguson,0.53,0.22,3.04,0.17,0.38,0.57,0.14,0.23,0,0.33,0.15,0.46,0.23,2026,19481
3,12,5,2,1,6,5,1,13,0.21,12,PHI,0.24,0.11,3.46,0.44,3.88,0.42,1,0,8.31,0.14,0.33,0.38,57,4.15,1,0.69,0.07,2,0.8,0.47,Alan Rangel,1.38,0.32,4.75,0.3,0.18,0.94,0.06,0.29,0.25,0.11,0.24,0.58,0.24,2026,19524
3,8,4,1,0,2,4,0,5.2,0.08,2,ATH,0.35,0.08,6.35,0.5,3.46,0.32,0,0,3.18,0.18,0.38,0.39,26,3.18,0,0,0.29,1,0.6,0.64,Geoff Hartlieb,1.76,0.34,6.41,0.36,0.32,0.64,0,0.32,0,0,0.18,0.5,0.05,2026,19558
4,2,0,0,0,0,0,0,5.1,0.29,5,NYY,0.12,0,0,0.5,1.24,0.42,0,0,8.44,0.08,0.12,0.12,17,0,0,0,0,5,1,0.42,David Bednar,0.38,0.1,2.94,0.17,0.42,0.83,0,0.33,0.17,0.29,0.08,0.5,0.25,2026,19569
6,7,1,0,0,1,1,0,6,0.19,5,STL,0.28,0.04,1.5,0.3,1.94,0.5,0,0,7.5,0.2,0.31,0.28,26,1.5,0,0,0.1,5,0.88,0.5,JoJo Romero,1.33,0.27,3.46,0.35,0.4,1.67,0,0.25,0,0.15,0.2,0.4,0.25,2026,19574
4,7,4,0,0,1,4,1,6.2,0.24,6,NYM,0.29,0.04,5.4,0.22,3.71,0.5,0,0,8.1,0.28,0.32,0.42,25,1.35,0,1.35,0,6,0.61,0.39,Cionel Perez,1.2,0.32,2.67,0.35,0.28,2.25,0.25,0.5,0,0.2,0.33,0.39,0.11,2026,19614
4,2,0,0,0,1,0,0,4.1,0.5,8,CHW,0.13,0.06,0,0.14,0.11,0.57,0,0,16.62,0.29,0.19,0.13,16,2.08,0,0,0,8,1,0.57,Jordan Hicks,0.69,0.16,0.46,0.29,0.29,4,0,0.14,0,0.44,0.29,0.43,0.29,2026,19618
5,8,9,2,1,5,8,4,8.2,0.32,13,SDP,0.24,0.12,8.31,0.64,7.84,0.18,0,0,13.5,0.18,0.32,0.71,40,5.19,0,4.15,0,2.6,0.54,0.41,Kyle Hart,1.5,0.42,4.29,0.22,0.32,0.29,0.29,0.45,0.07,0.2,0.18,0.5,0.14,2026,19646
5,5,6,0,0,3,6,3,5.2,0.24,6,PIT,0.24,0.12,9.53,0.47,9.46,0.33,0,0,9.53,0.2,0.33,0.67,25,4.76,0,4.76,0,2,0.53,0.47,Gregory Soto,1.41,0.42,4.46,0.15,0.33,0.71,0.43,0.47,0,0.12,0.2,0.47,0.07,2026,19677
3,6,6,2,0,3,5,0,2.2,0.17,3,KCR,0.43,0.17,16.87,0.36,5.36,0.27,1,0,10.12,0.36,0.56,0.57,18,10.12,0,0,0,1,0.4,0.55,Connor Seabold,3.38,0.5,7.64,0.55,0.45,0.75,0,0.45,0,0,0.36,0.18,0,2026,19695
1,5,5,1,0,2,5,0,0.2,0.11,1,STL,0.83,0.22,67.5,0.17,9.11,0.33,0,0,13.5,0.5,0.78,1,9,27,0,0,0.5,0.5,0.29,0.33,Dustin May,10.5,0.69,11.39,0.83,0.83,2,0,0.5,0,-0.11,0,0.17,0.17,2026,19716
3,2,0,0,0,1,0,0,3,0.42,5,MIA,0.18,0.08,0,0.33,0.78,0.33,0,0,15,0.33,0.25,0.18,12,3,0,0,0,5,1,0.5,Anthony Bender,1,0.21,1.79,0.33,0.5,1,0,0.33,0,0.33,0.33,0.17,0.17,2026,19742
6,5,0,0,0,0,0,0,6,0.23,5,ARI,0.23,0,0,0.24,1.44,0.59,0,0,7.5,0.18,0.23,0.23,22,0,0,0,0,5,1,0.47,Jonathan Loaisiga,0.83,0.2,2.46,0.29,0.12,2.5,0,0.29,0,0.23,0.24,0.65,0.24,2026,19753
2,12,6,2,0,4,5,1,12,0.33,17,LAD,0.26,0.08,3.75,0.23,2.36,0.57,0,0,12.75,0.2,0.31,0.36,51,3,0,0.75,0.06,4.25,0.68,0.63,Shohei Ohtani,1.33,0.3,2.16,0.38,0.23,2.43,0.14,0.2,0.14,0.25,0.3,0.47,0.17,2026,19755
2,4,3,1,0,0,2,0,2.1,0.36,4,DET,0.36,0,7.71,0,-0.32,0.57,0,0,15.43,0.43,0.36,0.45,11,0,0,0,0,4,0.25,0.57,Will Vest,1.71,0.36,-0.32,0.57,0.43,4,0,0.43,0,0.36,0.29,0.29,0,2026,19769
4,1,1,0,0,0,1,1,4,0.31,4,TBR,0.08,0,2.25,0.44,4.36,0.33,0,0,9,0.22,0.08,0.31,13,0,0,2.25,0,4,1,0.44,Bryan Baker,0.25,0.16,2.63,0,0.44,0.75,0.25,0.44,0,0.31,0,0.56,0.11,2026,19804
3,12,6,0,0,6,6,0,17.1,0.21,15,SDP,0.19,0.08,3.12,0.4,2.76,0.45,2,0,7.79,0.15,0.28,0.19,72,3.12,0,0,0,2.5,0.7,0.53,Michael King,1.04,0.23,4.43,0.24,0.39,1.11,0,0.33,0.16,0.12,0.27,0.35,0.14,2026,19853
1,12,7,2,0,2,7,3,7,0.06,2,LAD,0.38,0.06,9,0.27,8.97,0.5,0,0,2.57,0.23,0.41,0.72,34,2.57,0,3.86,0.07,1,0.71,0.37,Charlie Barnes,2,0.48,5.13,0.33,0.53,1.88,0.38,0.5,0,0,0.03,0.43,0.13,2026,19865
3,11,7,3,0,5,7,0,9,0.2,9,SDP,0.3,0.11,7,0.5,3.44,0.25,2,0,9,0.25,0.41,0.38,44,5,0,0,0,1.8,0.61,0.43,Griffin Canning,1.78,0.36,5.81,0.39,0.25,0.5,0,0.36,0.21,0.09,0.29,0.46,0.21,2026,19867
5,4,2,2,0,2,2,0,4.2,0.28,5,ARI,0.27,0.11,3.86,0.27,2.25,0.55,0,0,9.64,0.18,0.33,0.4,18,3.86,0,0,0.17,2.5,0.67,0.45,Kevin Ginkel,1.29,0.32,3.23,0.36,0.18,2,0,0.55,0,0.17,0.18,0.64,0,2026,19876
4,4,5,0,0,2,5,0,3.1,0.12,2,KCR,0.29,0.12,13.5,0.25,3.71,0.58,0,0,5.4,0.17,0.38,0.29,16,5.4,0,0,0.14,1,0.17,0.42,Alex Lange,1.8,0.31,5.08,0.33,0.42,2.33,0,0.5,0,0,0.17,0.42,0.08,2026,19883
4,1,0,0,0,3,0,0,6,0.15,3,ATH,0.06,0.15,0,0.36,3.61,0.43,0,0,4.5,0.21,0.2,0.06,20,4.5,0,0,0,1,1,0.43,Jose Suarez,0.67,0.15,4.88,0.07,0.5,1.2,0,0.43,0,0,0.07,0.43,0.14,2026,19911
4,6,1,0,0,2,1,0,3.1,0.35,6,CHW,0.43,0.12,2.7,0.22,1.31,0.22,0,0,16.2,0.56,0.47,0.43,17,5.4,0,0,0,3,0.88,0.56,Bryan Hudson,2.4,0.4,2.22,0.67,0.11,1,0,0.11,0,0.24,0.44,0.44,0.33,2026,19924
1,0,2,0,0,1,1,0,1,0,0,CIN,0,0.25,9,1,6.11,0,0,0,0,0,0.33,0,4,9,0,0,0,0,-1,1,Tony Santillan,1,0.23,9.15,0,0,0,0,0,0,-0.25,1,0,0,2026,19926
3,13,7,1,0,6,3,0,17.2,0.38,28,PHI,0.2,0.08,1.53,0.21,1.13,0.63,1,0,14.26,0.16,0.27,0.21,73,3.06,0,0,0.08,4.67,0.65,0.63,Jesus Luzardo,1.08,0.23,1.82,0.34,0.37,3,0,0.24,0,0.3,0.18,0.45,0.13,2026,19959
2,12,7,0,1,1,7,2,7.2,0.21,8,CHC,0.34,0.03,8.22,0.38,5.59,0.35,2,0,9.39,0.27,0.39,0.57,38,1.17,0,2.35,0.11,8,0.66,0.44,Bryse Wilson,1.7,0.42,4.18,0.4,0.26,0.9,0.2,0.44,0,0.18,0.3,0.44,0.11,2026,19990
5,7,6,0,0,4,4,1,5.1,0.07,2,MIL,0.32,0.14,6.75,0.05,8.17,0.63,2,1,3.38,0.32,0.46,0.45,28,6.75,0,1.69,0,0.5,0.6,0.6,Joel Kuhnel,2.06,0.41,6.02,0.32,0.35,12,1,0.4,0,-0.07,0,0.65,0,2026,19995
6,4,3,1,0,0,3,0,6,0.32,7,ATL,0.19,0,4.5,0.5,0.78,0.36,0,0,10.5,0.14,0.19,0.24,22,0,0,0,0,7,0.25,0.53,Dylan Lee,0.67,0.19,2.55,0.27,0.27,0.71,0,0.33,0,0.32,0.2,0.53,0.13,2026,19996
6,4,1,1,0,2,1,1,7,0.3,8,BAL,0.16,0.07,1.29,0.53,3.54,0.35,0,0,10.29,0.12,0.22,0.32,27,2.57,0,1.29,0,4,1,0.47,Tyler Wells,0.86,0.24,3.63,0.19,0.29,0.67,0.11,0.35,0.22,0.22,0.29,0.41,0.18,2026,20000
1,0,0,0,0,0,0,0,1,1,3,LAD,0,0,0,0,-2.89,0,0,0,27,0,0,0,3,0,0,0,0,3,1,0,Wyatt Mills,0,0,-2.89,0,0,0,0,0,0,1,0,0,0,2026,20010
5,7,5,1,0,1,3,1,4.1,0.24,5,KCR,0.35,0.05,6.23,0.21,4.49,0.64,0,0,10.38,0.14,0.38,0.55,21,2.08,0,2.08,0.22,5,0.45,0.53,John Schreiber,1.85,0.4,2.55,0.43,0.2,3,0.33,0.27,0.33,0.19,0.33,0.47,0.2,2026,20020
7,7,5,2,0,2,4,1,6.2,0.21,6,BAL,0.26,0.07,5.4,0.48,4.16,0.19,0,0,8.1,0.33,0.31,0.44,29,2.7,0,1.35,0.25,3,0.53,0.52,Rico Garcia,1.35,0.33,4.49,0.3,0.24,0.4,0.1,0.29,0.3,0.14,0.38,0.38,0.19,2026,20023
6,7,3,1,0,4,2,1,7,0.25,8,SDP,0.25,0.12,2.57,0.25,4.4,0.65,0,1,10.29,0.1,0.34,0.39,32,5.14,0,1.29,0,2,0.83,0.5,Adrian Morejon,1.57,0.32,3.62,0.32,0.45,2.6,0.2,0.3,0.2,0.12,0.25,0.3,0.2,2026,20039
1,7,2,1,0,0,2,1,4,0.05,1,TEX,0.37,0,4.5,0.41,5.86,0.29,0,0,2.25,0.29,0.37,0.58,19,0,0,2.25,0.2,1,0.89,0.72,Chris Paddack,1.75,0.41,5.27,0.35,0.5,0.71,0.14,0.22,0,0.05,0.11,0.39,0.06,2026,20099
5,5,6,2,0,2,6,0,4.1,0.2,4,MIA,0.29,0.1,12.46,0.38,2.65,0.38,0,0,8.31,0.23,0.35,0.41,20,4.15,1,0,0,2,0.14,0.57,Calvin Faucher,1.62,0.33,4.4,0.36,0.14,1,0,0.43,0,0.1,0.5,0.36,0,2026,20116
4,3,2,0,0,3,2,1,4.2,0.15,3,ATL,0.19,0.15,3.86,0.64,6.54,0.29,0,0,5.79,0.07,0.3,0.38,20,5.79,0,1.93,0,1,0.87,0.5,James Karinchak,1.29,0.3,6.68,0.15,0.14,0.44,0.11,0.21,0.22,0,0.36,0.5,0.29,2026,20151
5,4,5,0,0,7,3,0,7.1,0.12,4,HOU,0.17,0.22,3.68,0.35,5.29,0.6,1,0,4.91,0.05,0.38,0.17,32,8.59,0,0,0.08,0.57,0.58,0.4,Nate Pearson,1.5,0.29,6.74,0.2,0.4,1.71,0,0.35,0.29,-0.09,0.15,0.45,0.25,2026,20160
7,6,1,0,0,0,1,1,6.1,0.26,6,BOS,0.26,0,1.42,0.35,3.27,0.41,0,0,8.53,0.24,0.26,0.39,23,0,0,1.42,0,6,1,0.47,Garrett Whitlock,0.95,0.28,2.65,0.31,0.24,1.17,0.17,0.29,0.5,0.26,0.24,0.53,0.24,2026,20191
2,10,5,4,0,2,3,2,11,0.26,12,TBR,0.23,0.04,2.45,0.39,4.11,0.35,1,0,9.82,0.26,0.28,0.47,46,1.64,0,1.64,0,6,0.78,0.55,Griffin Jax,1.09,0.32,3.4,0.28,0.42,0.92,0.17,0.42,0,0.22,0.06,0.52,0.03,2026,20253
2,14,12,4,0,3,12,2,9.1,0.12,5,CHC,0.36,0.07,11.57,0.43,5.79,0.26,0,0,4.82,0.31,0.4,0.62,43,2.89,0,1.93,0,1.67,0.35,0.34,David Peterson,1.82,0.43,5.44,0.36,0.4,0.6,0.13,0.6,0,0.05,0.31,0.29,0.06,2026,20302
4,1,0,1,0,1,0,0,4,0.15,2,STL,0.08,0.08,0,0.3,2.86,0.6,0,0,4.5,0.1,0.15,0.17,13,2.25,0,0,0,2,1,0.4,Riley O'Brien,0.5,0.15,4,0.1,0.7,2,0,0.4,0.33,0.08,0.2,0.1,0.2,2026,20348
5,3,0,0,0,1,0,0,5,0.39,7,SEA,0.18,0.06,0,0.4,0.91,0.3,0,0,12.6,0.3,0.22,0.18,18,1.8,0,0,0,7,1,0.7,Andres Munoz,0.8,0.19,2.12,0.3,0.8,0.75,0,0.1,0,0.33,0,0.2,0.2,2026,20373
4,2,3,0,0,3,3,0,4.2,0.17,3,BOS,0.13,0.17,5.79,0.42,3.75,0.42,0,0,5.79,0.17,0.28,0.13,18,5.79,0,0,0,1,0.4,0.58,Greg Weissert,1.07,0.22,5.38,0.17,0.17,1,0,0.25,0,0,0.17,0.67,0.17,2026,20375
5,8,3,1,0,0,3,2,4.2,0.18,4,MIA,0.38,0,5.79,0.35,7.61,0.59,1,0,7.71,0.06,0.41,0.71,22,0,0,3.86,0.1,4,0.97,0.59,Tyler Zuber,1.71,0.48,3.99,0.4,0.53,1.67,0.33,0.35,0,0.18,0.18,0.29,0.06,2026,20379
6,6,4,1,0,1,4,2,6,0.25,6,PIT,0.26,0.04,6,0.38,5.94,0.31,0,0,9,0.31,0.29,0.57,24,1.5,1,3,0,6,0.71,0.41,Isaac Mattson,1.17,0.36,3.13,0.27,0.47,0.83,0.33,0.53,0,0.21,0.24,0.29,0.06,2026,20385
3,11,6,2,0,5,5,0,13.2,0.2,12,CHW,0.22,0.08,3.29,0.41,2.89,0.41,2,0,7.9,0.18,0.31,0.26,59,3.29,0,0,0.12,2.4,0.67,0.52,Anthony Kay,1.17,0.27,4.67,0.28,0.3,1,0,0.25,0.25,0.12,0.2,0.5,0.22,2026,20387
2,0,1,0,0,2,1,0,2.2,0.5,5,BOS,0,0.2,3.38,0.33,1.61,0.67,0,0,16.87,0,0.2,0,10,6.75,0,0,0,2.5,0.5,1,Jovani Moran,0.75,0.14,2.18,0,0,2,0,0,0,0.3,0,1,0,2026,20422
5,8,7,1,1,3,7,0,5.1,0.07,2,SFG,0.33,0.11,11.81,0.23,4.05,0.55,0,0,3.38,0.23,0.41,0.46,27,5.06,0,0,0.08,0.67,0.36,0.5,Ryan Walker,2.06,0.38,5.47,0.36,0.55,2.4,0,0.27,0.4,-0.04,0.27,0.18,0.23,2026,20423
3,14,6,2,1,3,6,2,19.1,0.27,20,DET,0.2,0.04,2.79,0.41,2.85,0.35,0,0,9.31,0.24,0.23,0.34,74,1.4,0,0.93,0.06,6.67,0.77,0.57,Casey Mize,0.88,0.25,3.16,0.24,0.31,0.86,0.1,0.25,0.19,0.23,0.29,0.39,0.18,2026,20492
6,7,4,4,0,5,3,1,8.1,0.14,5,MIL,0.24,0.14,3.24,0.5,5.27,0.25,0,1,5.4,0.25,0.34,0.48,35,5.4,0,1.08,0,1,0.75,0.48,Grant Anderson,1.44,0.34,5.9,0.25,0.28,0.5,0.08,0.4,0.17,0,0.16,0.56,0.12,2026,20546
3,18,9,2,0,5,9,3,16.2,0.1,7,MIA,0.28,0.07,4.86,0.32,5.51,0.47,0,0,3.78,0.21,0.33,0.45,69,2.7,0,1.62,0,1.4,0.74,0.46,Tyler Phillips,1.38,0.34,4.81,0.28,0.37,1.5,0.17,0.46,0.06,0.03,0.23,0.4,0.09,2026,20629
2,10,5,1,0,3,5,1,12,0.29,15,PHI,0.21,0.06,3.75,0.25,2.69,0.69,1,0,11.25,0.06,0.27,0.3,51,2.25,0,0.75,0.09,5,0.71,0.41,Cristopher Sanchez,1.08,0.26,2.62,0.29,0.28,2.75,0.12,0.41,0.25,0.24,0.28,0.44,0.19,2026,20778
6,4,1,1,0,2,1,1,5.2,0.36,8,MIA,0.2,0.09,1.59,0.5,3.64,0.42,0,0,12.71,0.08,0.27,0.4,22,3.18,0,1.59,0,4,1,0.42,Michael Petersen,1.06,0.29,2.95,0.27,0.42,0.83,0.17,0.5,0.17,0.27,0,0.58,0.08,2026,20827
2,9,9,2,0,1,9,2,3,0,0,SDP,0.5,0.05,27,0.56,12.78,0.28,0,0,0,0.17,0.53,0.94,19,3,0,6,0,0,0.14,0.44,Rodolfo Duran,3.33,0.62,9.17,0.44,0.22,0.5,0.2,0.39,0.1,-0.05,0.17,0.61,0.17,2026,20958
5,4,1,1,0,2,1,0,4,0.33,6,SEA,0.25,0.11,2.25,0.4,1.61,0.3,0,0,13.5,0.3,0.33,0.31,18,4.5,0,0,0,3,0.83,0.4,Eduard Bazardo,1.5,0.3,3.13,0.4,0.5,0.75,0,0.5,0.25,0.22,0.1,0.4,0.1,2026,20997
4,2,0,0,0,1,0,0,4,0.33,5,PHI,0.14,0.07,0,0.22,1.36,0.67,0,0,11.25,0.11,0.2,0.14,15,2.25,0,0,0.17,5,1,0.56,Jhoan Duran,0.75,0.17,2.12,0.22,0.11,3,0,0.44,0,0.27,0.33,0.56,0,2026,21029
4,5,0,1,0,1,0,0,4.2,0.14,3,NYY,0.28,0.05,0,0.4,3.75,0.33,2,0,5.79,0.27,0.38,0.33,21,1.93,0,0,0,3,1,0.53,Jake Bird,1.29,0.33,5.71,0.33,0.53,0.83,0,0.27,0.33,0.1,0.2,0.27,0.2,2026,21267
5,3,2,1,0,2,2,1,6.1,0.29,7,TEX,0.14,0.08,2.84,0.36,3.9,0.36,0,1,9.95,0.29,0.21,0.32,24,2.84,0,1.42,0,3.5,0.83,0.53,Jacob Latz,0.79,0.21,3.05,0.14,0.33,1,0.2,0.27,0.4,0.21,0.27,0.4,0.2,2026,21306
3,17,10,3,0,5,10,2,17,0.32,23,MIN,0.26,0.07,5.29,0.5,2.82,0.39,0,0,12.18,0.11,0.31,0.39,72,2.65,0,1.06,0,4.6,0.62,0.5,Joe Ryan,1.29,0.31,3.25,0.36,0.25,0.77,0.09,0.36,0.14,0.25,0.23,0.52,0.14,2026,21390
3,4,4,0,0,1,0,0,3.1,0.06,1,NYY,0.27,0.06,0,0.43,3.41,0.36,0,0,2.7,0.21,0.31,0.27,17,2.7,0,0,0,1,0.2,0.53,Yerry De los Santos,1.5,0.27,6.14,0.27,0.27,0.83,0,0.4,0.17,0,0.27,0.47,0.07,2026,21420
3,15,7,5,0,4,5,2,18,0.15,11,COL,0.22,0.06,2.5,0.36,4,0.49,0,0,5.5,0.15,0.27,0.39,71,2,1,1,0.07,2.75,0.74,0.54,Ryan Feltner,1.06,0.29,4.24,0.24,0.29,1.35,0.1,0.32,0.15,0.1,0.18,0.54,0.14,2026,21446
2,10,2,4,0,6,2,0,8.2,0.08,3,CHW,0.3,0.15,2.08,0.33,4.49,0.47,0,0,3.12,0.2,0.41,0.42,39,6.23,0,0,0,0.5,0.88,0.47,Davis Martin,1.85,0.37,6.25,0.33,0.3,1.4,0,0.37,0.3,-0.08,0.13,0.57,0.17,2026,21448
2,9,6,1,0,1,2,3,12,0.18,8,TBR,0.21,0.02,1.5,0.46,5.28,0.31,0,0,6,0.23,0.23,0.44,45,0.75,0,2.25,0.18,8,0.69,0.39,Shane McClanahan,0.83,0.29,4.05,0.18,0.33,0.69,0.19,0.53,0,0.16,0.19,0.47,0.08,2026,21483
1,4,3,1,1,1,3,0,2,0,0,KCR,0.4,0.09,13.5,0.5,4.61,0.4,0,0,0,0.1,0.45,0.7,11,4.5,0,0,0.25,0,0.4,0.1,Stephen Kolek,2.5,0.49,8.41,0.4,0.5,0.8,0,0.5,0.2,-0.09,0,0.5,0.4,2026,21487
4,2,0,0,0,2,0,0,4,0.53,9,ATH,0.14,0.12,0,0.4,0.86,0.6,1,0,20.25,0,0.29,0.14,17,4.5,0,0,0,4.5,1,0.8,Hogan Harris,1,0.23,1.62,0.4,0.4,1.5,0,0,0.5,0.41,0.4,0.2,0.2,2026,21520
5,4,1,0,0,0,1,0,4,0.12,2,KCR,0.25,0,2.25,0.31,2.11,0.46,0,0,4.5,0.23,0.25,0.25,16,0,1,0,0,2,0.75,0.36,Daniel Lynch IV,1,0.22,3.63,0.29,0.29,1.5,0,0.36,0.25,0.12,0.29,0.43,0.29,2026,21537
5,8,7,2,0,3,7,3,4.1,0.33,8,PHI,0.38,0.12,14.54,0.62,10.49,0.15,0,1,16.62,0.23,0.46,0.9,24,6.23,0,6.23,0,2.67,0.59,0.54,Chase Shugart,2.54,0.55,4.3,0.5,0.46,0.25,0.38,0.31,0.12,0.21,0.31,0.23,0.15,2026,21544
5,2,3,1,0,1,3,0,4.1,0.31,5,BAL,0.14,0.06,6.23,0.56,2.19,0.33,1,0,10.38,0.11,0.25,0.21,16,2.08,0,0,0,5,0.25,0.78,Grant Wolfram,0.69,0.22,3.94,0.22,0.56,0.6,0,0.11,0,0.25,0.33,0.11,0.11,2026,21623
4,3,0,2,0,7,0,0,5,0.36,9,ATH,0.19,0.28,0,0.29,4.31,0.29,1,0,16.2,0.43,0.46,0.31,25,12.6,0,0,0,1.29,1,0.75,Luis Medina,2,0.38,4.92,0.38,0.25,1,0,0.25,0,0.08,0.25,0.5,0,2026,21649
6,4,3,1,0,2,3,2,4.2,0.2,4,ATH,0.22,0.1,5.79,0.5,8.25,0.36,0,0,7.71,0.14,0.3,0.61,20,3.86,0,3.86,0,2,0.94,0.64,Elvis Alvarado,1.29,0.38,4.96,0.17,0.57,0.71,0.29,0.29,0,0.1,0.07,0.36,0.07,2026,21662
1,3,2,0,0,4,2,0,5,0.18,4,CHC,0.17,0.18,3.6,0.43,3.91,0.43,0,0,7.2,0.14,0.32,0.17,22,7.2,0,0,0,1,0.71,0.57,Edward Cabrera,1.4,0.25,5.73,0.21,0.57,1,0,0.29,0,0,0.14,0.29,0.14,2026,21690
3,12,7,1,0,6,7,4,12.1,0.15,8,CHC,0.26,0.12,5.11,0.45,7.49,0.34,0,0,5.84,0.21,0.35,0.54,52,4.38,0,2.92,0,1.33,0.89,0.34,Javier Assad,1.46,0.38,5.37,0.24,0.42,0.76,0.24,0.55,0,0.04,0.18,0.39,0.11,2026,21741
6,2,3,1,0,4,3,0,6,0.21,5,STL,0.1,0.17,4.5,0.33,3.44,0.6,0,0,7.5,0.07,0.25,0.15,24,6,0,0,0,1.25,0.5,0.73,George Soriano,1,0.21,4.71,0.13,0.47,1.8,0,0.13,0.4,0.04,0.13,0.4,0.13,2026,21863
5,1,0,0,0,2,0,0,4.1,0.33,5,ARI,0.08,0.13,0,0.38,2.19,0.5,0,0,10.38,0.12,0.2,0.08,15,4.15,0,0,0,2.5,1,0.75,Juan Morillo,0.69,0.15,3.24,0.12,0.5,1.33,0,0.12,0,0.2,0.12,0.38,0.12,2026,21924
6,6,10,1,0,5,2,1,5.1,0.24,7,NYY,0.27,0.17,3.38,0.31,5.74,0.56,0,1,11.81,0.12,0.38,0.45,29,8.44,1,1.69,0.22,1.4,0.1,0.53,Camilo Doval,2.06,0.35,4.72,0.31,0.29,1.8,0.2,0.29,0.2,0.07,0.18,0.53,0.18,2026,21992
4,2,2,0,0,1,2,1,5.1,0.22,4,MIA,0.12,0.06,3.38,0.38,4.61,0.38,0,0,6.75,0.23,0.17,0.29,18,1.69,0,1.69,0,4,0.62,0.38,John King,0.56,0.2,3.6,0.08,0.23,1,0.2,0.46,0,0.17,0.15,0.62,0.15,2026,22051
2,12,8,1,0,3,8,2,8,0.33,13,LAA,0.33,0.08,9,0.22,4.24,0.43,0,0,14.62,0.35,0.38,0.53,39,3.38,0,2.25,0,4.33,0.57,0.43,Jose Soriano,1.88,0.4,1.93,0.48,0.3,2,0.4,0.3,0.4,0.26,0.13,0.57,0.26,2026,22100
5,9,7,1,2,1,7,2,6.2,0.2,6,TEX,0.31,0.03,9.45,0.39,5.66,0.3,0,0,8.1,0.3,0.33,0.69,30,1.35,0,2.7,0,6,0.42,0.52,Cole Winn,1.5,0.43,3.81,0.33,0.35,0.78,0.22,0.3,0.11,0.17,0.17,0.48,0.17,2026,22113
1,7,8,2,0,4,8,1,3.1,0.35,7,CIN,0.44,0.2,21.6,0.33,6.41,0.22,0,0,18.9,0.44,0.55,0.75,20,10.8,0,2.7,0,1.75,0.31,0.44,Hunter Greene,3.3,0.55,3.88,0.75,0.33,0.67,0.33,0.44,0,0.15,0.44,0.22,0.11,2026,22182
2,10,5,4,0,2,5,0,5,0.16,4,NYM,0.45,0.08,9,0.42,2.71,0.26,0,0,7.2,0.32,0.48,0.64,25,3.6,0,0,0,2,0.58,0.47,Tobias Myers,2.4,0.47,5.14,0.53,0.26,0.62,0,0.32,0.25,0.08,0.26,0.47,0.21,2026,22191
6,6,3,0,0,2,3,1,5.2,0.26,6,CHC,0.29,0.09,4.76,0.53,4.35,0.27,0,0,9.53,0.2,0.35,0.43,23,3.18,0,1.59,0.25,3,0.76,0.8,Ryan Rolison,1.41,0.34,4.19,0.36,0.27,0.5,0.12,0.2,0,0.17,0.27,0.47,0,2026,22200
2,11,8,3,0,2,8,1,12,0.24,12,TEX,0.24,0.04,6,0.32,2.69,0.47,0,0,9,0.21,0.27,0.38,49,1.5,0,0.75,0.06,6,0.43,0.63,MacKenzie Gore,1.08,0.28,3,0.29,0.43,1.45,0.09,0.31,0,0.2,0.2,0.37,0.06,2026,22201
2,8,4,2,0,0,4,0,14.1,0.27,14,SEA,0.16,0,2.51,0.39,1.16,0.44,0,0,8.79,0.17,0.16,0.2,51,0,0,0,0,14,0.5,0.65,Logan Gilbert,0.56,0.15,2.64,0.22,0.35,1.14,0,0.24,0.14,0.27,0.22,0.43,0.11,2026,22250
2,12,7,4,0,5,7,1,12,0.22,11,BAL,0.27,0.1,5.25,0.51,3.61,0.4,0,0,8.25,0.09,0.33,0.42,51,3.75,0,0.75,0.21,2.2,0.64,0.57,Shane Baz,1.42,0.33,4.8,0.32,0.43,0.78,0.06,0.29,0.11,0.12,0.23,0.34,0.14,2026,22264
2,5,6,0,0,0,5,4,12,0.43,18,DET,0.12,0,3.75,0.5,4.69,0.45,1,0,13.5,0.05,0.14,0.41,42,0,0,3,0,18,0,0.43,Tarik Skubal,0.42,0.23,1.75,0.05,0.22,0.91,0.36,0.43,0.18,0.43,0.13,0.65,0.13,2026,22267
2,7,1,3,0,5,1,0,11.1,0.24,11,BAL,0.17,0.11,0.79,0.47,2.49,0.4,0,0,8.74,0.13,0.26,0.24,46,3.97,0,0,0.08,2.2,0.92,0.37,Trevor Rogers,1.06,0.24,4.37,0.23,0.43,0.86,0,0.4,0.21,0.13,0.1,0.47,0.23,2026,22286
1,5,2,0,0,1,2,2,5.2,0.38,9,TBR,0.22,0.04,3.18,0.5,5.05,0.36,0,0,14.29,0.14,0.25,0.48,24,1.59,0,3.18,0.2,9,1,0.57,Mason Englert,1.06,0.31,2.34,0.25,0,0.71,0.29,0.29,0.14,0.33,0.5,0.5,0.14,2026,22288
3,13,11,3,0,8,10,2,15.1,0.21,15,STL,0.23,0.11,5.87,0.51,5.2,0.23,4,0,8.8,0.26,0.36,0.39,70,4.7,0,1.17,0.1,1.88,0.63,0.47,Matthew Liberatore,1.37,0.34,5.68,0.27,0.09,0.45,0.09,0.3,0.18,0.1,0.44,0.47,0.23,2026,22294
7,5,2,1,0,2,2,0,4.2,0.33,7,CLE,0.26,0.1,3.86,0.08,1.4,0.75,0,0,13.5,0.17,0.33,0.32,21,3.86,0,0,0.11,3.5,0.71,0.58,Colin Holderman,1.5,0.3,1.72,0.42,0.42,9,0,0.33,0,0.24,0.33,0.25,0.08,2026,22361
5,2,2,1,0,5,2,1,8.2,0.28,9,CIN,0.07,0.16,2.08,0.44,4.26,0.44,0,0,9.35,0.11,0.22,0.22,32,5.19,0,1.04,0,1.8,0.89,0.56,Julian Garcia,0.81,0.21,4.17,0.06,0.33,1,0.12,0.33,0,0.12,0.22,0.44,0.11,2026,22362
2,7,3,3,0,6,3,0,12,0.38,18,MIN,0.17,0.12,2.25,0.54,1.61,0.33,0,0,13.5,0.12,0.27,0.24,48,4.5,0,0,0,3,0.77,0.46,Taj Bradley,1.08,0.24,3.25,0.29,0.12,0.62,0,0.38,0.15,0.25,0.38,0.5,0.17,2026,22543
1,0,0,0,0,0,0,0,2,0.5,3,NYY,0,0,0,0.67,0.11,0.33,0,0,13.5,0,0,0,6,0,0,0,0,3,1,0.67,Yovanny Cruz,0,0,1.63,0,0,0.5,0,0,0,0.5,0.67,0.33,0.33,2026,22622
3,6,0,1,0,3,0,0,12,0.14,6,DET,0.15,0.07,0,0.33,2.86,0.58,0,1,4.5,0.09,0.21,0.18,43,2.25,0,0,0,2,1,0.68,Keider Montero,0.75,0.17,4.25,0.18,0.47,1.73,0,0.24,0.09,0.07,0.15,0.38,0.09,2026,22630
5,4,2,1,0,0,2,1,4.1,0.06,1,MIN,0.24,0,4.15,0.56,5.65,0.25,0,0,2.08,0.19,0.24,0.47,17,0,0,2.08,0.5,1,0.77,0.31,Yoendrys Gomez,0.92,0.3,5.8,0.2,0.44,0.44,0.11,0.5,0.22,0.06,0.12,0.44,0.19,2026,22872
5,2,0,0,0,2,0,0,5.1,0.26,5,KCR,0.12,0.11,0,0.5,2.36,0.42,0,0,8.44,0.08,0.21,0.12,19,3.38,0,0,0,2.5,1,0.58,Steven Cruz,0.75,0.17,4.07,0.17,0.58,0.83,0,0.33,0.17,0.16,0.25,0.17,0.08,2026,23165
1,1,0,0,0,0,0,0,3,0.4,4,TBR,0.1,0,0,0.5,0.44,0.33,0,0,12,0.17,0.1,0.1,10,0,0,0,0,4,1,0.17,Michael Grove,0.33,0.09,1.96,0.17,0.67,0.67,0,0.5,0.33,0.4,0.17,0.17,0.33,2026,23221
5,3,1,0,0,2,1,1,6.1,0.26,6,COL,0.14,0.09,1.42,0.33,4.22,0.53,0,0,8.53,0.13,0.22,0.29,23,2.84,0,1.42,0,3,1,0.47,Juan Mejia,0.79,0.23,3.36,0.14,0.53,1.6,0.2,0.47,0,0.17,0.13,0.33,0.07,2026,23237
2,5,3,1,0,7,3,1,11,0.3,13,CLE,0.14,0.16,2.45,0.36,4.11,0.41,1,0,10.64,0.23,0.3,0.26,43,5.73,0,0.82,0,1.86,0.86,0.45,Joey Cantillo,1.09,0.27,4.03,0.19,0.45,1.12,0.12,0.27,0.12,0.14,0.23,0.32,0.27,2026,23335
5,2,1,0,0,2,1,0,5.2,0.15,3,WSN,0.11,0.1,1.59,0.4,3.11,0.53,0,0,4.76,0.07,0.2,0.11,20,3.18,0,0,0,1.5,0.75,0.73,PJ Poulin,0.71,0.16,4.72,0.13,0.53,1.33,0,0.13,0,0.05,0.27,0.2,0.13,2026,23394
3,14,9,1,0,7,8,4,15.1,0.21,14,SDP,0.23,0.1,4.7,0.44,6.04,0.38,0,0,8.22,0.18,0.31,0.45,67,4.11,0,2.35,0,2,0.78,0.59,JP Sears,1.37,0.33,4.63,0.24,0.33,0.85,0.2,0.35,0,0.1,0.22,0.46,0.07,2026,23429
2,1,0,0,0,2,0,0,2.2,0.27,3,PIT,0.11,0.18,0,0.17,3.11,0.67,0,0,10.12,0.17,0.27,0.11,11,6.75,0,0,0,1.5,1,0.5,Cam Sanders,1.12,0.21,3.68,0.17,0.33,4,0,0.17,0,0.09,0.17,0.5,0.33,2026,23479
2,6,7,0,0,6,7,3,3.1,0.09,2,SDP,0.38,0.27,18.9,0.64,19.01,0.21,0,0,5.4,0.14,0.55,0.94,22,16.2,0,8.1,0,0.33,0.64,0.5,Ron Marinaccio,3.6,0.59,11.41,0.27,0.21,0.33,0.33,0.5,0,-0.18,0.07,0.71,0,2026,23488
8,5,3,0,0,6,3,0,7.1,0.24,8,MIL,0.19,0.18,3.68,0.37,3.38,0.37,0,0,9.82,0.26,0.33,0.19,33,7.36,0,0,0.29,1.33,0.73,0.32,Aaron Ashby,1.5,0.26,4.83,0.26,0.53,1,0,0.37,0.14,0.06,0.11,0.37,0.32,2026,23550
2,2,1,1,0,0,1,0,2,0.22,2,BAL,0.22,0,4.5,0.43,1.11,0.43,0,0,9,0.14,0.22,0.33,9,0,0,0,0.33,2,0.5,0.29,Josh Walker,1,0.24,3.39,0.29,0.29,1,0,0.43,0.33,0.22,0.43,0.29,0.29,2026,23617
5,5,3,0,0,2,0,0,7.1,0.19,6,STL,0.18,0.06,0,0.19,2.7,0.62,1,0,7.36,0.19,0.25,0.18,32,2.45,1,0,0.15,3,0.62,0.61,Justin Bruihl,0.95,0.21,3.53,0.22,0.26,3.25,0,0.17,0,0.12,0.35,0.39,0.22,2026,23779
3,16,7,2,0,3,7,4,17.2,0.36,25,PIT,0.24,0.04,3.57,0.43,3.73,0.36,0,0,12.74,0.21,0.27,0.45,70,1.53,0,2.04,0.13,8.33,0.9,0.38,Braxton Ashcraft,1.08,0.31,2.34,0.32,0.4,0.83,0.22,0.48,0.17,0.31,0.17,0.43,0.14,2026,23793
3,19,11,5,0,5,7,0,11.2,0.25,15,NYY,0.37,0.08,5.4,0.26,2.08,0.39,1,0,11.57,0.34,0.42,0.47,59,3.86,0,0,0.2,3,0.56,0.53,Ryan Weathers,2.06,0.39,3.38,0.5,0.45,1.5,0,0.37,0,0.17,0.26,0.29,0.11,2026,23796
1,6,2,0,0,1,2,1,4,0.11,2,KCR,0.35,0.06,4.5,0.36,6.11,0.43,0,0,4.5,0.21,0.39,0.53,18,2.25,1,2.25,0,2,0.89,0.53,Randy Dobnak,1.75,0.4,4.76,0.36,0.27,1.2,0.2,0.33,0,0.06,0.13,0.6,0.13,2026,23798
5,1,0,0,0,2,0,0,5,0.24,4,SEA,0.07,0.12,0,0.09,2.71,0.82,0,0,7.2,0.09,0.18,0.07,17,3.6,0,0,0,2,1,0.36,Jose A. Ferrer,0.6,0.13,3.01,0.09,0.27,9,0,0.55,0,0.12,0.45,0.27,0.09,2026,24017
1,0,0,0,0,1,0,0,2,0.43,3,WSN,0,0.14,0,0.33,1.61,0.67,0,0,13.5,0,0.14,0,7,4.5,0,0,0,3,1,0.67,Eddy Yean,0.5,0.1,2.37,0,0,2,0,0,0,0.29,0,1,0.33,2026,24248
1,8,5,1,0,1,4,1,3.2,0.05,1,HOU,0.4,0.05,9.82,0.53,7.75,0.21,1,0,2.45,0.26,0.45,0.6,22,2.45,0,2.45,0.25,1,0.58,0.58,Kai-Wei Teng,2.45,0.46,8.34,0.39,0.21,0.4,0.1,0.32,0,0,0.32,0.47,0.11,2026,24282
3,12,6,2,1,8,6,1,14,0.24,14,KCR,0.25,0.14,3.86,0.43,3.97,0.46,1,0,9,0.11,0.36,0.4,59,5.14,0,0.64,0,1.75,0.77,0.44,Luinder Avila,1.43,0.34,4.67,0.31,0.31,1.07,0.07,0.47,0.07,0.1,0.25,0.44,0.08,2026,24452
1,0,0,0,0,4,0,0,3,0.09,1,TOR,0,0.36,0,0.67,6.44,0.17,0,0,3,0.17,0.36,0,11,12,0,0,0,0.25,1,0.33,Simeon Woods Richardson,1.33,0.25,8.47,0,0.33,0.25,0,0.17,0.25,-0.27,0.5,0.17,0.5,2026,24494
3,12,7,2,0,7,6,1,19.2,0.21,16,BAL,0.17,0.09,2.75,0.31,3.21,0.47,0,0,7.32,0.22,0.24,0.24,78,3.2,0,0.46,0.04,2.29,0.68,0.62,Kyle Bradish,0.97,0.22,3.86,0.2,0.4,1.53,0.06,0.24,0,0.12,0.25,0.35,0.15,2026,24586
4,1,3,0,0,3,3,1,3.1,0.15,2,NYM,0.1,0.23,8.1,0.5,8.51,0.38,0,0,5.4,0.12,0.31,0.4,13,8.1,0,2.7,0,0.67,0.38,0.5,Joey Gerber,1.2,0.32,6.43,0,0.38,0.75,0.25,0.5,0,-0.08,0.38,0.25,0,2026,24591
6,6,1,0,0,2,1,1,4.1,0.5,11,PHI,0.32,0.09,2.08,0.12,3.11,0.62,1,0,22.85,0.25,0.41,0.47,22,4.15,0,2.08,0,5.5,1,0.5,Jonathan Bowlan,1.85,0.39,0.46,0.71,0.38,5,1,0.38,0,0.41,0.12,0.5,0.12,2026,24607
5,2,4,0,0,2,3,2,6.1,0.26,6,TOR,0.1,0.09,4.26,0.5,6.27,0.5,0,1,8.53,0,0.18,0.4,23,2.84,0,2.84,0,3,0,0.4,Braydon Fisher,0.63,0.23,3.84,0,0.33,1,0.29,0.47,0.14,0.17,0.07,0.6,0.13,2026,24609
5,4,1,1,0,3,1,1,7,0.12,3,COL,0.17,0.12,1.29,0.25,5.4,0.65,0,0,3.86,0.1,0.27,0.35,26,3.86,0,1.29,0,1,1,0.5,Victor Vodnik,1,0.28,4.62,0.16,0.45,2.6,0.2,0.3,0,0,0.15,0.4,0.2,2026,24614
2,15,11,2,1,2,8,3,6.1,0.03,1,SDP,0.45,0.06,11.37,0.38,9.9,0.34,0,0,1.42,0.28,0.49,0.85,35,2.84,0,4.26,0,0.5,0.47,0.44,Randy Vasquez,2.68,0.56,6.62,0.41,0.28,0.92,0.25,0.5,0.08,-0.03,0.25,0.47,0.06,2026,24719
2,8,5,1,0,3,5,1,11,0.14,6,HOU,0.2,0.07,4.09,0.5,4.29,0.35,1,0,4.91,0.15,0.27,0.3,44,2.45,0,0.82,0,2,0.66,0.65,Mike Burrows,1,0.26,5.46,0.21,0.15,0.71,0.06,0.29,0.06,0.07,0.26,0.59,0.06,2026,24728
1,6,5,1,0,0,5,2,2,0.18,2,WSN,0.55,0,22.5,0.62,14.11,0.12,0,0,9,0.25,0.55,1.18,11,0,0,9,0,2,0.31,0.44,Gus Varland,3,0.73,4.91,0.57,0.33,0.2,0.4,0.56,0,0.18,0.44,0.22,0,2026,24737
3,8,1,5,0,7,1,0,16.1,0.22,14,STL,0.15,0.11,0.55,0.45,2.87,0.32,1,0,7.71,0.22,0.26,0.24,63,3.86,0,0,0.08,2,0.94,0.32,Kyle Leahy,0.92,0.24,4.54,0.2,0.29,0.72,0,0.41,0.28,0.11,0.27,0.44,0.27,2026,24763
3,1,0,0,0,2,0,0,3.2,0.23,3,STL,0.09,0.15,0,0.5,3.11,0.25,0,0,7.36,0.25,0.23,0.09,13,4.91,0,0,0,1.5,1,0.62,Ryan Fernandez,0.82,0.18,4.77,0.12,0,0.5,0,0.25,0,0.08,0.25,0.75,0.12,2026,24862
3,4,5,0,1,3,4,1,2,0,0,CHC,0.44,0.25,18,0.44,14.11,0.33,0,0,0,0.22,0.58,1,12,13.5,0,4.5,0,0,0.36,0.33,Ethan Roberts,3.5,0.63,10.65,0.38,0.22,0.75,0.25,0.44,0.25,-0.25,0.33,0.44,0.22,2026,24930
4,5,4,1,0,4,4,1,5.2,0.26,7,NYM,0.23,0.15,6.35,0.29,5.58,0.5,1,0,11.12,0.21,0.37,0.41,27,6.35,1,1.59,0,1.75,0.7,0.67,Austin Warren,1.59,0.35,4.36,0.29,0.4,1.75,0.25,0.27,0,0.11,0.27,0.33,0.07,2026,24937
6,6,4,2,0,2,3,1,4.2,0.33,7,CLE,0.33,0.1,5.79,0.5,4.18,0.25,0,1,13.5,0.25,0.38,0.61,21,3.86,0,1.93,0,3.5,0.61,0.5,Erik Sabrowski,1.71,0.4,3.35,0.45,0.17,0.5,0.17,0.25,0.17,0.24,0.25,0.58,0.25,2026,24978
3,5,4,0,0,1,4,1,4,0.17,3,MIN,0.31,0.06,9,0.21,5.61,0.64,0,0,6.75,0.14,0.33,0.5,18,2.25,0,2.25,0.11,3,0.43,0.36,Kody Funderburk,1.5,0.35,3.5,0.31,0.21,3,0.33,0.29,0,0.11,0.29,0.5,0.36,2026,24993
3,3,2,0,0,2,2,0,2.1,0.07,1,PIT,0.33,0.14,7.71,0,7.4,0.88,2,0,3.86,0.12,0.54,0.33,14,7.71,0,0,0.14,0.5,0.71,0.44,Evan Sisk,2.14,0.43,7.4,0.33,0.44,7,0,0.22,0,-0.07,0.11,0.44,0.33,2026,24995
5,3,1,0,0,1,1,0,3.2,0.47,7,LAD,0.21,0.07,2.45,0.43,0.11,0.29,0,0,17.18,0.29,0.27,0.21,15,2.45,0,0,0.5,7,0.75,0.57,Alex Vesia,1.09,0.22,1.35,0.43,0.43,0.67,0,0.43,0,0.4,0,0.57,0,2026,25007
8,4,3,0,0,2,3,2,6.1,0.17,4,CLE,0.19,0.08,4.26,0.41,7.37,0.53,1,0,5.68,0.06,0.29,0.48,24,2.84,0,2.84,0,2,0.95,0.53,Tim Herrin,0.95,0.33,4.95,0.13,0.41,1.29,0.29,0.29,0.14,0.08,0.18,0.41,0.18,2026,25139
4,4,0,0,1,2,0,0,5,0.29,6,TEX,0.21,0.1,0,0.46,1.91,0.31,0,1,10.8,0.23,0.29,0.32,21,3.6,0,0,0.25,3,1,0.85,Peyton Gray,1.2,0.25,3.73,0.31,0.23,0.67,0,0,0.17,0.19,0.38,0.38,0.15,2026,25310
7,3,0,0,0,1,0,0,8.1,0.19,5,MIL,0.12,0.04,0,0.26,2.27,0.58,0,0,5.4,0.16,0.16,0.12,26,1.08,0,0,0,5,1,0.4,Abner Uribe,0.48,0.13,3.18,0.15,0.3,2.2,0,0.3,0.2,0.15,0.2,0.5,0.3,2026,25327
3,14,8,3,0,7,7,3,16.1,0.27,19,CIN,0.23,0.1,3.86,0.43,4.64,0.43,1,0,10.47,0.14,0.31,0.42,70,3.86,1,1.65,0.06,2.71,0.79,0.51,Brady Singer,1.29,0.32,3.93,0.28,0.3,1,0.17,0.4,0.06,0.17,0.19,0.51,0.09,2026,25377
3,13,7,4,1,4,7,2,17,0.17,12,TBR,0.21,0.06,3.71,0.49,4.46,0.33,3,0,6.35,0.18,0.29,0.4,70,2.12,0,1.06,0,3,0.76,0.49,Drew Rasmussen,1,0.3,5.17,0.22,0.27,0.68,0.08,0.37,0.12,0.11,0.29,0.43,0.14,2026,25385
5,1,0,0,0,3,0,0,5,0.53,10,LAA,0.07,0.16,0,0.6,1.51,0.2,1,0,18,0.2,0.26,0.07,19,5.4,0,0,0,3.33,1,0.6,Ryan Zeferjahn,0.8,0.2,2.42,0.2,0.6,0.33,0,0.2,0.33,0.37,0.2,0.2,0.2,2026,25420
3,2,1,0,0,1,1,1,3,0.23,3,CHC,0.18,0.08,3,0.62,7.44,0.12,1,0,9,0.25,0.31,0.45,13,3,0,3,0,3,1,0.5,Gavin Hollowell,1,0.34,5.64,0.14,0.5,0.2,0.2,0.25,0,0.15,0.25,0.25,0.25,2026,25427
2,16,4,5,0,3,3,1,14,0.21,12,SEA,0.3,0.05,1.93,0.38,2.97,0.4,0,0,7.71,0.21,0.33,0.44,57,1.93,0,0.64,0.24,4,0.85,0.4,George Kirby,1.36,0.34,3.77,0.37,0.36,1.06,0.06,0.4,0.06,0.16,0.29,0.36,0.19,2026,25436
1,3,2,1,0,1,2,0,0.1,0.2,1,WSN,0.75,0.2,54,0.33,6.11,0.33,0,0,27,0.33,0.8,1,5,27,0,0,0,1,0.5,0.67,Paxton Schultz,12,0.75,10.67,1,0.33,1,0,0.33,0,0,0.67,0,0,2026,25501
4,4,3,0,0,4,3,0,4.1,0.23,5,TOR,0.24,0.18,6.23,0.27,4.26,0.64,1,0,10.38,0.09,0.41,0.24,22,8.31,1,0,0.14,1.25,0.67,0.5,Adam Macko,1.85,0.32,5.32,0.33,0.25,2.33,0,0.33,0,0.05,0.17,0.58,0.17,2026,25590
3,2,1,0,0,3,1,0,3,0.36,5,CLE,0.18,0.21,3,0,2.78,0.5,0,0,15,0.5,0.36,0.18,14,9,0,0,0,1.67,0.8,0.33,Daniel Espino,1.67,0.28,2.78,0.33,0.17,3,0,0.67,0,0.14,0,0.83,0,2026,25625
7,5,0,0,0,1,0,0,5.2,0.35,8,CLE,0.23,0.04,0,0.5,0.82,0.21,0,0,12.71,0.29,0.26,0.23,23,1.59,0,0,0.33,8,1,0.64,Hunter Gaddis,1.06,0.22,2.69,0.36,0.29,0.43,0,0.21,0,0.3,0.36,0.36,0.14,2026,25636
6,10,6,3,0,0,4,0,5.1,0.27,7,BOS,0.42,0,6.75,0.29,0.49,0.35,0,0,11.81,0.35,0.42,0.54,26,0,0,0,0.17,7,0.4,0.63,Justin Slaten,1.88,0.42,1.91,0.53,0.42,1.2,0,0.32,0,0.27,0.32,0.26,0.05,2026,25648
5,4,1,0,0,0,1,1,6.1,0.09,2,TBR,0.18,0,1.42,0.05,4.53,0.75,0,0,2.84,0.2,0.18,0.32,22,0,0,1.42,0,2,1,0.35,Kevin Kelly,0.63,0.21,2.72,0.16,0.35,15,1,0.45,0,0.09,0.05,0.6,0.2,2026,25679
4,8,4,5,0,2,4,0,5,0.16,4,WSN,0.35,0.08,7.2,0.42,2.71,0.37,0,0,7.2,0.21,0.4,0.57,25,3.6,0,0,0.14,2,0.6,0.37,Zak Kent,2,0.41,5.14,0.42,0.32,0.88,0,0.47,0,0.08,0.32,0.37,0.16,2026,25703
2,7,5,0,0,1,5,1,2,0,0,KCR,0.58,0.08,22.5,0.25,11.11,0.42,0,0,0,0.33,0.62,0.83,13,4.5,0,4.5,0.2,0,0.45,0.5,Tyler Tolbert,4,0.62,6.89,0.55,0.33,1.67,0.33,0.33,0,-0.08,0.42,0.25,0.17,2026,25779
3,15,11,1,0,8,9,4,13,0.17,11,HOU,0.28,0.12,6.23,0.4,7.73,0.47,2,0,7.62,0.14,0.39,0.53,64,5.54,0,2.77,0.1,1.38,0.72,0.4,Hunter Brown,1.77,0.4,5.71,0.28,0.28,1.18,0.24,0.37,0.12,0.05,0.3,0.42,0.23,2026,25880
7,4,0,0,0,1,0,0,6.2,0.22,5,HOU,0.19,0.04,0,0.41,2.06,0.35,0,0,6.75,0.24,0.22,0.19,23,1.35,0,0,0,5,1,0.65,Bryan King,0.75,0.19,3.65,0.24,0.35,0.86,0,0.18,0.14,0.17,0.18,0.47,0.18,2026,25890
4,7,4,2,0,3,2,0,3,0.11,2,BAL,0.47,0.17,6,0.15,4.78,0.69,0,0,6,0.15,0.56,0.6,18,9,0,0,0.33,0.67,0.6,0.54,Yennier Cano,3.33,0.5,5.79,0.54,0.46,4.5,0,0.23,0,-0.06,0.15,0.38,0.23,2026,25911
4,3,2,1,0,1,2,1,4,0.06,1,TBR,0.2,0.06,4.5,0.36,6.61,0.5,0,0,2.25,0.14,0.25,0.47,16,2.25,0,2.25,0,1,0.77,0.5,Casey Legumina,1,0.31,5.26,0.15,0.29,1.4,0.2,0.43,0,0,0.29,0.43,0.07,2026,25921
1,2,1,1,0,1,1,0,0.2,0,0,SEA,0.5,0.2,13.5,0.5,7.61,0.25,0,0,0,0.25,0.6,0.75,5,13.5,0,0,0,0,0.67,0.25,Josh Simpson,4.5,0.57,12.17,0.5,0.25,0.5,0,0.5,0.5,-0.2,0.25,0.5,0.25,2026,25957
6,4,6,1,0,6,6,1,6,0.25,7,PHI,0.18,0.21,9,0.33,5.94,0.47,0,0,10.5,0.2,0.36,0.36,28,9,0,1.5,0,1.17,0.47,0.6,Seth Johnson,1.67,0.33,5.04,0.21,0.33,1.4,0.2,0.27,0,0.04,0.27,0.4,0.13,2026,26020
1,1,1,0,0,0,1,1,1.2,0.17,1,DET,0.17,0,5.4,0.6,9.71,0.2,0,0,5.4,0.2,0.17,0.67,6,0,0,5.4,0,1,1,0.4,Beau Brieske,0.6,0.34,4.64,0,0.4,0.33,0.33,0.4,0.33,0.17,0,0.6,0.2,2026,26079
3,22,6,6,1,2,6,0,18.1,0.11,8,STL,0.3,0.03,2.95,0.2,2.73,0.56,1,0,3.93,0.23,0.33,0.41,76,0.98,1,0,0.06,4,0.76,0.6,Andre Pallante,1.31,0.32,3.8,0.34,0.34,2.77,0,0.25,0.15,0.08,0.25,0.42,0.15,2026,26108
5,9,6,1,0,2,6,0,4.2,0.28,7,SFG,0.39,0.08,11.57,0.12,1.4,0.62,0,0,13.5,0.25,0.44,0.43,25,3.86,0,0,0.1,3.5,0.45,0.56,Caleb Kilian,2.36,0.39,2.05,0.56,0.31,5,0,0.19,0,0.2,0.38,0.31,0.25,2026,26213
7,4,3,1,0,2,3,1,6.2,0.23,6,CHW,0.17,0.08,4.05,0.78,4.16,0.11,0,0,8.1,0.11,0.23,0.35,26,2.7,0,1.35,0.5,3,0.65,0.67,Chris Murphy,0.9,0.25,5.4,0.18,0.39,0.14,0.07,0.11,0.14,0.15,0.39,0.22,0.22,2026,26214
2,3,2,1,0,4,2,1,3.1,0.06,1,BOS,0.25,0.25,5.4,0.27,10.01,0.64,0,0,2.7,0.09,0.44,0.58,16,10.8,0,2.7,0,0.25,0.89,0.64,Alec Gamboa,2.1,0.44,7.48,0.2,0.18,2.33,0.33,0.27,0,-0.19,0.27,0.55,0.09,2026,26227
5,5,3,1,0,2,1,1,5,0.09,2,DET,0.24,0.09,1.8,0.47,6.11,0.37,0,0,3.6,0.16,0.3,0.43,23,3.6,0,1.8,0.14,1,0.71,0.68,Tyler Holton,1.4,0.32,6.24,0.22,0.26,0.78,0.11,0.16,0.22,0,0.42,0.32,0.16,2026,26231
6,5,2,1,0,1,2,0,5,0.3,6,WSN,0.26,0.05,3.6,0.31,1.31,0.54,0,0,10.8,0.15,0.3,0.32,20,1.8,0,0,0.14,6,0.67,0.46,Orlando Ribalta,1.2,0.28,2.52,0.38,0.31,1.75,0,0.46,0,0.25,0.08,0.62,0.08,2026,26247
4,2,0,0,0,3,0,0,4,0.31,5,SFG,0.15,0.19,0,0.25,2.86,0.62,0,1,11.25,0.12,0.31,0.15,16,6.75,0,0,0,1.67,1,0.62,Erik Miller,1.25,0.21,3.62,0.25,0.5,2.5,0,0.12,0,0.12,0.25,0.25,0.25,2026,26252
4,4,2,1,1,1,2,1,5,0.21,4,ARI,0.22,0.05,3.6,0.5,4.71,0.21,0,0,7.2,0.29,0.26,0.56,19,1.8,0,1.8,0,4,0.83,0.57,Drey Jameson,1,0.34,4.24,0.23,0.43,0.43,0.14,0.36,0,0.16,0.36,0.21,0.07,2026,26260
2,1,0,1,0,1,0,0,2.2,0.4,4,TEX,0.11,0.1,0,0.8,1.24,0,0,0,13.5,0.2,0.2,0.22,10,3.38,0,0,0,4,1,0.2,Gavin Collyer,0.75,0.2,3.51,0.2,0.2,0,0,0.4,0.5,0.3,0.2,0.6,0.4,2026,26349
3,9,1,2,0,7,1,0,15,0.23,14,CIN,0.17,0.11,0.6,0.31,2.84,0.51,1,0,8.4,0.18,0.28,0.21,61,4.2,0,0,0.1,2,0.94,0.41,Nick Lodolo,1.07,0.24,4.06,0.23,0.59,1.67,0,0.49,0,0.11,0.18,0.23,0.1,2026,26378
1,2,0,0,0,0,0,0,2,0.12,1,TEX,0.25,0,0,0.57,2.11,0.43,0,0,4.5,0,0.25,0.25,8,0,0,0,0,1,1,0.43,Ben Peoples,1,0.22,5.15,0.29,0.43,0.75,0,0.43,0,0.12,0.14,0.43,0.14,2026,26406
1,2,2,0,0,1,0,0,0.2,0,0,MIN,0.4,0.17,0,0.2,7.61,0.2,0,0,0,0.6,0.5,0.4,6,13.5,0,0,0,0,0.33,0.2,Cody Laweryson,4.5,0.41,9.89,0.4,0.2,1,0,0.6,1,-0.17,0.6,0.2,0.2,2026,26429
2,7,3,2,0,3,3,1,6.1,0.19,6,MIA,0.27,0.1,4.26,0.6,5.64,0.15,2,0,8.53,0.25,0.39,0.46,31,4.26,0,1.42,0,2,0.85,0.45,Ryan Gusto,1.58,0.38,6.46,0.32,0.3,0.25,0.08,0.5,0.08,0.1,0.4,0.3,0.05,2026,26440
3,11,9,0,0,6,9,3,13.2,0.15,9,LAA,0.21,0.1,5.93,0.36,5.96,0.42,0,0,5.93,0.22,0.28,0.38,60,3.95,0,1.98,0.05,1.5,0.62,0.4,Sam Aldegheri,1.24,0.29,4.89,0.19,0.27,1.19,0.19,0.36,0.31,0.05,0.2,0.53,0.24,2026,26443
2,8,3,1,0,1,3,0,11.1,0.19,8,SFG,0.2,0.02,2.38,0.38,1.96,0.53,0,0,6.35,0.09,0.21,0.22,43,0.79,0,0,0,8,0.67,0.5,Trevor McDonald,0.79,0.19,3.7,0.24,0.38,1.38,0,0.32,0,0.16,0.12,0.5,0.18,2026,26448
2,6,6,2,0,2,6,2,3,0.35,6,CHC,0.4,0.12,18,0.78,9.78,0,0,0,18,0.22,0.47,0.93,17,6,0,6,0,3,0.38,0.56,Jayden Murray,2.67,0.58,4.65,0.57,0.22,0,0.29,0.44,0,0.24,0.56,0.22,0,2026,26482
1,1,0,1,0,0,0,0,1.1,0.2,1,NYY,0.2,0,0,0.75,1.61,0.25,0,0,6.75,0,0.2,0.4,5,0,0,0,0,1,1,0.75,Angel Chivilli,0.75,0.25,5.03,0.25,0,0.33,0,0.25,0,0.2,0,1,0,2026,26790
5,0,0,0,0,1,0,0,5,0.27,4,LAD,0,0.07,0,0.3,2.11,0.7,0,0,7.2,0,0.07,0,15,1.8,0,0,0,4,1,0.6,Edgardo Henriquez,0.2,0.05,3.02,0,0.5,2.33,0,0.3,0,0.2,0,0.5,0.1,2026,26944
1,2,1,1,0,0,1,0,1.1,0,0,ARI,0.33,0,6.75,0.67,3.11,0.33,0,0,0,0,0.33,0.5,6,0,0,0,0,0,0.5,0.5,Juan Burgos,1.5,0.36,7.67,0.33,0.17,0.5,0,0.17,0.25,0,0.5,0.33,0.33,2026,27271
2,11,7,1,1,6,7,2,10.2,0.26,13,LAA,0.26,0.12,5.91,0.53,4.8,0.27,0,0,10.97,0.2,0.35,0.48,50,5.06,0,1.69,0,2.17,0.7,0.58,Reid Detmers,1.59,0.35,4.64,0.31,0.39,0.5,0.12,0.29,0.06,0.14,0.29,0.32,0.13,2026,27468
2,7,1,1,0,5,1,0,12.2,0.22,11,SEA,0.16,0.1,0.71,0.47,2.56,0.41,0,0,7.82,0.12,0.24,0.19,49,3.55,1,0,0,2.2,0.92,0.58,Emerson Hancock,0.95,0.21,4.36,0.21,0.45,0.87,0,0.21,0.07,0.12,0.18,0.36,0.21,2026,27470
3,12,7,1,0,3,5,2,15.1,0.37,23,WSN,0.2,0.05,2.93,0.22,2.59,0.58,1,0,13.5,0.19,0.25,0.32,63,1.76,0,1.17,0.14,7.67,0.68,0.47,Cade Cavalli,0.98,0.26,1.68,0.29,0.31,2.62,0.25,0.33,0,0.32,0.31,0.39,0.19,2026,27473
2,8,5,1,1,2,1,2,13,0.2,10,MIA,0.17,0.04,0.69,0.29,4.26,0.49,1,0,6.92,0.23,0.22,0.36,50,1.38,0.5,1.38,0.06,5,0.73,0.46,Max Meyer,0.77,0.25,3.43,0.17,0.35,1.7,0.2,0.38,0.3,0.16,0.22,0.43,0.16,2026,27474
1,0,0,0,0,0,0,0,1.2,0.2,1,SEA,0,0,0,0.5,1.91,0.5,0,0,5.4,0,0,0,5,0,0,0,0,1,1,0.5,Cole Wilcox,0,0,3.73,0,0.5,1,0,0,0,0.2,0.5,0,0.5,2026,27481
1,1,0,0,0,1,0,0,1,0.2,1,MIL,0.25,0.2,0,0.67,4.11,0,0,0,9,0.33,0.4,0.25,5,9,0,0,0,1,1,0.67,Garrett Stallings,2,0.32,7.15,0.33,1,0,0,0,0,0,0,0,0.33,2026,27485
5,2,0,1,0,2,0,0,3.1,0.31,4,WSN,0.18,0.15,0,0,2.51,0.71,0,0,10.8,0.29,0.31,0.27,13,5.4,0,0,0,2,1,0.71,Clayton Beeter,1.2,0.27,2.51,0.29,0.43,5,0,0.29,0,0.15,0.14,0.43,0,2026,27494
2,1,0,0,0,2,0,0,1,0,0,PIT,0.25,0.33,0,0.5,9.11,0.25,0,0,0,0.25,0.5,0.25,6,18,0,0,0,0,1,0.5,Tyler Callihan,3,0.38,12.15,0.25,0.75,0.5,0,0.5,0,-0.33,0.25,0,0,2026,27497
2,12,5,6,0,3,5,1,11,0.14,7,CLE,0.26,0.06,4.09,0.36,3.84,0.49,0,0,5.73,0.15,0.31,0.46,49,2.45,0,0.82,0.05,2.33,0.74,0.46,Slade Cecconi,1.36,0.33,4.59,0.29,0.26,1.36,0.07,0.36,0.07,0.08,0.33,0.41,0.18,2026,27500
6,7,5,0,0,6,5,1,5.1,0.21,6,LAD,0.32,0.21,8.44,0.31,6.67,0.5,0,0,10.13,0.19,0.46,0.45,28,10.13,0,1.69,0.12,1,0.69,0.56,Kyle Hurt,2.44,0.41,5.66,0.4,0.31,1.6,0.2,0.25,0.4,0,0.12,0.56,0.19,2026,27514
4,5,1,2,0,3,1,0,4,0.16,3,MIL,0.31,0.16,2.25,0.38,3.86,0.54,0,1,6.75,0.08,0.42,0.44,19,6.75,0,0,0,1,0.88,0.62,Jared Koenig,2,0.37,5.76,0.38,0.15,1.4,0,0.31,0,0,0.31,0.54,0.08,2026,27517
3,7,0,0,0,1,0,0,8,0.12,4,PIT,0.23,0.03,0,0.52,2.49,0.33,0,0,4.5,0.15,0.25,0.23,32,1.12,0,0,0.11,4,1,0.52,Carmen Mlodzinski,1,0.22,5.14,0.26,0.41,0.64,0,0.33,0,0.09,0.37,0.22,0.15,2026,27572
4,5,5,3,0,2,5,1,5,0.17,4,MIN,0.28,0.09,9,0.4,5.91,0.33,1,0,7.2,0.27,0.36,0.61,23,3.6,0,1.8,0,2,0.45,0.44,Eric Orze,1.4,0.4,5.13,0.27,0.31,0.83,0.17,0.44,0,0.09,0.12,0.56,0.12,2026,27626
3,6,6,0,0,3,6,1,3.1,0.21,4,WSN,0.38,0.16,16.2,0.33,7.31,0.5,0,0,10.8,0.17,0.47,0.56,19,8.1,0,2.7,0,1.33,0.39,0.58,Mitchell Parker,2.7,0.45,5.23,0.45,0.17,1.5,0.25,0.42,0,0.05,0.33,0.5,0,2026,27636
6,3,2,1,0,0,2,2,7.2,0.42,11,CHW,0.12,0,2.35,0.47,3.63,0.47,0,0,12.91,0.07,0.12,0.38,26,0,0,2.35,0,11,1,0.4,Brandon Eisert,0.39,0.21,1.63,0.08,0.13,1,0.29,0.47,0.14,0.42,0.33,0.53,0.13,2026,27668
2,15,10,3,1,2,10,5,10,0.23,11,COL,0.34,0.04,9,0.36,8.31,0.45,1,0,9.9,0.18,0.38,0.8,47,1.8,0,4.5,0.07,5.5,0.73,0.45,Tanner Gordon,1.7,0.49,3.63,0.36,0.24,1.25,0.42,0.48,0.08,0.19,0.18,0.58,0.06,2026,27669
5,4,1,1,0,2,1,0,5,0.4,8,TOR,0.22,0.1,1.8,0.3,1.11,0.4,0,0,14.4,0.3,0.3,0.28,20,3.6,0,0,0,4,0.83,0.7,Louis Varland,1.2,0.27,2.02,0.4,0.5,1.33,0,0.3,0,0.3,0.4,0.1,0,2026,27691
6,6,2,2,0,0,2,2,5.1,0.24,5,ATH,0.29,0,3.38,0.44,6.11,0.38,0,0,8.44,0.19,0.29,0.67,21,0,0,3.38,0,5,1,0.44,Justin Sterner,1.12,0.4,3.23,0.29,0.31,0.86,0.29,0.44,0.14,0.24,0.19,0.5,0.12,2026,27694
6,3,0,1,0,1,0,0,7,0.36,9,NYY,0.12,0.04,0,0.47,0.97,0.33,0,0,11.57,0.2,0.16,0.17,25,1.29,0,0,0.2,9,1,0.47,Brent Headrick,0.57,0.15,2.49,0.2,0.33,0.71,0,0.33,0,0.32,0.27,0.4,0.2,2026,27702
1,8,10,2,0,3,10,2,1.1,0.13,2,KCR,0.67,0.2,67.5,0.4,26.36,0.3,0,0,13.5,0.3,0.73,1.33,15,20.25,0,13.5,0,0.67,0.12,0.6,Mitch Spence,8.25,0.82,11.42,0.75,0.5,0.75,0.5,0.4,0,-0.07,0,0.5,0,2026,27707
2,4,4,1,0,1,4,0,2,0,0,SEA,0.44,0.09,18,0.1,4.61,0.7,0,0,0,0.2,0.45,0.56,11,4.5,0,0,0.14,0,0.2,0.6,Nick Davila,2.5,0.42,5.37,0.4,0,7,0,0.2,0,-0.09,0.2,0.8,0.2,2026,27741
1,0,0,0,0,0,0,0,1,0.33,1,MIA,0,0,0,1,1.11,0,0,0,9,0,0,0,3,0,0,0,0,1,1,0,Dax Fulton,0,0,4.15,0,0,0,0,0,0,0.33,1,0,1,2026,27757
2,8,5,1,0,2,5,1,7.2,0.35,12,MIL,0.25,0.06,5.87,0.3,2.46,0.55,0,0,14.09,0.15,0.29,0.38,34,2.35,0,1.17,0.18,6,0.58,0.5,Kyle Harrison,1.3,0.3,1.95,0.37,0.3,1.83,0.17,0.3,0.17,0.29,0.3,0.4,0.2,2026,27758
3,5,2,0,0,4,2,2,17,0.29,17,MIA,0.09,0.07,1.06,0.44,3.52,0.53,1,0,9,0.03,0.17,0.21,58,2.12,0,1.06,0.11,4.25,1,0.36,Eury Perez,0.53,0.18,3.42,0.09,0.36,1.19,0.12,0.39,0.31,0.22,0.28,0.36,0.25,2026,27768
1,5,5,1,0,1,5,2,4,0.24,4,ATL,0.33,0.06,11.25,0.58,8.36,0.08,0,0,9,0.33,0.35,0.8,17,2.25,0,4.5,0,4,0.31,0.5,Bryce Elder,1.5,0.46,4.52,0.3,0.25,0.14,0.29,0.42,0.14,0.18,0.42,0.33,0.08,2026,27779
1,3,1,0,1,1,1,1,5.1,0.11,2,ARI,0.17,0.05,1.69,0.56,5.36,0.38,0,0,3.38,0.06,0.21,0.44,19,1.69,0,1.69,0,2,1,0.5,Brandon Pfaadt,0.75,0.28,5.48,0.13,0.31,0.67,0.11,0.19,0.22,0.05,0.44,0.25,0.31,2026,27782
1,1,1,1,0,2,1,0,2,0.22,2,MIA,0.14,0.22,4.5,0.2,4.11,0.8,0,0,9,0,0.33,0.29,9,9,0,0,0,1,0.67,0.8,Zach Brzykcy,1.5,0.3,4.87,0.2,0,4,0,0.2,0,0,0.2,0.8,0,2026,27783
4,5,1,0,0,1,1,1,5,0.41,9,LAD,0.25,0.05,1.8,0.18,3.31,0.73,1,0,16.2,0.09,0.32,0.4,22,1.8,0,1.8,0,9,1,0.45,Will Klein,1.2,0.32,1.32,0.4,0.45,4,0.5,0.45,0,0.36,0.27,0.27,0.09,2026,27787
2,11,2,2,0,4,2,1,10,0.28,12,MIL,0.28,0.09,1.8,0.3,3.21,0.41,0,0,10.8,0.3,0.35,0.41,43,3.6,0,0.9,0,3,0.96,0.44,Shane Drohan,1.5,0.34,3.12,0.38,0.19,1.38,0.12,0.44,0,0.19,0.22,0.59,0.11,2026,27814
2,15,6,4,1,5,6,1,10,0.27,13,BAL,0.34,0.1,5.4,0.35,3.31,0.42,0,0,11.7,0.23,0.41,0.55,49,4.5,0,0.9,0.08,2.6,0.75,0.39,Brandon Young,2,0.41,3.68,0.47,0.29,1.18,0.09,0.48,0.09,0.16,0.29,0.42,0.13,2026,27819
3,4,1,2,0,1,1,0,4,0.07,1,BOS,0.29,0.07,2.25,0.23,3.36,0.54,0,0,2.25,0.23,0.33,0.43,15,2.25,0,0,0.14,1,0.8,0.31,Ryan Watson,1.25,0.33,4.5,0.31,0.23,2.33,0,0.38,0,0,0.23,0.54,0.31,2026,27853
2,6,5,4,0,3,4,1,8.2,0.28,10,PIT,0.19,0.08,4.15,0.41,3.34,0.36,0,0,10.38,0.23,0.26,0.41,36,3.12,0,1.04,0,3.33,0.53,0.57,Jared Jones,1.04,0.29,3.42,0.23,0.09,0.89,0.11,0.35,0.11,0.19,0.3,0.61,0.09,2026,27863
6,8,5,1,0,2,4,2,6.1,0.19,6,CLE,0.29,0.06,5.68,0.27,6.74,0.5,1,0,8.53,0.23,0.35,0.54,31,2.84,0,2.84,0,3,0.73,0.5,Cade Smith,1.58,0.38,4.07,0.3,0.41,1.83,0.33,0.41,0,0.13,0.27,0.32,0.09,2026,27867
6,7,2,0,0,3,2,2,6.2,0.17,5,KCR,0.27,0.1,2.7,0.29,6.86,0.57,0,0,6.75,0.14,0.34,0.5,29,4.05,0,2.7,0.08,1.67,1,0.48,Beck Way,1.5,0.37,4.33,0.26,0.33,2,0.33,0.33,0,0.07,0.19,0.48,0.19,2026,27877
2,11,4,2,0,6,4,2,12,0.18,9,ATH,0.24,0.12,3,0.4,5.28,0.37,0,0,6.75,0.23,0.33,0.42,51,4.5,0,1.5,0.08,1.5,0.92,0.42,J.T. Ginn,1.42,0.33,4.88,0.26,0.28,0.93,0.14,0.33,0.07,0.06,0.17,0.56,0.25,2026,27889
2,3,1,1,0,2,1,1,12.2,0.34,15,TBR,0.07,0.05,0.71,0.52,2.24,0.37,0,0,10.66,0.11,0.11,0.17,44,1.42,0,0.71,0.1,7.5,1,0.52,Ian Seymour,0.39,0.13,2.89,0.08,0.22,0.71,0.07,0.3,0.21,0.3,0.22,0.56,0.19,2026,27932
1,7,5,3,0,2,5,2,3.1,0.16,3,TEX,0.41,0.11,13.5,0.64,10.91,0.21,0,0,8.1,0.14,0.47,0.94,19,5.4,0,5.4,0,1.5,0.65,0.5,Jose Corniell,2.7,0.58,7.21,0.42,0.29,0.33,0.22,0.5,0,0.05,0.29,0.43,0,2026,27984
2,4,3,0,0,1,3,1,1.2,0.3,3,PIT,0.44,0.1,16.2,0.17,9.11,0.33,0,0,16.2,0.5,0.5,0.78,10,5.4,0,5.4,0,3,0.56,0.67,Brandan Bidois,3,0.54,2.22,0.6,0.33,2,1,0.33,0,0.2,0.33,0.33,0,2026,28052
1,2,2,0,0,1,2,1,2,0.11,1,TEX,0.25,0.11,9,0.57,10.11,0.14,0,0,4.5,0.29,0.33,0.62,9,4.5,0,4.5,0,1,0.62,0.71,Winston Santos,1.5,0.4,6.65,0.17,0.14,0.25,0.25,0.14,0.25,0,0.43,0.43,0.14,2026,28489
2,2,0,0,0,0,0,0,4,0.5,7,HOU,0.14,0,0,0.57,-0.39,0.29,0,0,15.75,0.14,0.14,0.14,14,0,0,0,0,7,1,0.71,Miguel Ullola,0.5,0.13,1.13,0.29,0.14,0.5,0,0.14,0.25,0.5,0.29,0.57,0.14,2026,29036
3,1,1,0,0,2,1,0,2.1,0.27,3,SDP,0.11,0.18,3.86,0.5,3.11,0.33,0,0,11.57,0.17,0.27,0.11,11,7.71,0,0,0,1.5,0.67,0.67,Bradgley Rodriguez,1.29,0.21,5.06,0.17,0.5,0.67,0,0,0.33,0.09,0.17,0.33,0.33,2026,29107
2,7,8,1,0,6,8,0,10,0.24,11,LAA,0.19,0.13,7.2,0.27,3.31,0.69,2,0,9.9,0.04,0.33,0.22,45,5.4,0,0,0.06,1.83,0.47,0.73,Walbert Urena,1.3,0.27,4.37,0.27,0.54,2.57,0,0.19,0,0.11,0.15,0.31,0.08,2026,29357
1,1,1,0,0,3,1,0,2,0.4,4,MIN,0.14,0.3,4.5,0.33,3.61,0.33,0,0,18,0.33,0.4,0.14,10,13.5,0,0,0,1.33,0.75,0.67,Kendry Rojas,2,0.3,4.37,0.33,0.33,1,0,0.33,0,0.1,0.33,0.33,0,2026,29423
4,4,3,2,0,4,3,0,4,0.05,1,STL,0.27,0.2,6.75,0.36,5.61,0.57,0,0,2.25,0.07,0.42,0.4,20,9,0,0,0,0.25,0.62,0.6,Gordon Graceffo,2,0.37,7.51,0.27,0.13,1.6,0,0.33,0,-0.15,0.27,0.6,0.07,2026,29519
6,7,4,1,1,1,4,1,4.2,0.17,4,PHI,0.35,0.04,7.71,0.29,6.11,0.35,2,0,7.71,0.35,0.42,0.65,24,1.93,0,1.93,0.17,4,0.7,0.47,Kyle Backhus,1.71,0.44,4.95,0.38,0.35,1.2,0.2,0.35,0,0.12,0.29,0.35,0.18,2026,29615
4,7,6,1,0,2,3,0,3.1,0.24,5,STL,0.41,0.1,8.1,0.54,2.81,0.23,1,0,13.5,0.23,0.48,0.47,21,5.4,0,0,0.33,2.5,0.4,0.54,Matt Svanson,2.7,0.42,6,0.54,0.15,0.43,0,0.38,0,0.14,0.38,0.46,0.08,2026,29629
4,2,0,0,0,2,0,0,4,0.25,4,LAA,0.14,0.12,0,0.4,2.61,0.2,0,0,9,0.4,0.25,0.14,16,4.5,0,0,0,2,1,0.5,Sam Bachman,1,0.2,4.13,0.2,0.3,0.5,0,0.4,0.25,0.12,0.2,0.5,0.1,2026,29754
7,3,2,0,0,1,2,1,6.1,0.61,14,PIT,0.14,0.04,2.84,0.62,1.22,0.38,0,0,19.89,0,0.17,0.29,23,1.42,0,1.42,0,14,0.77,0.62,Mason Montgomery,0.63,0.2,0.36,0.29,0.5,0.6,0.2,0.25,0,0.57,0.12,0.38,0.12,2026,29770
1,7,3,2,0,1,3,1,5.2,0.21,5,MIL,0.32,0.04,4.76,0.41,4.17,0.35,0,0,7.94,0.24,0.35,0.55,24,1.59,0,1.59,0,5,0.76,0.44,Robert Gasser,1.41,0.38,3.75,0.35,0.39,0.86,0.14,0.44,0.14,0.17,0.28,0.33,0.11,2026,29812
2,7,3,0,0,0,3,2,12.2,0.41,19,SEA,0.15,0,2.13,0.59,2.16,0.3,0,0,13.5,0.11,0.15,0.28,46,0,0,1.42,0.25,19,0.95,0.52,Bryce Miller,0.55,0.19,2.03,0.2,0.33,0.5,0.12,0.33,0,0.41,0.3,0.37,0.15,2026,29837
2,5,2,1,0,5,2,1,9.1,0.26,10,LAD,0.16,0.13,1.93,0.5,4.29,0.27,1,0,9.64,0.23,0.29,0.28,39,4.82,0,0.96,0,2,0.94,0.65,Emmet Sheehan,1.07,0.27,4.69,0.18,0.26,0.55,0.09,0.22,0.18,0.13,0.22,0.52,0.13,2026,29839
3,18,10,3,0,9,10,1,15.2,0.14,10,PIT,0.29,0.12,5.74,0.35,4.58,0.46,1,0,5.74,0.19,0.39,0.39,73,5.17,0,0.57,0.08,1.11,0.68,0.47,Bubba Chandler,1.72,0.35,5.49,0.33,0.3,1.33,0.06,0.4,0.11,0.01,0.3,0.4,0.13,2026,29868
2,8,2,1,0,2,2,1,12,0.16,7,STL,0.19,0.05,1.5,0.37,3.53,0.4,0,0,5.25,0.23,0.23,0.29,44,1.5,0,0.75,0.14,3.5,0.93,0.4,Michael McGreevy,0.83,0.23,4.09,0.21,0.37,1.08,0.08,0.49,0.08,0.11,0.17,0.46,0.11,2026,29869
3,17,4,3,1,4,4,2,17.2,0.34,25,CHW,0.26,0.05,2.04,0.43,2.6,0.31,1,0,12.74,0.26,0.31,0.43,73,2.04,0,1.02,0,6.25,0.94,0.51,Sean Burke,1.19,0.32,2.68,0.37,0.33,0.72,0.11,0.4,0.06,0.29,0.26,0.42,0.09,2026,29878
2,11,6,3,0,6,5,3,10.1,0.18,9,CIN,0.27,0.12,4.35,0.42,6.88,0.52,0,0,7.84,0.06,0.35,0.56,49,5.23,0,2.61,0.18,1.5,0.86,0.5,Andrew Abbott,1.65,0.38,5.17,0.26,0.53,1.21,0.21,0.38,0.07,0.06,0.15,0.32,0.12,2026,29911
2,8,2,3,0,4,2,0,9,0.3,11,WSN,0.25,0.11,2,0.14,2.33,0.52,1,0,11,0.33,0.35,0.34,37,4,0,0,0.18,2.75,0.85,0.38,Andrew Alvarez,1.33,0.32,2.84,0.38,0.29,3.67,0,0.33,0.33,0.19,0.19,0.52,0.29,2026,29914
2,7,9,0,0,6,9,4,9,0.29,11,HOU,0.22,0.16,9,0.48,8.44,0.33,0,0,11,0.19,0.34,0.59,38,6,0,4,0.14,1.83,0.54,0.57,Spencer Arrighetti,1.44,0.4,4.35,0.18,0.19,0.7,0.4,0.24,0.2,0.13,0.24,0.57,0.19,2026,29921
7,3,2,2,0,2,2,0,6.2,0.32,8,ATL,0.14,0.08,2.7,0.5,1.61,0.29,0,0,10.8,0.21,0.21,0.23,25,2.7,0,0,0.25,4,0.6,0.67,Dylan Dodd,0.75,0.2,3.2,0.2,0.4,0.57,0,0.2,0.29,0.24,0.2,0.4,0.13,2026,29928
1,2,1,1,0,2,1,0,3,0.23,3,ARI,0.18,0.15,3,0.25,3.11,0.5,0,0,9,0.25,0.31,0.27,13,6,0,0,0,1.5,0.75,0.5,Mitch Bratt,1.33,0.27,4.12,0.25,0.5,2,0,0.38,0,0.08,0.12,0.38,0.12,2026,30003
1,1,1,0,0,3,1,0,2,0.4,4,CHW,0.14,0.3,4.5,1,3.61,0,0,0,18,0,0.4,0.14,10,13.5,1,0,0,1.33,0.75,0.67,Joe Rock,2,0.3,5.13,0.33,1,0,0,0.33,0,0.1,0,0,0,2026,30016
6,8,5,0,0,2,5,0,4.2,0.38,9,LAA,0.38,0.08,9.64,0.31,0.54,0.23,0,0,17.36,0.46,0.42,0.38,24,3.86,0,0,0.33,4.5,0.5,0.62,Chase Silseth,2.14,0.36,1.84,0.62,0.23,0.75,0,0,0,0.29,0.54,0.23,0.38,2026,30074
2,11,8,2,0,7,8,1,8.2,0.23,10,SFG,0.31,0.16,8.31,0.4,5.07,0.4,1,0,10.38,0.2,0.44,0.46,43,7.27,0,1.04,0,1.43,0.62,0.56,Landen Roupp,2.08,0.4,5.32,0.42,0.44,1,0.1,0.2,0.2,0.07,0.28,0.28,0.24,2026,30076
2,5,1,1,1,1,1,0,4,0.12,2,CHC,0.33,0.06,2.25,0.23,2.86,0.62,0,0,4.5,0.15,0.38,0.53,16,2.25,0,0,0,2,0.83,0.54,Jordan Wicks,1.5,0.39,4,0.38,0.23,2.67,0,0.38,0,0.06,0.46,0.31,0.08,2026,30094
2,5,5,0,0,6,5,3,8.1,0.36,13,NYM,0.17,0.17,5.4,0.53,6.83,0.29,0,0,14.04,0.18,0.31,0.47,36,6.48,0,3.24,0,2.17,0.88,0.41,Christian Scott,1.32,0.34,3.79,0.14,0.47,0.56,0.33,0.53,0,0.19,0.29,0.24,0.06,2026,30107
5,5,5,1,0,5,5,1,8.2,0.16,6,MIL,0.16,0.14,5.19,0.52,4.96,0.32,0,0,6.23,0.16,0.27,0.28,37,5.19,0,1.04,0.25,1.2,0.58,0.31,Chad Patrick,1.15,0.26,5.73,0.16,0.27,0.62,0.08,0.46,0.23,0.03,0.38,0.35,0.23,2026,30113
3,16,8,2,0,6,7,1,14.2,0.31,20,CLE,0.28,0.09,4.3,0.29,2.5,0.47,0,0,12.27,0.24,0.34,0.36,65,3.68,0,0.61,0.11,3.33,0.68,0.69,Gavin Williams,1.5,0.32,2.75,0.39,0.26,1.64,0.09,0.21,0,0.22,0.38,0.36,0.1,2026,30122
1,1,2,0,0,6,2,0,1.1,0,0,KCR,0.33,0.67,13.5,0,16.61,0.67,0,0,0,0.33,0.78,0.33,9,40.5,0,0,0,0,0.71,0.67,Eric Cerantola,5.25,0.57,16.61,0.33,0,2,0,0.33,0,-0.67,0,1,0,2026,30128
3,14,9,1,0,2,8,4,17,0.09,6,CLE,0.22,0.03,4.24,0.35,5.99,0.42,1,0,3.18,0.23,0.26,0.43,66,1.06,0,2.12,0.04,3,0.7,0.49,Tanner Bibee,0.94,0.3,4.72,0.19,0.44,1.2,0.2,0.32,0.1,0.06,0.19,0.37,0.19,2026,30134
5,6,5,2,0,1,5,2,5,0.21,5,SFG,0.29,0.04,9,0.62,8.11,0.25,2,0,9,0.12,0.38,0.67,24,1.8,0,3.6,0,5,0.65,0.38,Dylan Smith,1.4,0.44,5.95,0.29,0.31,0.4,0.2,0.31,0.4,0.17,0.25,0.44,0.31,2026,30145
3,5,2,0,0,3,2,1,6,0.16,4,MIN,0.23,0.12,3,0.33,5.44,0.44,0,0,6,0.22,0.32,0.36,25,4.5,0,1.5,0,1.33,0.91,0.56,Marco Raya,1.33,0.31,4.8,0.24,0.5,1.33,0.17,0.33,0,0.04,0.11,0.39,0.11,2026,30166
7,7,7,1,1,3,6,1,3.2,0.14,3,TEX,0.39,0.14,14.73,0.43,7.47,0.43,0,1,7.36,0.14,0.48,0.72,22,7.36,1,2.45,0,1,0.35,0.67,Robby Ahlstrom,2.73,0.49,6.41,0.4,0.27,1,0.17,0.2,0,0,0.33,0.4,0.13,2026,30167
4,5,4,1,0,4,3,1,6.1,0.14,4,CIN,0.21,0.14,4.26,0.29,5.79,0.52,0,0,5.68,0.19,0.31,0.38,29,5.68,0,1.42,0.09,1,0.66,0.71,Chase Petty,1.42,0.3,5.18,0.2,0.19,1.83,0.17,0.29,0,0,0.29,0.52,0,2026,30170
3,4,2,1,0,4,2,1,4.2,0.29,6,MIN,0.25,0.19,3.86,0.44,5.9,0.56,0,0,11.57,0,0.4,0.5,21,7.71,0.5,1.93,0,1.5,0.91,0.55,Travis Adams,1.71,0.39,4.41,0.3,0.09,1.25,0.25,0.36,0.25,0.1,0.45,0.45,0.09,2026,30180
2,12,7,3,1,3,7,2,11,0.14,7,NYY,0.28,0.06,5.73,0.43,5.02,0.38,0,0,5.73,0.19,0.31,0.53,49,2.45,1,1.64,0,2.33,0.66,0.5,Will Warren,1.36,0.35,4.86,0.27,0.42,0.88,0.12,0.37,0,0.08,0.18,0.39,0.13,2026,30182
2,17,11,3,0,6,11,2,8.2,0.1,5,KCR,0.45,0.12,11.42,0.34,7.38,0.31,1,1,5.19,0.34,0.53,0.68,48,6.23,0.25,2.08,0.1,0.83,0.61,0.56,Noah Cameron,2.65,0.52,6.31,0.44,0.33,0.91,0.18,0.31,0.09,-0.02,0.25,0.42,0.14,2026,30184
2,12,6,2,1,2,6,4,9.1,0.1,4,MIN,0.3,0.05,5.79,0.5,8.47,0.36,0,0,3.86,0.14,0.33,0.7,42,1.93,0,3.86,0.15,2,0.95,0.44,Mike Paredes,1.5,0.43,5.82,0.25,0.28,0.72,0.22,0.5,0,0.05,0.14,0.58,0.06,2026,30187
2,0,0,0,0,1,0,0,2.1,0.25,2,CLE,0,0.12,0,0.8,2.68,0.2,0,0,7.71,0,0.12,0,8,3.86,0,0,0,2,1,0.6,Franco Aleman,0.43,0.09,5.28,0,0.2,0.25,0,0.2,0.25,0.12,0.8,0,0.2,2026,30195
5,2,0,1,0,3,0,0,5.1,0.35,7,LAD,0.12,0.15,0,0.2,2.17,0.6,0,2,11.81,0.2,0.25,0.18,20,5.06,0,0,0,2.33,1,0.6,Jack Dreyer,0.94,0.16,2.74,0.2,0.4,3,0,0.2,0.5,0.2,0.3,0.3,0.2,2026,30249
2,10,7,2,1,3,7,0,10.1,0.2,9,SEA,0.24,0.07,6.1,0.36,2.24,0.42,0,0,7.84,0.21,0.29,0.33,45,2.61,0,0,0.14,3,0.46,0.64,Bryan Woo,1.26,0.28,4,0.3,0.33,1.17,0,0.24,0.08,0.13,0.33,0.33,0.12,2026,30279
2,13,7,1,0,5,7,3,8.1,0.17,7,ARI,0.35,0.12,7.56,0.44,7.91,0.33,0,0,7.56,0.22,0.43,0.62,42,5.4,1,3.24,0.11,1.4,0.8,0.5,Jose Cabrera,2.16,0.45,5.42,0.37,0.4,0.75,0.25,0.37,0.17,0.05,0.2,0.4,0.13,2026,30412
6,3,1,1,0,2,1,0,4.1,0.22,4,ATL,0.2,0.11,2.08,0.33,2.65,0.5,0,0,8.31,0.17,0.28,0.27,18,4.15,0,0,0.17,2,0.8,0.58,Didier Fuentes,1.15,0.25,4.05,0.25,0.33,1.5,0,0.42,0,0.11,0.33,0.33,0,2026,30661
2,12,5,2,0,2,5,2,14,0.25,14,LAD,0.23,0.04,3.21,0.49,3.4,0.38,0,0,9,0.13,0.25,0.38,55,1.29,0,1.29,0.07,7,0.8,0.44,Justin Wrobleski,1,0.28,3.6,0.27,0.31,0.79,0.11,0.51,0,0.22,0.38,0.31,0.05,2026,31204
2,11,9,1,1,5,9,2,8.2,0.3,13,ATH,0.3,0.11,9.35,0.52,5.19,0.24,1,0,13.5,0.24,0.39,0.54,44,5.19,0,2.08,0.17,2.6,0.56,0.44,Jack Perkins,1.85,0.4,4.46,0.39,0.32,0.46,0.15,0.32,0.08,0.18,0.24,0.44,0.24,2026,31468
4,10,5,2,0,3,5,0,7.2,0.15,5,COL,0.32,0.09,5.87,0.31,2.98,0.42,0,0,5.87,0.27,0.38,0.39,34,3.52,0,0,0.09,1.67,0.62,0.38,Zach Agnos,1.7,0.35,4.56,0.38,0.31,1.38,0,0.54,0.12,0.06,0.23,0.46,0.08,2026,31552
6,7,5,1,0,3,5,1,4.2,0.17,4,TOR,0.37,0.13,9.64,0.33,6.11,0.47,0,0,7.71,0.2,0.45,0.58,23,5.79,0,1.93,0.29,1.33,0.58,0.5,Mason Fluharty,2.14,0.45,4.95,0.4,0.44,1.4,0.2,0.31,0,0.04,0.31,0.25,0.19,2026,31553
2,2,1,0,0,3,1,0,2.2,0.23,3,LAD,0.2,0.23,3.38,0.5,4.24,0.5,0,0,10.12,0,0.38,0.2,13,10.12,1,0,0,1,0.8,0.57,Paul Gervase,1.88,0.3,5.94,0.29,0.43,1,0,0.29,0,0,0.29,0.29,0.14,2026,31571
3,8,5,1,0,1,5,0,5.1,0.28,7,WSN,0.35,0.04,8.44,0.4,1.61,0.47,1,0,11.81,0.13,0.4,0.39,25,1.69,1,0,0.14,7,0.5,0.5,Carson Palmquist,1.69,0.36,3.32,0.5,0.44,1.17,0,0.38,0,0.24,0.25,0.31,0.12,2026,31612
1,2,0,0,0,1,0,0,3,0.09,1,COL,0.2,0.09,0,0.22,3.44,0.44,0,0,3,0.33,0.27,0.2,11,3,0,0,0.25,1,1,0.67,Gabriel Hughes,1,0.23,4.46,0.22,0.33,2,0,0.33,0,0,0.33,0.33,0,2026,31614
1,0,0,0,0,0,0,0,1,0.33,1,MIA,0,0,0,0.5,1.11,0.5,0,0,9,0,0,0,3,0,0,0,0,1,1,0.5,William Kempner,0,0,2.63,0,0.5,1,0,0.5,0,0.33,0.5,0,0,2026,31615
3,2,1,0,0,1,1,0,3.1,0.23,3,SDP,0.17,0.08,2.7,0.33,2.21,0.56,0,0,8.1,0.11,0.23,0.17,13,2.7,0,0,0.2,3,0.67,0.56,David Morgan,0.9,0.19,3.58,0.22,0.33,1.67,0,0.11,0,0.15,0.22,0.44,0.33,2026,31616
3,4,0,1,0,1,0,0,7,0.42,11,TOR,0.16,0.04,0,0.14,0.4,0.57,0,0,14.14,0.29,0.19,0.2,26,1.29,0,0,0.12,11,1,0.5,Spencer Miles,0.71,0.18,0.83,0.29,0.43,4,0,0.29,0,0.38,0.29,0.29,0.21,2026,31621
2,7,6,0,0,4,2,3,11,0.41,18,MIL,0.18,0.09,1.64,0.4,4.47,0.5,0,0,14.73,0.1,0.26,0.41,44,3.27,0,2.45,0.1,4.5,0.74,0.5,Jacob Misiorowski,1,0.29,2.03,0.21,0.36,1.25,0.38,0.32,0,0.32,0.32,0.32,0.18,2026,31623
5,8,7,0,0,4,7,4,6.2,0.2,6,ATH,0.31,0.13,9.45,0.45,10.91,0.35,0,1,8.1,0.2,0.4,0.77,30,5.4,0,5.4,0,1.5,0.78,0.1,Mason Barnett,1.8,0.48,5.16,0.25,0.4,0.78,0.44,0.6,0.22,0.07,0.25,0.35,0.3,2026,31741
1,3,1,0,1,3,1,0,6,0.27,6,CHW,0.16,0.14,1.5,0.23,2.61,0.46,0,0,9,0.31,0.27,0.26,22,4.5,0,0,0,2,0.83,0.62,David Sandlin,1,0.25,3.37,0.23,0.23,2,0,0.23,0.33,0.14,0.31,0.46,0.15,2026,31743
5,4,1,0,0,1,1,0,5.2,0.29,6,SDP,0.21,0.05,1.59,0.46,2.05,0.31,1,0,9.53,0.23,0.29,0.21,21,1.59,0,0,0,6,0.83,0.46,Mason Miller,0.88,0.24,3.66,0.31,0.38,0.67,0,0.38,0,0.24,0.38,0.23,0.15,2026,31757
2,8,5,2,0,5,4,0,8,0.29,11,ATL,0.25,0.13,4.5,0.43,2.61,0.43,1,0,12.38,0.14,0.37,0.31,38,5.62,0,0,0,2.2,0.64,0.48,JR Ritchie,1.62,0.32,4.32,0.38,0.29,1,0,0.33,0.33,0.16,0.24,0.48,0.19,2026,31760
4,7,1,2,0,2,1,0,8.2,0.26,9,HOU,0.23,0.06,1.04,0.39,1.73,0.39,0,0,9.35,0.22,0.26,0.29,35,2.08,0,0,0,4.5,0.89,0.75,AJ Blubaugh,1.04,0.25,3.3,0.29,0.17,1,0,0.25,0,0.2,0.29,0.54,0,2026,31764
6,3,3,2,0,4,3,1,6.2,0.29,8,PHI,0.13,0.14,4.05,0.53,4.91,0.07,1,0,10.8,0.4,0.29,0.35,28,5.4,0,1.35,0,2,0.76,0.27,Orion Kerkering,1.05,0.29,4.78,0.14,0.2,0.12,0.12,0.53,0.12,0.14,0.27,0.53,0.2,2026,31776
2,4,1,1,0,1,1,1,12.1,0.31,13,DET,0.1,0.02,0.73,0.5,2.3,0.39,0,0,9.49,0.11,0.12,0.2,42,0.73,0,0.73,0,13,1,0.57,Troy Melton,0.41,0.14,2.97,0.11,0.29,0.79,0.07,0.29,0.14,0.29,0.29,0.43,0.14,2026,31807
3,6,4,2,0,0,4,0,3.1,0.19,3,MIA,0.43,0,10.8,0.33,2.21,0.5,1,0,8.1,0.17,0.44,0.57,16,0,0,0,0,3,0.43,0.67,Cade Gibson,1.8,0.43,4.03,0.5,0.33,1.5,0,0.25,0.25,0.19,0.33,0.33,0.08,2026,31815
3,13,7,1,0,7,7,5,17.2,0.24,17,MIN,0.2,0.1,3.57,0.43,6.05,0.43,0,0,8.66,0.15,0.28,0.45,71,3.57,0,2.55,0,2.43,1,0.51,Zebby Matthews,1.13,0.32,4.09,0.19,0.26,1,0.25,0.43,0.1,0.14,0.21,0.53,0.06,2026,31827
3,9,10,1,0,6,10,4,11.1,0.28,14,NYM,0.21,0.12,7.94,0.45,7.08,0.45,1,0,11.12,0.1,0.32,0.52,50,4.76,0,3.18,0,2.33,0.58,0.59,Kodai Senga,1.32,0.36,4.23,0.2,0.38,1,0.31,0.24,0.15,0.16,0.17,0.45,0.17,2026,31838
3,14,5,1,1,2,5,1,15.1,0.3,18,TEX,0.25,0.03,2.93,0.38,2,0.45,0,0,10.57,0.18,0.27,0.35,60,1.17,0,0.59,0.17,9,0.75,0.45,Kumar Rocker,1.04,0.27,2.64,0.33,0.35,1.2,0.07,0.32,0.07,0.27,0.28,0.38,0.22,2026,31843
1,6,2,0,0,0,2,0,6,0.38,10,MIN,0.26,0,3,0.31,0.78,0.69,2,0,15,0,0.32,0.26,26,0,0,0,0.11,10,0.75,0.57,Connor Prielipp,1,0.27,1.79,0.43,0.29,2.25,0,0.21,0,0.38,0.43,0.29,0.21,2026,31857
4,3,3,1,1,5,3,0,5.2,0.2,5,STL,0.15,0.2,4.76,0.47,3.99,0.4,0,0,7.94,0.13,0.32,0.3,25,7.94,0,0,0,1,0.62,0.4,Max Rajcic,1.41,0.29,5.87,0.2,0.33,0.86,0,0.33,0.43,0,0.07,0.6,0.27,2026,31873
1,1,0,0,0,0,0,0,1,0.25,1,TBR,0.25,0,0,0.67,1.11,0,0,0,9,0.33,0.25,0.25,4,0,0,0,0,1,1,0.67,Trevor Martin,1,0.22,4.15,0.33,0.33,0,0,0,0,0.25,0.33,0.33,0.33,2026,31878
2,6,4,4,0,1,4,0,2,0.08,1,SEA,0.5,0.08,18,0.18,3.61,0.36,0,0,4.5,0.45,0.54,0.83,13,4.5,0,0,0,1,0.43,0.45,Alex Hoppe,3.5,0.58,5.13,0.55,0.27,2,0,0.45,0,0,0.09,0.64,0.09,2026,31880
2,4,2,0,0,0,1,0,3,0,0,HOU,0.4,0,3,0.36,3.11,0.45,0,0,0,0.18,0.36,0.4,12,0,0,0,0,0,0.5,0.42,Logan VanWey,1.33,0.32,5.13,0.33,0.42,1.25,0,0.42,0,0,0.08,0.5,0.17,2026,31884
7,3,0,0,0,1,0,0,7.1,0.24,6,MIN,0.13,0.04,0,0.35,2.29,0.47,1,1,7.36,0.18,0.2,0.13,25,1.23,0,0,0,6,1,0.53,Andrew Morris,0.55,0.14,3.53,0.18,0.29,1.33,0,0.12,0.17,0.2,0.24,0.47,0.35,2026,31891
1,4,0,0,0,0,0,0,4,0.2,3,CHW,0.27,0,0,0.5,1.61,0.5,0,0,6.75,0,0.27,0.27,15,0,0,0,0.17,3,1,0.75,Tyler Schweitzer,1,0.24,3.89,0.33,0.33,1,0,0.17,0,0.2,0.33,0.33,0.08,2026,31920
5,5,5,2,0,2,5,1,5.1,0.29,7,LAA,0.24,0.08,8.44,0.64,4.61,0.36,1,0,11.81,0,0.33,0.48,24,3.38,0,1.69,0,3.5,0.45,0.5,Samy Natera Jr.,1.31,0.35,4.73,0.31,0.36,0.56,0.11,0.29,0.11,0.21,0.21,0.43,0.21,2026,31936
2,6,4,0,0,3,4,0,3,0.28,5,WSN,0.4,0.17,12,0.2,2.78,0.8,0,0,15,0,0.5,0.4,18,9,0,0,0.12,1.67,0.56,0.2,Riley Cornelio,3,0.41,3.79,0.6,0.2,4,0,0.5,0,0.11,0.2,0.6,0.3,2026,31953
3,12,3,0,0,2,3,2,20,0.25,18,BOS,0.17,0.03,1.35,0.38,2.91,0.5,0,0,8.1,0.12,0.19,0.26,72,0.9,0,0.9,0.08,9,0.98,0.52,Jake Bennett,0.7,0.2,3.13,0.2,0.29,1.3,0.1,0.29,0.2,0.22,0.29,0.42,0.19,2026,31959
4,13,12,1,0,7,12,3,7,0.2,8,WSN,0.38,0.17,15.43,0.23,9.4,0.58,0,0,10.29,0.19,0.49,0.68,41,9,0,3.86,0.13,1.14,0.51,0.5,Brad Lord,2.86,0.5,5.13,0.43,0.31,2.5,0.5,0.31,0,0.02,0.19,0.5,0.19,2026,31972
3,16,7,5,1,4,7,1,19.1,0.23,18,CLE,0.22,0.05,3.26,0.33,2.54,0.47,0,0,8.38,0.2,0.26,0.36,78,1.86,0,0.47,0.04,4.5,0.7,0.48,Parker Messick,1.03,0.27,3.28,0.27,0.38,1.44,0.06,0.27,0.33,0.18,0.23,0.39,0.25,2026,31986
6,8,6,1,0,2,6,1,2.2,0.22,4,DET,0.5,0.11,20.25,0.25,7.24,0.58,0,0,13.5,0.17,0.56,0.75,18,6.75,0,3.38,0.43,2,0.47,0.58,Drew Sommers,3.75,0.56,4.07,0.64,0.42,2.33,0.33,0.17,0,0.11,0.25,0.33,0.25,2026,32026
1,2,3,0,0,4,3,1,4.1,0.39,7,CHW,0.14,0.22,6.23,0.29,5.65,0.71,0,0,14.54,0,0.33,0.36,18,8.31,0,2.08,0,1.75,0.65,0.57,Noah Schultz,1.38,0.32,3.35,0.17,0.29,2.5,0.5,0.43,0,0.17,0,0.71,0,2026,32056
2,12,10,2,0,3,6,5,9,0.31,14,NYY,0.31,0.07,6,0.62,8.55,0.31,1,0,14,0.08,0.36,0.74,45,3,0,5,0.12,4.67,0.67,0.42,Cam Schlittler,1.67,0.46,4.03,0.32,0.46,0.5,0.31,0.46,0.06,0.24,0.23,0.31,0.12,2026,32095
1,5,5,2,0,2,5,3,3.2,0.17,3,NYY,0.31,0.11,12.27,0.77,13.75,0.15,0,0,7.36,0.08,0.39,1,18,4.91,0,7.36,0,1.5,0.71,0.31,Brendan Beck,1.91,0.56,7.25,0.2,0.31,0.2,0.3,0.69,0,0.06,0.15,0.54,0,2026,33043
2,2,3,0,0,1,3,1,3.2,0.07,1,MIL,0.15,0.07,7.36,0.25,6.93,0.5,0,0,2.45,0.25,0.21,0.38,14,2.45,0,2.45,0,1,0,0.75,Craig Yoho,0.82,0.26,4.63,0.09,0.33,2,0.33,0.17,0,0,0.08,0.58,0.08,2026,33248
3,7,4,0,0,1,4,1,2.2,0.06,1,COL,0.44,0.06,13.5,0.36,8.36,0.43,0,0,3.38,0.21,0.47,0.62,17,3.38,1,3.38,0.17,1,0.61,0.6,Seth Halvorsen,3,0.48,6.33,0.43,0.33,1.2,0.2,0.27,0.2,0,0.13,0.53,0.13,2026,33294
3,23,14,11,1,9,14,3,15.1,0.15,12,COL,0.34,0.11,8.22,0.55,6.24,0.2,2,0,7.04,0.25,0.43,0.66,79,5.28,0,1.76,0,1.33,0.67,0.45,Sean Sullivan,2.09,0.46,6.67,0.38,0.21,0.37,0.1,0.43,0.13,0.04,0.36,0.43,0.12,2026,33502
2,7,3,0,0,5,3,1,7.1,0.21,7,ATL,0.25,0.15,3.68,0.19,5.43,0.71,1,0,8.59,0.1,0.38,0.36,34,6.14,0,1.23,0.07,1.4,0.86,0.57,Hurston Waldrep,1.64,0.34,4.48,0.3,0.24,3.75,0.25,0.33,0,0.06,0.1,0.67,0.1,2026,33527
5,2,0,1,0,1,0,0,3.2,0.27,4,ARI,0.14,0.07,0,0.22,1.75,0.67,0,0,9.82,0.11,0.2,0.21,15,2.45,0,0,0,4,1,0.4,Brandyn Garcia,0.82,0.19,2.57,0.2,0.2,3,0,0.3,0.5,0.2,0.5,0.3,0.3,2026,33568
4,5,3,1,0,3,3,2,8,0.2,6,LAA,0.19,0.1,3.38,0.35,6.36,0.4,1,0,6.75,0.25,0.3,0.46,30,3.38,0,2.25,0,2,0.97,0.35,Mitch Farris,1,0.33,4.44,0.17,0.45,1.14,0.29,0.55,0,0.1,0.05,0.5,0.1,2026,33628
2,8,2,1,0,3,2,1,10,0.36,14,BOS,0.22,0.08,1.8,0.29,2.51,0.57,0,0,12.6,0.14,0.28,0.33,39,2.7,0,0.9,0.08,4.67,0.94,0.45,Connelly Early,1.1,0.28,2.12,0.33,0.41,2,0.17,0.45,0.17,0.28,0.18,0.41,0.09,2026,33666
2,12,12,2,0,4,11,2,9,0.27,12,PIT,0.32,0.09,11,0.57,5,0.18,1,0,12,0.25,0.38,0.53,45,4,0,2,0.2,3,0.35,0.39,Paul Skenes,1.78,0.38,4.81,0.38,0.25,0.31,0.12,0.43,0.19,0.18,0.39,0.36,0.18,2026,33677
3,17,9,5,0,5,8,2,18,0.27,21,NYM,0.24,0.06,4,0.27,3.55,0.49,3,0,10.5,0.24,0.32,0.4,78,2.5,0,1,0.08,4.2,0.72,0.49,Nolan McLean,1.22,0.32,3.21,0.32,0.45,1.85,0.15,0.35,0,0.21,0.24,0.31,0.16,2026,33703
2,10,4,0,0,3,4,1,6,0.06,2,ATH,0.36,0.1,6,0.31,6.11,0.46,0,0,3,0.23,0.42,0.46,31,4.5,0,1.5,0.08,0.67,0.78,0.35,Kade Morris,2.17,0.39,5.97,0.36,0.35,1.5,0.12,0.5,0.12,-0.03,0.38,0.27,0.15,2026,33787
2,10,10,1,0,8,10,3,6.2,0.26,10,BAL,0.32,0.21,13.5,0.29,9.56,0.48,0,0,13.5,0.24,0.46,0.65,39,10.8,0,4.05,0.2,1.25,0.58,0.38,Trey Gibson,2.7,0.47,5.08,0.39,0.38,1.67,0.5,0.48,0,0.05,0.1,0.52,0.14,2026,33794
2,8,2,0,0,4,2,1,13,0.29,14,LAD,0.18,0.08,1.38,0.35,2.88,0.48,0,0,9.69,0.16,0.24,0.24,49,2.77,0,0.69,0.07,3.5,0.94,0.71,Yoshinobu Yamamoto,0.92,0.23,3.16,0.23,0.32,1.36,0.09,0.23,0,0.2,0.16,0.52,0.06,2026,33825
5,7,3,4,0,6,3,1,6.1,0.19,6,SDP,0.27,0.19,4.26,0.65,6.11,0.15,0,2,8.53,0.2,0.41,0.54,32,8.53,0,1.42,0,1,0.86,0.4,Yuki Matsui,2.05,0.39,7.17,0.32,0.35,0.23,0.08,0.35,0.15,0,0.35,0.3,0.25,2026,33826
3,17,8,3,0,4,8,4,16.1,0.24,16,CHC,0.28,0.06,4.41,0.44,5.07,0.36,0,0,8.82,0.2,0.32,0.52,66,2.2,0,2.2,0,4,0.84,0.61,Shota Imanaga,1.29,0.36,3.74,0.31,0.24,0.8,0.2,0.24,0.1,0.18,0.37,0.39,0.15,2026,33829
3,10,3,4,0,5,3,1,15.1,0.35,21,MIL,0.19,0.08,1.76,0.27,2.39,0.45,1,0,12.33,0.27,0.27,0.31,60,2.93,0,0.59,0.07,4.2,0.89,0.58,Brandon Sproat,0.98,0.26,2.44,0.28,0.36,1.67,0.11,0.27,0.11,0.27,0.27,0.36,0.15,2026,33850
3,21,9,2,0,5,9,3,13.1,0.21,14,CIN,0.35,0.07,6.08,0.33,5.29,0.41,1,1,9.45,0.26,0.41,0.53,67,3.38,0,2.02,0.05,2.8,0.79,0.43,Rhett Lowder,1.95,0.41,4.07,0.41,0.26,1.27,0.2,0.4,0.13,0.13,0.38,0.36,0.17,2026,33876
1,5,1,2,0,1,1,0,6,0.3,7,NYM,0.23,0.04,1.5,0.33,1.28,0.4,0,0,10.5,0.27,0.26,0.32,23,1.5,0,0,0.17,7,0.83,0.33,Zach Thornton,1,0.26,2.54,0.33,0.4,1.2,0,0.67,0,0.26,0.07,0.53,0,2026,33891
6,3,0,1,0,1,0,0,9,0.29,9,LAA,0.1,0.03,0,0.29,1.44,0.48,0,0,9,0.24,0.13,0.13,31,1,0,0,0,9,1,0.67,Jose Fermin,0.44,0.12,2.46,0.14,0.33,1.67,0,0.19,0.17,0.26,0.14,0.52,0.14,2026,33908
6,6,6,0,0,5,5,1,8,0.34,12,CHW,0.2,0.14,5.62,0.28,3.61,0.61,0,0,13.5,0.11,0.31,0.3,35,5.62,0,1.12,0,2.4,0.52,0.72,Grant Taylor,1.38,0.29,2.93,0.29,0.22,2.2,0.2,0.22,0,0.2,0.22,0.56,0.06,2026,33927
1,2,4,0,0,2,4,1,2,0.27,3,NYM,0.29,0.18,18,0.25,11.11,0.25,1,0,13.5,0.5,0.5,0.71,11,9,0,4.5,0,1.5,0.28,0.2,Jonathan Pintaro,2,0.51,5.37,0.25,0,1,1,0.8,0,0.09,0.2,0.8,0,2026,33980
1,8,7,3,0,1,7,2,5,0.09,2,COL,0.36,0.04,12.6,0.58,8.11,0.21,0,0,3.6,0.21,0.39,0.77,23,1.8,1,3.6,0,2,0.32,0.35,Tomoyuki Sugano,1.8,0.49,6.25,0.33,0.25,0.36,0.18,0.45,0.18,0.04,0.3,0.45,0.2,2026,35321
2,10,9,6,0,7,9,4,7,0.13,5,LAD,0.33,0.18,11.57,0.54,12.54,0.29,1,0,6.43,0.17,0.47,0.93,38,9,0,5.14,0,0.71,0.73,0.32,Roki Sasaki,2.43,0.56,7.93,0.29,0.48,0.54,0.31,0.52,0.23,-0.05,0.2,0.32,0.16,2026,35323
3,11,8,0,0,2,3,3,15,0.29,17,LAA,0.2,0.03,1.8,0.47,4.04,0.42,1,0,10.2,0.11,0.24,0.36,59,1.2,1,1.8,0.06,8.5,0.61,0.51,Ryan Johnson,0.87,0.26,3.27,0.22,0.36,0.89,0.17,0.36,0,0.25,0.26,0.38,0.13,2026,35325
2,13,7,3,0,2,7,2,12,0.28,14,CIN,0.27,0.04,5.25,0.5,3.44,0.26,0,0,10.5,0.24,0.3,0.46,50,1.5,0,1.5,0.22,7,0.66,0.5,Chase Burns,1.25,0.33,3.43,0.34,0.41,0.53,0.12,0.38,0.06,0.24,0.32,0.26,0.12,2026,35333
3,22,11,5,0,4,11,4,12.2,0.24,15,ATH,0.39,0.06,7.82,0.37,6.03,0.3,1,1,10.66,0.33,0.43,0.7,63,2.84,0,2.84,0.08,3.75,0.75,0.49,Gage Jump,2.05,0.47,3.84,0.46,0.4,0.81,0.25,0.44,0,0.17,0.14,0.47,0.07,2026,35418
3,8,5,3,0,7,4,2,18.1,0.2,15,TOR,0.12,0.09,1.96,0.51,4.2,0.33,1,0,7.36,0.16,0.22,0.26,74,3.44,0,0.98,0.06,2.14,0.83,0.57,Trey Yesavage,0.82,0.22,4.94,0.12,0.37,0.65,0.08,0.29,0,0.11,0.22,0.41,0.14,2026,35456
2,8,6,1,1,5,6,2,10,0.27,12,BOS,0.21,0.11,5.4,0.48,4.81,0.26,0,0,10.8,0.26,0.3,0.44,44,4.5,0,1.8,0.14,2.4,0.69,0.52,Payton Tolle,1.3,0.32,4.18,0.24,0.37,0.54,0.15,0.37,0,0.16,0.15,0.48,0.11,2026,35466
2,6,5,1,0,6,5,2,7.1,0.35,12,HOU,0.21,0.18,6.14,0.5,5.84,0.38,0,0,14.73,0.12,0.35,0.46,34,7.36,0,2.45,0,2,0.76,0.19,Tatsuya Imai,1.64,0.36,3.95,0.29,0.5,0.75,0.25,0.62,0.12,0.18,0.25,0.25,0.19,2026,37124
