team,pitch_type,pitch_name,pa,ab,h,tb,bb,hbp,so,hr,k_pct,bb_pct,avg,obp,slg,iso,woba,hr_pct,window_start,window_end
ARI,CH,Changeup,530,488,100,175,24,3,98,16,18.49057,4.5283,0.20492,0.24144,0.35861,0.15369,0.2607,3.01887,2026-05-03,2026-08-31
ARI,CS,Slow Curve,1,1,0,0,0,0,1,0,100.0,0.0,0.0,0.0,0.0,0.0,0.0,0.0,2026-05-03,2026-08-31
ARI,CU,Curveball,186,171,41,58,11,3,52,2,27.95699,5.91398,0.23977,0.2957,0.33918,0.09942,0.28392,1.07527,2026-05-03,2026-08-31
ARI,EP,Eephus,1,1,0,0,0,0,0,0,0.0,0.0,0.0,0.0,0.0,0.0,0.0,0.0,2026-05-03,2026-08-31
ARI,FA,Fastball,3,3,0,0,0,0,0,0,0.0,0.0,0.0,0.0,0.0,0.0,0.0,0.0,2026-05-03,2026-08-31
ARI,FC,Cutter,301,265,79,119,28,3,37,7,12.29236,9.30233,0.29811,0.37037,0.44906,0.15094,0.36178,2.32558,2026-05-03,2026-08-31
ARI,FF,4-Seam Fastball,1215,1027,234,414,164,7,216,36,17.77778,13.49794,0.22785,0.33582,0.40312,0.17527,0.32928,2.96296,2026-05-03,2026-08-31
ARI,FS,Splitter,159,146,29,47,12,0,41,3,25.78616,7.54717,0.19863,0.25949,0.32192,0.12329,0.25726,1.88679,2026-05-03,2026-08-31
ARI,KC,Knuckle Curve,53,50,15,26,1,1,13,2,24.5283,1.88679,0.3,0.32075,0.52,0.22,0.36,3.77358,2026-05-03,2026-08-31
ARI,SI,Sinker,757,655,199,290,78,10,77,17,10.17173,10.30383,0.30382,0.38267,0.44275,0.13893,0.36465,2.24571,2026-05-03,2026-08-31
ARI,SL,Slider,545,500,121,204,32,6,120,17,22.01835,5.87156,0.242,0.29282,0.408,0.166,0.3064,3.11927,2026-05-03,2026-08-31
ARI,ST,Sweeper,300,264,49,73,22,10,90,4,30.0,7.33333,0.18561,0.27,0.27652,0.09091,0.2513,1.33333,2026-05-03,2026-08-31
ARI,SV,Slurve,12,12,4,4,0,0,3,0,25.0,0.0,0.33333,0.33333,0.33333,0.0,0.29667,0.0,2026-05-03,2026-08-31
ATH,CH,Changeup,471,437,97,130,27,2,105,7,22.29299,5.73248,0.22197,0.26866,0.29748,0.07551,0.25365,1.4862,2026-05-03,2026-08-31
ATH,CS,Slow Curve,2,1,0,0,0,1,1,0,50.0,0.0,0.0,0.5,0.0,0.0,0.36,0.0,2026-05-03,2026-08-31
ATH,CU,Curveball,153,143,34,53,5,4,55,2,35.94771,3.26797,0.23776,0.28289,0.37063,0.13287,0.28914,1.30719,2026-05-03,2026-08-31
ATH,EP,Eephus,17,15,5,9,1,1,0,1,0.0,5.88235,0.33333,0.41176,0.6,0.26667,0.43824,5.88235,2026-05-03,2026-08-31
ATH,FA,Fastball,3,1,1,2,1,0,0,0,0.0,33.33333,1.0,0.66667,2.0,1.0,0.65333,0.0,2026-05-03,2026-08-31
ATH,FC,Cutter,274,242,80,153,22,4,42,18,15.32847,8.0292,0.33058,0.38971,0.63223,0.30165,0.43467,6.56934,2026-05-03,2026-08-31
ATH,FF,4-Seam Fastball,1140,978,241,434,137,16,269,48,23.59649,12.01754,0.24642,0.34714,0.44376,0.19734,0.34989,4.21053,2026-05-03,2026-08-31
ATH,FS,Splitter,137,131,23,49,6,0,40,6,29.19708,4.37956,0.17557,0.21168,0.37405,0.19847,0.2546,4.37956,2026-05-03,2026-08-31
ATH,KC,Knuckle Curve,66,63,15,22,2,1,24,0,36.36364,3.0303,0.2381,0.27273,0.34921,0.11111,0.27439,0.0,2026-05-03,2026-08-31
ATH,SI,Sinker,841,760,209,293,67,11,113,18,13.43639,7.96671,0.275,0.34167,0.38553,0.11053,0.32497,2.14031,2026-05-03,2026-08-31
ATH,SL,Slider,523,480,104,171,32,9,142,15,27.15105,6.11855,0.21667,0.27778,0.35625,0.13958,0.28276,2.86807,2026-05-03,2026-08-31
ATH,ST,Sweeper,302,280,49,93,16,5,98,9,32.45033,5.29801,0.175,0.23179,0.33214,0.15714,0.25023,2.98013,2026-05-03,2026-08-31
ATH,SV,Slurve,16,14,5,8,2,0,5,1,31.25,12.5,0.35714,0.4375,0.57143,0.21429,0.44,6.25,2026-05-03,2026-08-31
ATL,CH,Changeup,449,416,91,144,29,1,76,12,16.9265,6.4588,0.21875,0.27009,0.34615,0.1274,0.27289,2.67261,2026-05-03,2026-08-31
ATL,CU,Curveball,239,221,52,96,10,4,68,11,28.45188,4.1841,0.23529,0.27615,0.43439,0.1991,0.30774,4.60251,2026-05-03,2026-08-31
ATL,EP,Eephus,9,8,4,8,1,0,0,1,0.0,11.11111,0.5,0.55556,1.0,0.5,0.64889,11.11111,2026-05-03,2026-08-31
ATL,FA,Fastball,7,7,3,8,0,0,1,1,14.28571,0.0,0.42857,0.42857,1.14286,0.71429,0.66286,14.28571,2026-05-03,2026-08-31
ATL,FC,Cutter,324,282,69,116,35,3,55,11,16.97531,10.80247,0.24468,0.33437,0.41135,0.16667,0.33225,3.39506,2026-05-03,2026-08-31
ATL,FF,4-Seam Fastball,1139,1014,217,344,107,8,294,29,25.81212,9.39421,0.214,0.292,0.33925,0.12525,0.28406,2.54609,2026-05-03,2026-08-31
ATL,FO,Forkball,7,7,1,1,0,0,4,0,57.14286,0.0,0.14286,0.14286,0.14286,0.0,0.12714,0.0,2026-05-03,2026-08-31
ATL,FS,Splitter,110,104,25,43,5,1,20,5,18.18182,4.54545,0.24038,0.28182,0.41346,0.17308,0.30555,4.54545,2026-05-03,2026-08-31
ATL,KC,Knuckle Curve,57,53,16,22,3,0,24,1,42.10526,5.26316,0.30189,0.33333,0.41509,0.11321,0.32737,1.75439,2026-05-03,2026-08-31
ATL,KN,Knuckleball,1,1,0,0,0,0,0,0,0.0,0.0,0.0,0.0,0.0,0.0,0.0,0.0,2026-05-03,2026-08-31
ATL,SI,Sinker,685,610,180,291,57,9,80,27,11.67883,8.32117,0.29508,0.36123,0.47705,0.18197,0.36722,3.94161,2026-05-03,2026-08-31
ATL,SL,Slider,465,438,107,192,21,2,144,20,30.96774,4.51613,0.24429,0.27957,0.43836,0.19406,0.31146,4.30108,2026-05-03,2026-08-31
ATL,ST,Sweeper,366,338,76,121,18,8,99,9,27.04918,4.91803,0.22485,0.27869,0.35799,0.13314,0.28284,2.45902,2026-05-03,2026-08-31
ATL,SV,Slurve,28,24,4,6,2,1,11,0,39.28571,7.14286,0.16667,0.25,0.25,0.08333,0.22929,0.0,2026-05-03,2026-08-31
BAL,CH,Changeup,491,465,115,187,22,1,117,15,23.82892,4.48065,0.24731,0.28163,0.40215,0.15484,0.29906,3.05499,2026-05-03,2026-08-31
BAL,CS,Slow Curve,1,1,0,0,0,0,1,0,100.0,0.0,0.0,0.0,0.0,0.0,0.0,0.0,2026-05-03,2026-08-31
BAL,CU,Curveball,200,183,39,69,12,3,59,8,29.5,6.0,0.21311,0.27136,0.37705,0.16393,0.28698,4.0,2026-05-03,2026-08-31
BAL,EP,Eephus,4,4,0,0,0,0,0,0,0.0,0.0,0.0,0.0,0.0,0.0,0.0,0.0,2026-05-03,2026-08-31
BAL,FC,Cutter,274,246,54,90,24,2,58,9,21.16788,8.75912,0.21951,0.29412,0.36585,0.14634,0.29537,3.28467,2026-05-03,2026-08-31
BAL,FF,4-Seam Fastball,1167,1002,231,416,139,11,280,42,23.99314,11.91088,0.23054,0.32788,0.41517,0.18463,0.32916,3.59897,2026-05-03,2026-08-31
BAL,FS,Splitter,134,123,30,52,7,2,35,5,26.1194,5.22388,0.2439,0.29323,0.42276,0.17886,0.31316,3.73134,2026-05-03,2026-08-31
BAL,KC,Knuckle Curve,50,47,11,15,2,0,13,1,26.0,4.0,0.23404,0.26,0.31915,0.08511,0.2552,2.0,2026-05-03,2026-08-31
BAL,SI,Sinker,685,587,172,261,82,11,108,18,15.76642,11.9708,0.29302,0.38743,0.44463,0.15162,0.36925,2.62774,2026-05-03,2026-08-31
BAL,SL,Slider,624,554,119,215,56,5,188,23,30.12821,8.97436,0.2148,0.28986,0.38809,0.17329,0.29855,3.6859,2026-05-03,2026-08-31
BAL,ST,Sweeper,301,269,54,90,23,8,99,8,32.89037,7.6412,0.20074,0.28239,0.33457,0.13383,0.27884,2.65781,2026-05-03,2026-08-31
BAL,SV,Slurve,8,6,1,1,1,1,3,0,37.5,12.5,0.16667,0.375,0.16667,0.0,0.2875,0.0,2026-05-03,2026-08-31
BOS,CH,Changeup,467,429,106,173,23,4,106,13,22.69807,4.92505,0.24709,0.28664,0.40326,0.15618,0.3005,2.78373,2026-05-03,2026-08-31
BOS,CS,Slow Curve,2,2,1,1,0,0,0,0,0.0,0.0,0.5,0.5,0.5,0.0,0.445,0.0,2026-05-03,2026-08-31
BOS,CU,Curveball,226,209,37,58,13,3,65,4,28.76106,5.75221,0.17703,0.23451,0.27751,0.10048,0.23137,1.76991,2026-05-03,2026-08-31
BOS,EP,Eephus,6,6,3,3,0,0,0,0,0.0,0.0,0.5,0.5,0.5,0.0,0.445,0.0,2026-05-03,2026-08-31
BOS,FA,Fastball,5,5,0,0,0,0,0,0,0.0,0.0,0.0,0.0,0.0,0.0,0.0,0.0,2026-05-03,2026-08-31
BOS,FC,Cutter,324,285,78,128,24,7,48,8,14.81481,7.40741,0.27368,0.34063,0.44912,0.17544,0.34519,2.46914,2026-05-03,2026-08-31
BOS,FF,4-Seam Fastball,1258,1062,266,463,152,22,290,40,23.05246,12.08267,0.25047,0.35256,0.43597,0.1855,0.34846,3.17965,2026-05-03,2026-08-31
BOS,FO,Forkball,1,1,0,0,0,0,1,0,100.0,0.0,0.0,0.0,0.0,0.0,0.0,0.0,2026-05-03,2026-08-31
BOS,FS,Splitter,146,137,31,52,6,1,35,4,23.9726,4.10959,0.22628,0.26207,0.37956,0.15328,0.27771,2.73973,2026-05-03,2026-08-31
BOS,KC,Knuckle Curve,59,55,15,31,1,0,18,3,30.50847,1.69492,0.27273,0.27119,0.56364,0.29091,0.34407,5.08475,2026-05-03,2026-08-31
BOS,KN,Knuckleball,3,3,2,4,0,0,1,0,33.33333,0.0,0.66667,0.66667,1.33333,0.66667,0.84667,0.0,2026-05-03,2026-08-31
BOS,SI,Sinker,663,587,183,272,55,13,61,15,9.2006,8.29563,0.31175,0.38262,0.46337,0.15162,0.37293,2.26244,2026-05-03,2026-08-31
BOS,SL,Slider,541,487,115,191,39,5,137,18,25.32348,7.20887,0.23614,0.29554,0.3922,0.15606,0.30297,3.32717,2026-05-03,2026-08-31
BOS,ST,Sweeper,275,250,58,109,10,8,77,13,28.0,3.63636,0.232,0.27941,0.436,0.204,0.31081,4.72727,2026-05-03,2026-08-31
BOS,SV,Slurve,15,11,1,1,3,1,3,0,20.0,20.0,0.09091,0.33333,0.09091,0.0,0.24533,0.0,2026-05-03,2026-08-31
CHC,CH,Changeup,477,440,98,150,32,0,122,8,25.57652,6.7086,0.22273,0.27254,0.34091,0.11818,0.27074,1.67715,2026-05-03,2026-08-31
CHC,CS,Slow Curve,3,3,0,0,0,0,2,0,66.66667,0.0,0.0,0.0,0.0,0.0,0.0,0.0,2026-05-03,2026-08-31
CHC,CU,Curveball,225,200,39,66,15,9,84,6,37.33333,6.66667,0.195,0.28,0.33,0.135,0.27469,2.66667,2026-05-03,2026-08-31
CHC,EP,Eephus,48,38,21,36,8,1,0,4,0.0,16.66667,0.55263,0.625,0.94737,0.39474,0.64396,8.33333,2026-05-03,2026-08-31
CHC,FA,Fastball,18,17,6,9,1,0,3,1,16.66667,5.55556,0.35294,0.38889,0.52941,0.17647,0.40222,5.55556,2026-05-03,2026-08-31
CHC,FC,Cutter,268,228,62,118,29,5,38,13,14.1791,10.8209,0.27193,0.35955,0.51754,0.24561,0.37798,4.85075,2026-05-03,2026-08-31
CHC,FF,4-Seam Fastball,1273,1091,260,488,168,7,270,53,21.20974,13.19717,0.23831,0.34225,0.4473,0.20898,0.34817,4.16339,2026-05-03,2026-08-31
CHC,FO,Forkball,4,2,0,0,1,1,2,0,50.0,25.0,0.0,0.5,0.0,0.0,0.3525,0.0,2026-05-03,2026-08-31
CHC,FS,Splitter,87,74,20,41,12,0,28,6,32.18391,13.7931,0.27027,0.36782,0.55405,0.28378,0.39598,6.89655,2026-05-03,2026-08-31
CHC,KC,Knuckle Curve,58,54,14,22,3,1,18,2,31.03448,5.17241,0.25926,0.31034,0.40741,0.14815,0.31776,3.44828,2026-05-03,2026-08-31
CHC,KN,Knuckleball,12,11,8,15,0,1,0,2,0.0,0.0,0.72727,0.75,1.36364,0.63636,0.88667,16.66667,2026-05-03,2026-08-31
CHC,SI,Sinker,762,651,188,269,93,16,93,15,12.20472,12.20472,0.28879,0.38976,0.41321,0.12442,0.35966,1.9685,2026-05-03,2026-08-31
CHC,SL,Slider,561,505,122,238,43,8,145,29,25.8467,7.66488,0.24158,0.30948,0.47129,0.2297,0.33937,5.16934,2026-05-03,2026-08-31
CHC,ST,Sweeper,319,292,68,121,18,5,88,12,27.58621,5.64263,0.23288,0.28527,0.41438,0.18151,0.30571,3.76176,2026-05-03,2026-08-31
CHC,SV,Slurve,29,28,7,16,1,0,8,2,27.58621,3.44828,0.25,0.27586,0.57143,0.32143,0.36138,6.89655,2026-05-03,2026-08-31
CHW,CH,Changeup,497,470,110,182,22,1,116,17,23.34004,4.42656,0.23404,0.26869,0.38723,0.15319,0.28676,3.42052,2026-05-03,2026-08-31
CHW,CU,Curveball,198,171,35,62,17,9,56,5,28.28283,8.58586,0.20468,0.30964,0.36257,0.15789,0.30426,2.52525,2026-05-03,2026-08-31
CHW,EP,Eephus,8,6,2,2,2,0,0,0,0.0,25.0,0.33333,0.5,0.33333,0.0,0.395,0.0,2026-05-03,2026-08-31
CHW,FA,Fastball,7,6,3,6,1,0,1,1,14.28571,14.28571,0.5,0.57143,1.0,0.5,0.65286,14.28571,2026-05-03,2026-08-31
CHW,FC,Cutter,300,257,66,118,36,3,47,13,15.66667,12.0,0.25681,0.35235,0.45914,0.20233,0.35596,4.33333,2026-05-03,2026-08-31
CHW,FF,4-Seam Fastball,1252,1076,254,478,152,12,307,50,24.52077,12.14058,0.23606,0.33547,0.44424,0.20818,0.34356,3.99361,2026-05-03,2026-08-31
CHW,FO,Forkball,2,2,1,1,0,0,1,0,50.0,0.0,0.5,0.5,0.5,0.0,0.445,0.0,2026-05-03,2026-08-31
CHW,FS,Splitter,154,147,31,54,4,1,52,6,33.76623,2.5974,0.21088,0.23377,0.36735,0.15646,0.26123,3.8961,2026-05-03,2026-08-31
CHW,KC,Knuckle Curve,56,50,14,20,3,1,16,1,28.57143,5.35714,0.28,0.32727,0.4,0.12,0.32,1.78571,2026-05-03,2026-08-31
CHW,SI,Sinker,692,613,173,264,60,15,108,20,15.60694,8.67052,0.28222,0.35942,0.43067,0.14845,0.35094,2.89017,2026-05-03,2026-08-31
CHW,SL,Slider,538,494,106,178,34,4,163,16,30.2974,6.3197,0.21457,0.26866,0.36032,0.14575,0.27823,2.97398,2026-05-03,2026-08-31
CHW,ST,Sweeper,246,218,52,98,18,8,75,11,30.4878,7.31707,0.23853,0.31837,0.44954,0.21101,0.33747,4.47154,2026-05-03,2026-08-31
CHW,SV,Slurve,4,4,1,1,0,0,0,0,0.0,0.0,0.25,0.25,0.25,0.0,0.2225,0.0,2026-05-03,2026-08-31
CIN,CH,Changeup,430,390,87,126,35,1,109,8,25.34884,8.13953,0.22308,0.28738,0.32308,0.1,0.27488,1.86047,2026-05-03,2026-08-31
CIN,CU,Curveball,263,236,41,60,22,4,102,4,38.78327,8.36502,0.17373,0.25475,0.25424,0.08051,0.2342,1.52091,2026-05-03,2026-08-31
CIN,EP,Eephus,5,4,1,1,1,0,0,0,0.0,20.0,0.25,0.4,0.25,0.0,0.316,0.0,2026-05-03,2026-08-31
CIN,FA,Fastball,9,8,5,9,1,0,0,1,0.0,11.11111,0.625,0.66667,1.125,0.5,0.74778,11.11111,2026-05-03,2026-08-31
CIN,FC,Cutter,234,208,60,129,19,5,38,18,16.23932,8.11966,0.28846,0.35897,0.62019,0.33173,0.41692,7.69231,2026-05-03,2026-08-31
CIN,FF,4-Seam Fastball,1168,1012,229,426,139,7,300,50,25.68493,11.90068,0.22628,0.32189,0.42095,0.19466,0.32876,4.28082,2026-05-03,2026-08-31
CIN,FO,Forkball,3,2,0,0,1,0,1,0,33.33333,33.33333,0.0,0.33333,0.0,0.0,0.23,0.0,2026-05-03,2026-08-31
CIN,FS,Splitter,110,102,24,40,6,1,39,3,35.45455,5.45455,0.23529,0.28182,0.39216,0.15686,0.295,2.72727,2026-05-03,2026-08-31
CIN,KC,Knuckle Curve,48,46,11,17,2,0,15,1,31.25,4.16667,0.23913,0.27083,0.36957,0.13043,0.28167,2.08333,2026-05-03,2026-08-31
CIN,SI,Sinker,748,656,178,271,70,6,107,21,14.30481,9.35829,0.27134,0.34324,0.41311,0.14177,0.33489,2.80749,2026-05-03,2026-08-31
CIN,SL,Slider,507,469,93,178,31,4,156,22,30.76923,6.1144,0.19829,0.25247,0.37953,0.18124,0.27787,4.33925,2026-05-03,2026-08-31
CIN,ST,Sweeper,378,339,70,120,26,9,130,10,34.39153,6.87831,0.20649,0.27926,0.35398,0.14749,0.28295,2.6455,2026-05-03,2026-08-31
CIN,SV,Slurve,29,25,6,8,3,0,10,0,34.48276,10.34483,0.24,0.31034,0.32,0.08,0.28172,0.0,2026-05-03,2026-08-31
CLE,CH,Changeup,481,455,94,135,18,0,101,8,20.99792,3.7422,0.20659,0.23431,0.2967,0.09011,0.23477,1.6632,2026-05-03,2026-08-31
CLE,CS,Slow Curve,1,1,1,2,0,0,0,0,0.0,0.0,1.0,1.0,2.0,1.0,1.27,0.0,2026-05-03,2026-08-31
CLE,CU,Curveball,183,164,41,73,11,5,59,7,32.24044,6.01093,0.25,0.31492,0.44512,0.19512,0.33315,3.82514,2026-05-03,2026-08-31
CLE,EP,Eephus,7,7,2,3,0,0,0,0,0.0,0.0,0.28571,0.28571,0.42857,0.14286,0.30857,0.0,2026-05-03,2026-08-31
CLE,FA,Fastball,3,3,0,0,0,0,0,0,0.0,0.0,0.0,0.0,0.0,0.0,0.0,0.0,2026-05-03,2026-08-31
CLE,FC,Cutter,302,256,62,102,33,7,54,8,17.88079,10.92715,0.24219,0.34114,0.39844,0.15625,0.32997,2.64901,2026-05-03,2026-08-31
CLE,FF,4-Seam Fastball,1256,1099,286,446,134,5,266,35,21.17834,10.66879,0.26024,0.33946,0.40582,0.14559,0.33046,2.78662,2026-05-03,2026-08-31
CLE,FO,Forkball,1,1,0,0,0,0,1,0,100.0,0.0,0.0,0.0,0.0,0.0,0.0,0.0,2026-05-03,2026-08-31
CLE,FS,Splitter,149,141,24,36,8,0,37,2,24.83221,5.36913,0.17021,0.21477,0.25532,0.08511,0.21195,1.34228,2026-05-03,2026-08-31
CLE,KC,Knuckle Curve,42,34,10,14,4,1,10,1,23.80952,9.52381,0.29412,0.36585,0.41176,0.11765,0.34073,2.38095,2026-05-03,2026-08-31
CLE,SI,Sinker,680,582,159,223,87,5,85,11,12.5,12.79412,0.2732,0.3713,0.38316,0.10997,0.34053,1.61765,2026-05-03,2026-08-31
CLE,SL,Slider,490,444,81,139,35,6,148,12,30.20408,7.14286,0.18243,0.25051,0.31306,0.13063,0.25329,2.44898,2026-05-03,2026-08-31
CLE,ST,Sweeper,278,251,54,85,18,4,78,8,28.05755,6.47482,0.21514,0.27437,0.33865,0.12351,0.27329,2.8777,2026-05-03,2026-08-31
CLE,SV,Slurve,18,15,4,6,3,0,4,0,22.22222,16.66667,0.26667,0.38889,0.4,0.13333,0.355,0.0,2026-05-03,2026-08-31
COL,CH,Changeup,527,492,112,178,26,3,119,12,22.58065,4.93359,0.22764,0.26806,0.36179,0.13415,0.27677,2.27704,2026-05-03,2026-08-31
COL,CS,Slow Curve,2,1,0,0,0,0,1,0,50.0,0.0,0.0,0.0,0.0,0.0,0.0,0.0,2026-05-03,2026-08-31
COL,CU,Curveball,264,235,60,93,23,5,82,6,31.06061,8.71212,0.25532,0.33333,0.39574,0.14043,0.32511,2.27273,2026-05-03,2026-08-31
COL,EP,Eephus,17,15,8,8,0,2,0,0,0.0,0.0,0.53333,0.58824,0.53333,0.0,0.50353,0.0,2026-05-03,2026-08-31
COL,FA,Fastball,19,14,8,19,3,1,0,3,0.0,15.78947,0.57143,0.63158,1.35714,0.78571,0.75263,15.78947,2026-05-03,2026-08-31
COL,FC,Cutter,297,268,74,114,24,1,35,8,11.78451,8.08081,0.27612,0.33673,0.42537,0.14925,0.33639,2.6936,2026-05-03,2026-08-31
COL,FF,4-Seam Fastball,1211,1058,271,493,132,9,297,49,24.52519,10.90008,0.25614,0.34106,0.46597,0.20983,0.35285,4.04624,2026-05-03,2026-08-31
COL,FO,Forkball,1,0,0,0,0,0,0,0,0.0,0.0,,0.0,,,0.0,0.0,2026-05-03,2026-08-31
COL,FS,Splitter,121,113,29,45,6,1,33,4,27.27273,4.95868,0.25664,0.29752,0.39823,0.14159,0.30603,3.30579,2026-05-03,2026-08-31
COL,KC,Knuckle Curve,57,52,9,12,3,2,20,1,35.08772,5.26316,0.17308,0.24561,0.23077,0.05769,0.22333,1.75439,2026-05-03,2026-08-31
COL,KN,Knuckleball,4,4,1,1,0,0,0,0,0.0,0.0,0.25,0.25,0.25,0.0,0.2225,0.0,2026-05-03,2026-08-31
COL,SI,Sinker,652,560,164,242,67,16,63,14,9.66258,10.27607,0.29286,0.38,0.43214,0.13929,0.35982,2.14724,2026-05-03,2026-08-31
COL,SL,Slider,483,439,108,188,23,9,127,15,26.294,4.7619,0.24601,0.28986,0.42825,0.18223,0.31021,3.10559,2026-05-03,2026-08-31
COL,ST,Sweeper,289,262,47,86,21,3,88,8,30.44983,7.26644,0.17939,0.24653,0.32824,0.14885,0.25625,2.76817,2026-05-03,2026-08-31
COL,SV,Slurve,30,23,3,4,6,1,10,0,33.33333,20.0,0.13043,0.33333,0.17391,0.04348,0.26367,0.0,2026-05-03,2026-08-31
DET,CH,Changeup,513,481,103,159,25,1,153,10,29.82456,4.87329,0.21414,0.25146,0.33056,0.11642,0.2547,1.94932,2026-05-03,2026-08-31
DET,CS,Slow Curve,1,1,0,0,0,0,0,0,0.0,0.0,0.0,0.0,0.0,0.0,0.0,0.0,2026-05-03,2026-08-31
DET,CU,Curveball,223,201,41,72,14,5,78,7,34.97758,6.27803,0.20398,0.26906,0.35821,0.15423,0.27798,3.13901,2026-05-03,2026-08-31
DET,EP,Eephus,24,21,6,16,3,0,0,3,0.0,12.5,0.28571,0.375,0.7619,0.47619,0.47583,12.5,2026-05-03,2026-08-31
DET,FA,Fastball,5,5,2,5,0,0,0,1,0.0,0.0,0.4,0.4,1.0,0.6,0.598,20.0,2026-05-03,2026-08-31
DET,FC,Cutter,312,279,71,134,29,2,50,16,16.02564,9.29487,0.25448,0.32797,0.48029,0.22581,0.35273,5.12821,2026-05-03,2026-08-31
DET,FF,4-Seam Fastball,1253,1086,250,434,136,14,277,40,22.10694,10.85395,0.2302,0.32077,0.39963,0.16943,0.31952,3.19234,2026-05-03,2026-08-31
DET,FS,Splitter,159,150,17,23,7,1,64,1,40.25157,4.40252,0.11333,0.15723,0.15333,0.04,0.14484,0.62893,2026-05-03,2026-08-31
DET,KC,Knuckle Curve,46,45,6,8,1,0,12,0,26.08696,2.17391,0.13333,0.15217,0.17778,0.04444,0.14696,0.0,2026-05-03,2026-08-31
DET,SI,Sinker,681,589,175,258,73,10,80,17,11.74743,10.71953,0.29711,0.38109,0.43803,0.14092,0.36331,2.49633,2026-05-03,2026-08-31
DET,SL,Slider,416,378,79,154,30,7,113,16,27.16346,7.21154,0.20899,0.27885,0.40741,0.19841,0.30087,3.84615,2026-05-03,2026-08-31
DET,ST,Sweeper,245,220,57,101,22,2,69,11,28.16327,8.97959,0.25909,0.33061,0.45909,0.2,0.34629,4.4898,2026-05-03,2026-08-31
DET,SV,Slurve,12,11,0,0,1,0,4,0,33.33333,8.33333,0.0,0.08333,0.0,0.0,0.0575,0.0,2026-05-03,2026-08-31
HOU,CH,Changeup,359,332,74,115,22,2,96,10,26.74095,6.12813,0.22289,0.27374,0.34639,0.12349,0.27587,2.78552,2026-05-03,2026-08-31
HOU,CS,Slow Curve,1,1,0,0,0,0,1,0,100.0,0.0,0.0,0.0,0.0,0.0,0.0,0.0,2026-05-03,2026-08-31
HOU,CU,Curveball,208,185,33,54,12,7,66,6,31.73077,5.76923,0.17838,0.25121,0.29189,0.11351,0.24466,2.88462,2026-05-03,2026-08-31
HOU,EP,Eephus,10,9,5,5,0,1,0,0,0.0,0.0,0.55556,0.6,0.55556,0.0,0.517,0.0,2026-05-03,2026-08-31
HOU,FA,Fastball,9,8,2,2,1,0,1,0,11.11111,11.11111,0.25,0.33333,0.25,0.0,0.27444,0.0,2026-05-03,2026-08-31
HOU,FC,Cutter,312,277,68,129,25,5,32,17,10.25641,8.01282,0.24549,0.31511,0.4657,0.22022,0.3399,5.44872,2026-05-03,2026-08-31
HOU,FF,4-Seam Fastball,1131,988,234,428,125,11,272,45,24.04951,11.05217,0.23684,0.32831,0.4332,0.19636,0.33608,3.97878,2026-05-03,2026-08-31
HOU,FO,Forkball,1,1,0,0,0,0,1,0,100.0,0.0,0.0,0.0,0.0,0.0,0.0,0.0,2026-05-03,2026-08-31
HOU,FS,Splitter,148,139,37,64,7,1,46,6,31.08108,4.72973,0.26619,0.30405,0.46043,0.19424,0.33196,4.05405,2026-05-03,2026-08-31
HOU,KC,Knuckle Curve,45,43,12,17,2,0,15,1,33.33333,4.44444,0.27907,0.31111,0.39535,0.11628,0.31178,2.22222,2026-05-03,2026-08-31
HOU,SI,Sinker,749,663,190,290,69,12,76,21,10.14686,9.21228,0.28658,0.36327,0.43741,0.15083,0.35392,2.80374,2026-05-03,2026-08-31
HOU,SL,Slider,559,515,97,184,28,4,153,22,27.3703,5.00894,0.18835,0.23327,0.35728,0.16893,0.25877,3.9356,2026-05-03,2026-08-31
HOU,ST,Sweeper,318,297,51,91,12,5,109,11,34.27673,3.77358,0.17172,0.21384,0.3064,0.13468,0.22877,3.45912,2026-05-03,2026-08-31
HOU,SV,Slurve,13,10,2,5,1,2,2,1,15.38462,7.69231,0.2,0.38462,0.5,0.3,0.39385,7.69231,2026-05-03,2026-08-31
KCR,CH,Changeup,485,453,110,173,22,5,97,8,20.0,4.53608,0.24283,0.28247,0.3819,0.13907,0.28938,1.64948,2026-05-03,2026-08-31
KCR,CU,Curveball,233,216,46,78,13,2,68,6,29.18455,5.5794,0.21296,0.26293,0.36111,0.14815,0.27543,2.57511,2026-05-03,2026-08-31
KCR,EP,Eephus,11,11,5,6,0,0,0,0,0.0,0.0,0.45455,0.45455,0.54545,0.09091,0.43909,0.0,2026-05-03,2026-08-31
KCR,FA,Fastball,2,1,1,1,1,0,0,0,0.0,50.0,1.0,1.0,1.0,0.0,0.79,0.0,2026-05-03,2026-08-31
KCR,FC,Cutter,327,301,73,130,22,2,48,15,14.6789,6.72783,0.24252,0.29846,0.43189,0.18937,0.3196,4.58716,2026-05-03,2026-08-31
KCR,FF,4-Seam Fastball,1236,1051,268,442,155,11,249,33,20.14563,12.54045,0.255,0.35342,0.42055,0.16556,0.34284,2.6699,2026-05-03,2026-08-31
KCR,FO,Forkball,5,3,0,0,2,0,3,0,60.0,40.0,0.0,0.4,0.0,0.0,0.276,0.0,2026-05-03,2026-08-31
KCR,FS,Splitter,126,118,29,44,7,0,22,3,17.46032,5.55556,0.24576,0.28571,0.37288,0.12712,0.29008,2.38095,2026-05-03,2026-08-31
KCR,KC,Knuckle Curve,75,72,23,41,2,0,27,4,36.0,2.66667,0.31944,0.33333,0.56944,0.25,0.38587,5.33333,2026-05-03,2026-08-31
KCR,SI,Sinker,606,539,156,223,52,6,71,12,11.71617,8.58086,0.28942,0.35607,0.41373,0.1243,0.34103,1.9802,2026-05-03,2026-08-31
KCR,SL,Slider,455,426,96,168,20,2,120,17,26.37363,4.3956,0.22535,0.26106,0.39437,0.16901,0.28488,3.73626,2026-05-03,2026-08-31
KCR,ST,Sweeper,353,329,74,120,15,4,94,10,26.6289,4.24929,0.22492,0.26571,0.36474,0.13982,0.27783,2.83286,2026-05-03,2026-08-31
KCR,SV,Slurve,15,14,3,3,0,1,4,0,26.66667,0.0,0.21429,0.26667,0.21429,0.0,0.226,0.0,2026-05-03,2026-08-31
LAA,CH,Changeup,467,438,86,128,22,3,150,7,32.11991,4.71092,0.19635,0.23871,0.29224,0.09589,0.23708,1.49893,2026-05-03,2026-08-31
LAA,CU,Curveball,258,238,45,76,13,7,83,6,32.17054,5.03876,0.18908,0.25194,0.31933,0.13025,0.25682,2.32558,2026-05-03,2026-08-31
LAA,EP,Eephus,10,8,4,9,0,1,0,1,0.0,0.0,0.5,0.5,1.125,0.625,0.625,10.0,2026-05-03,2026-08-31
LAA,FA,Fastball,1,1,1,1,0,0,0,0,0.0,0.0,1.0,1.0,1.0,0.0,0.89,0.0,2026-05-03,2026-08-31
LAA,FC,Cutter,290,264,74,128,22,2,41,14,14.13793,7.58621,0.2803,0.33793,0.48485,0.20455,0.35855,4.82759,2026-05-03,2026-08-31
LAA,FF,4-Seam Fastball,1126,970,239,397,125,15,279,35,24.77798,11.10124,0.24639,0.339,0.40928,0.16289,0.33288,3.10835,2026-05-03,2026-08-31
LAA,FO,Forkball,3,3,1,1,0,0,1,0,33.33333,0.0,0.33333,0.33333,0.33333,0.0,0.29667,0.0,2026-05-03,2026-08-31
LAA,FS,Splitter,151,140,25,34,6,4,50,1,33.11258,3.97351,0.17857,0.23179,0.24286,0.06429,0.21675,0.66225,2026-05-03,2026-08-31
LAA,KC,Knuckle Curve,46,46,14,18,0,0,17,0,36.95652,0.0,0.30435,0.30435,0.3913,0.08696,0.30391,0.0,2026-05-03,2026-08-31
LAA,SI,Sinker,697,619,165,222,56,14,94,9,13.48637,8.03443,0.26656,0.34058,0.35864,0.09208,0.3157,1.29125,2026-05-03,2026-08-31
LAA,SL,Slider,492,457,94,139,28,3,151,7,30.69106,5.69106,0.20569,0.25562,0.30416,0.09847,0.25002,1.42276,2026-05-03,2026-08-31
LAA,ST,Sweeper,300,275,63,111,12,10,94,10,31.33333,4.0,0.22909,0.28523,0.40364,0.17455,0.30356,3.33333,2026-05-03,2026-08-31
LAA,SV,Slurve,6,6,1,1,0,0,4,0,66.66667,0.0,0.16667,0.16667,0.16667,0.0,0.14833,0.0,2026-05-03,2026-08-31
LAD,CH,Changeup,502,461,105,155,36,1,111,11,22.11155,7.17131,0.22777,0.28287,0.33623,0.10846,0.27551,2.19124,2026-05-03,2026-08-31
LAD,CU,Curveball,200,170,45,65,23,4,59,2,29.5,11.5,0.26471,0.36,0.38235,0.11765,0.3327,1.0,2026-05-03,2026-08-31
LAD,EP,Eephus,7,7,2,5,0,0,0,1,0.0,0.0,0.28571,0.28571,0.71429,0.42857,0.42714,14.28571,2026-05-03,2026-08-31
LAD,FA,Fastball,7,7,2,2,0,0,0,0,0.0,0.0,0.28571,0.28571,0.28571,0.0,0.25429,0.0,2026-05-03,2026-08-31
LAD,FC,Cutter,335,295,94,159,30,4,36,14,10.74627,8.95522,0.31864,0.38438,0.53898,0.22034,0.39889,4.1791,2026-05-03,2026-08-31
LAD,FF,4-Seam Fastball,1239,1086,268,463,133,4,256,44,20.66182,10.73446,0.24678,0.32794,0.42634,0.17956,0.33217,3.55125,2026-05-03,2026-08-31
LAD,FS,Splitter,119,109,22,41,9,1,35,4,29.41176,7.56303,0.20183,0.26891,0.37615,0.17431,0.28555,3.36134,2026-05-03,2026-08-31
LAD,KC,Knuckle Curve,75,65,16,29,8,1,18,3,24.0,10.66667,0.24615,0.33333,0.44615,0.2,0.34173,4.0,2026-05-03,2026-08-31
LAD,SI,Sinker,686,595,169,258,70,11,81,19,11.80758,10.20408,0.28403,0.36603,0.43361,0.14958,0.35288,2.76968,2026-05-03,2026-08-31
LAD,SL,Slider,505,450,99,165,39,13,134,15,26.53465,7.72277,0.22,0.3002,0.36667,0.14667,0.29922,2.9703,2026-05-03,2026-08-31
LAD,ST,Sweeper,258,242,64,112,13,3,74,11,28.68217,5.03876,0.26446,0.31008,0.46281,0.19835,0.33748,4.26357,2026-05-03,2026-08-31
LAD,SV,Slurve,18,18,2,3,0,0,9,0,50.0,0.0,0.11111,0.11111,0.16667,0.05556,0.12,0.0,2026-05-03,2026-08-31
MIA,CH,Changeup,523,483,110,178,31,1,154,15,29.44551,5.92734,0.22774,0.27255,0.36853,0.14079,0.28184,2.86807,2026-05-03,2026-08-31
MIA,CU,Curveball,224,195,38,70,23,5,73,7,32.58929,10.26786,0.19487,0.29464,0.35897,0.1641,0.29437,3.125,2026-05-03,2026-08-31
MIA,EP,Eephus,5,5,1,1,0,0,0,0,0.0,0.0,0.2,0.2,0.2,0.0,0.178,0.0,2026-05-03,2026-08-31
MIA,FA,Fastball,13,12,5,10,1,0,0,1,0.0,7.69231,0.41667,0.46154,0.83333,0.41667,0.54692,7.69231,2026-05-03,2026-08-31
MIA,FC,Cutter,298,263,69,110,26,4,37,8,12.41611,8.72483,0.26236,0.33446,0.41825,0.15589,0.33223,2.68456,2026-05-03,2026-08-31
MIA,FF,4-Seam Fastball,1117,967,264,449,132,9,212,41,18.97941,11.81737,0.27301,0.36323,0.46432,0.19131,0.36366,3.67055,2026-05-03,2026-08-31
MIA,FO,Forkball,3,2,0,0,1,0,2,0,66.66667,33.33333,0.0,0.33333,0.0,0.0,0.23,0.0,2026-05-03,2026-08-31
MIA,FS,Splitter,117,111,32,50,4,1,32,3,27.35043,3.4188,0.28829,0.31624,0.45045,0.16216,0.33291,2.5641,2026-05-03,2026-08-31
MIA,KC,Knuckle Curve,81,73,13,20,2,5,27,2,33.33333,2.46914,0.17808,0.25,0.27397,0.09589,0.24187,2.46914,2026-05-03,2026-08-31
MIA,KN,Knuckleball,5,5,2,2,0,0,0,0,0.0,0.0,0.4,0.4,0.4,0.0,0.356,0.0,2026-05-03,2026-08-31
MIA,SI,Sinker,670,573,147,204,74,13,75,11,11.19403,11.04478,0.25654,0.35294,0.35602,0.09948,0.32211,1.64179,2026-05-03,2026-08-31
MIA,SL,Slider,548,496,117,200,36,5,137,18,25.0,6.56934,0.23589,0.29044,0.40323,0.16734,0.30388,3.28467,2026-05-03,2026-08-31
MIA,ST,Sweeper,333,298,62,104,18,13,107,7,32.13213,5.40541,0.20805,0.28012,0.34899,0.14094,0.28117,2.1021,2026-05-03,2026-08-31
MIA,SV,Slurve,4,4,0,0,0,0,2,0,50.0,0.0,0.0,0.0,0.0,0.0,0.0,0.0,2026-05-03,2026-08-31
MIL,CH,Changeup,383,338,81,113,35,0,79,5,20.62663,9.13838,0.23964,0.30526,0.33432,0.09467,0.28289,1.30548,2026-05-03,2026-08-31
MIL,CU,Curveball,199,175,38,62,14,5,66,6,33.16583,7.03518,0.21714,0.28643,0.35429,0.13714,0.28452,3.01508,2026-05-03,2026-08-31
MIL,EP,Eephus,25,21,11,16,2,0,0,1,0.0,8.0,0.52381,0.52,0.7619,0.2381,0.5256,4.0,2026-05-03,2026-08-31
MIL,FA,Fastball,9,6,4,6,2,0,0,0,0.0,22.22222,0.66667,0.66667,1.0,0.33333,0.63333,0.0,2026-05-03,2026-08-31
MIL,FC,Cutter,347,314,102,173,29,2,53,15,15.27378,8.35735,0.32484,0.38551,0.55096,0.22611,0.4062,4.32277,2026-05-03,2026-08-31
MIL,FF,4-Seam Fastball,1172,1000,277,441,155,7,263,32,22.44027,13.22526,0.277,0.37682,0.441,0.164,0.36275,2.73038,2026-05-03,2026-08-31
MIL,FS,Splitter,162,154,26,36,8,0,43,1,26.54321,4.93827,0.16883,0.20988,0.23377,0.06494,0.20062,0.61728,2026-05-03,2026-08-31
MIL,KC,Knuckle Curve,59,55,16,28,3,0,16,3,27.11864,5.08475,0.29091,0.32203,0.50909,0.21818,0.35729,5.08475,2026-05-03,2026-08-31
MIL,KN,Knuckleball,7,7,2,5,0,0,5,1,71.42857,0.0,0.28571,0.28571,0.71429,0.42857,0.42714,14.28571,2026-05-03,2026-08-31
MIL,SI,Sinker,791,679,189,281,86,12,112,15,14.15929,10.87231,0.27835,0.36514,0.41384,0.13549,0.34612,1.89633,2026-05-03,2026-08-31
MIL,SL,Slider,585,523,110,165,53,3,163,10,27.86325,9.05983,0.21033,0.28571,0.31549,0.10516,0.27229,1.7094,2026-05-03,2026-08-31
MIL,ST,Sweeper,342,322,77,144,14,1,92,15,26.90058,4.09357,0.23913,0.26979,0.4472,0.20807,0.30906,4.38596,2026-05-03,2026-08-31
MIL,SV,Slurve,5,3,0,0,2,0,2,0,40.0,40.0,0.0,0.4,0.0,0.0,0.276,0.0,2026-05-03,2026-08-31
MIN,CH,Changeup,466,434,97,137,24,3,100,6,21.45923,5.15021,0.2235,0.26609,0.31567,0.09217,0.25888,1.28755,2026-05-03,2026-08-31
MIN,CS,Slow Curve,2,2,0,0,0,0,1,0,50.0,0.0,0.0,0.0,0.0,0.0,0.0,0.0,2026-05-03,2026-08-31
MIN,CU,Curveball,259,231,50,81,18,8,78,6,30.11583,6.94981,0.21645,0.29457,0.35065,0.1342,0.29023,2.3166,2026-05-03,2026-08-31
MIN,EP,Eephus,9,7,3,5,1,0,0,0,0.0,11.11111,0.42857,0.44444,0.71429,0.28571,0.45778,0.0,2026-05-03,2026-08-31
MIN,FA,Fastball,9,5,1,4,3,1,0,1,0.0,33.33333,0.2,0.55556,0.8,0.6,0.54333,11.11111,2026-05-03,2026-08-31
MIN,FC,Cutter,279,243,72,133,25,3,39,12,13.97849,8.96057,0.2963,0.35971,0.54733,0.25103,0.38619,4.30108,2026-05-03,2026-08-31
MIN,FF,4-Seam Fastball,1225,1096,273,476,114,9,244,47,19.91837,9.30612,0.24909,0.32327,0.43431,0.18522,0.3334,3.83673,2026-05-03,2026-08-31
MIN,FS,Splitter,143,138,26,44,5,0,38,4,26.57343,3.4965,0.18841,0.21678,0.31884,0.13043,0.23573,2.7972,2026-05-03,2026-08-31
MIN,KC,Knuckle Curve,57,52,13,24,4,1,17,1,29.82456,7.01754,0.25,0.31579,0.46154,0.21154,0.33754,1.75439,2026-05-03,2026-08-31
MIN,SI,Sinker,680,603,180,271,55,14,65,17,9.55882,8.08824,0.29851,0.3678,0.44942,0.15091,0.36028,2.5,2026-05-03,2026-08-31
MIN,SL,Slider,464,420,101,179,34,6,116,17,25.0,7.32759,0.24048,0.30454,0.42619,0.18571,0.32067,3.66379,2026-05-03,2026-08-31
MIN,ST,Sweeper,304,277,60,106,17,8,100,11,32.89474,5.59211,0.21661,0.28053,0.38267,0.16606,0.29419,3.61842,2026-05-03,2026-08-31
MIN,SV,Slurve,4,4,1,1,0,0,0,0,0.0,0.0,0.25,0.25,0.25,0.0,0.2225,0.0,2026-05-03,2026-08-31
NYM,CH,Changeup,423,389,94,149,27,0,84,12,19.85816,6.38298,0.24165,0.2881,0.38303,0.14139,0.29422,2.83688,2026-05-03,2026-08-31
NYM,CU,Curveball,245,225,46,81,10,4,82,9,33.46939,4.08163,0.20444,0.2449,0.36,0.15556,0.26376,3.67347,2026-05-03,2026-08-31
NYM,EP,Eephus,6,6,4,6,0,0,0,0,0.0,0.0,0.66667,0.66667,1.0,0.33333,0.72,0.0,2026-05-03,2026-08-31
NYM,FA,Fastball,8,8,1,1,0,0,2,0,25.0,0.0,0.125,0.125,0.125,0.0,0.11125,0.0,2026-05-03,2026-08-31
NYM,FC,Cutter,292,255,73,134,28,6,39,17,13.35616,9.58904,0.28627,0.3677,0.52549,0.23922,0.38814,5.82192,2026-05-03,2026-08-31
NYM,FF,4-Seam Fastball,1093,954,229,413,120,9,268,46,24.51967,10.97896,0.24004,0.32935,0.43291,0.19287,0.33648,4.2086,2026-05-03,2026-08-31
NYM,FO,Forkball,1,1,0,0,0,0,0,0,0.0,0.0,0.0,0.0,0.0,0.0,0.0,0.0,2026-05-03,2026-08-31
NYM,FS,Splitter,149,141,26,37,7,1,42,2,28.18792,4.69799,0.1844,0.22819,0.26241,0.07801,0.22154,1.34228,2026-05-03,2026-08-31
NYM,KC,Knuckle Curve,67,61,13,20,5,1,24,2,35.8209,7.46269,0.21311,0.28358,0.32787,0.11475,0.27672,2.98507,2026-05-03,2026-08-31
NYM,SI,Sinker,778,683,182,285,83,8,116,26,14.91003,10.66838,0.26647,0.35226,0.41728,0.15081,0.34311,3.3419,2026-05-03,2026-08-31
NYM,SL,Slider,505,457,102,175,37,8,151,17,29.90099,7.32673,0.22319,0.29109,0.38293,0.15974,0.29895,3.36634,2026-05-03,2026-08-31
NYM,ST,Sweeper,352,334,69,119,15,1,103,10,29.26136,4.26136,0.20659,0.24148,0.35629,0.1497,0.26162,2.84091,2026-05-03,2026-08-31
NYM,SV,Slurve,20,19,4,7,1,0,3,0,15.0,5.0,0.21053,0.25,0.36842,0.15789,0.268,0.0,2026-05-03,2026-08-31
NYY,CH,Changeup,412,391,88,148,19,0,109,13,26.45631,4.61165,0.22506,0.25971,0.37852,0.15345,0.27932,3.15534,2026-05-03,2026-08-31
NYY,CU,Curveball,281,265,55,104,10,5,92,13,32.74021,3.55872,0.20755,0.24911,0.39245,0.18491,0.28085,4.62633,2026-05-03,2026-08-31
NYY,EP,Eephus,16,14,5,11,2,0,0,2,0.0,12.5,0.35714,0.4375,0.78571,0.42857,0.51562,12.5,2026-05-03,2026-08-31
NYY,FA,Fastball,1,1,0,0,0,0,0,0,0.0,0.0,0.0,0.0,0.0,0.0,0.0,0.0,2026-05-03,2026-08-31
NYY,FC,Cutter,276,240,65,108,30,3,49,10,17.75362,10.86957,0.27083,0.35766,0.45,0.17917,0.35675,3.62319,2026-05-03,2026-08-31
NYY,FF,4-Seam Fastball,1144,1001,229,406,127,4,282,40,24.65035,11.1014,0.22877,0.31607,0.40559,0.17682,0.31978,3.4965,2026-05-03,2026-08-31
NYY,FO,Forkball,1,1,0,0,0,0,0,0,0.0,0.0,0.0,0.0,0.0,0.0,0.0,0.0,2026-05-03,2026-08-31
NYY,FS,Splitter,158,148,21,38,7,0,46,4,29.11392,4.43038,0.14189,0.17834,0.25676,0.11486,0.19274,2.53165,2026-05-03,2026-08-31
NYY,KC,Knuckle Curve,51,46,5,12,5,0,23,2,45.09804,9.80392,0.1087,0.19608,0.26087,0.15217,0.2098,3.92157,2026-05-03,2026-08-31
NYY,SI,Sinker,712,620,170,284,76,9,109,30,15.30899,10.67416,0.27419,0.35865,0.45806,0.18387,0.35904,4.21348,2026-05-03,2026-08-31
NYY,SL,Slider,512,461,113,187,43,1,153,15,29.88281,8.39844,0.24512,0.30784,0.40564,0.16052,0.31386,2.92969,2026-05-03,2026-08-31
NYY,ST,Sweeper,280,259,48,81,15,4,98,7,35.0,5.35714,0.18533,0.23929,0.31274,0.12741,0.24625,2.5,2026-05-03,2026-08-31
NYY,SV,Slurve,21,20,3,3,1,0,6,0,28.57143,4.7619,0.15,0.19048,0.15,0.0,0.16,0.0,2026-05-03,2026-08-31
PHI,CH,Changeup,370,345,81,140,20,4,93,15,25.13514,5.40541,0.23478,0.28378,0.4058,0.17101,0.30335,4.05405,2026-05-03,2026-08-31
PHI,CU,Curveball,267,250,60,88,11,3,68,4,25.46816,4.11985,0.24,0.27715,0.352,0.112,0.2773,1.49813,2026-05-03,2026-08-31
PHI,EP,Eephus,2,2,0,0,0,0,0,0,0.0,0.0,0.0,0.0,0.0,0.0,0.0,0.0,2026-05-03,2026-08-31
PHI,FA,Fastball,1,1,0,0,0,0,0,0,0.0,0.0,0.0,0.0,0.0,0.0,0.0,0.0,2026-05-03,2026-08-31
PHI,FC,Cutter,275,249,61,102,21,4,51,10,18.54545,7.63636,0.24498,0.31273,0.40964,0.16466,0.31978,3.63636,2026-05-03,2026-08-31
PHI,FF,4-Seam Fastball,1130,970,271,457,134,11,254,46,22.47788,11.85841,0.27938,0.36978,0.47113,0.19175,0.3692,4.0708,2026-05-03,2026-08-31
PHI,FO,Forkball,9,7,1,1,2,0,4,0,44.44444,22.22222,0.14286,0.33333,0.14286,0.0,0.25222,0.0,2026-05-03,2026-08-31
PHI,FS,Splitter,150,142,31,52,5,1,42,5,28.0,3.33333,0.21831,0.24667,0.3662,0.14789,0.26727,3.33333,2026-05-03,2026-08-31
PHI,KC,Knuckle Curve,56,51,15,25,4,1,18,3,32.14286,7.14286,0.29412,0.35714,0.4902,0.19608,0.37214,5.35714,2026-05-03,2026-08-31
PHI,KN,Knuckleball,2,2,0,0,0,0,0,0,0.0,0.0,0.0,0.0,0.0,0.0,0.0,0.0,2026-05-03,2026-08-31
PHI,SI,Sinker,706,615,159,247,72,9,89,18,12.60623,10.1983,0.25854,0.34188,0.40163,0.14309,0.33037,2.54958,2026-05-03,2026-08-31
PHI,SL,Slider,555,513,121,207,32,1,137,17,24.68468,5.76577,0.23587,0.27848,0.40351,0.16764,0.29634,3.06306,2026-05-03,2026-08-31
PHI,ST,Sweeper,347,319,60,108,18,2,108,11,31.12392,5.18732,0.18809,0.23121,0.33856,0.15047,0.24908,3.17003,2026-05-03,2026-08-31
PHI,SV,Slurve,30,29,6,7,0,1,9,0,30.0,0.0,0.2069,0.23333,0.24138,0.03448,0.21467,0.0,2026-05-03,2026-08-31
PIT,CH,Changeup,493,460,95,141,27,1,122,11,24.74645,5.47667,0.20652,0.24949,0.30652,0.1,0.24777,2.23124,2026-05-03,2026-08-31
PIT,CU,Curveball,229,212,56,92,14,2,65,8,28.38428,6.11354,0.26415,0.31441,0.43396,0.16981,0.3283,3.49345,2026-05-03,2026-08-31
PIT,EP,Eephus,14,14,7,12,0,0,0,1,0.0,0.0,0.5,0.5,0.85714,0.35714,0.58571,7.14286,2026-05-03,2026-08-31
PIT,FA,Fastball,18,17,10,16,1,0,0,2,0.0,5.55556,0.58824,0.61111,0.94118,0.35294,0.66722,11.11111,2026-05-03,2026-08-31
PIT,FC,Cutter,309,285,69,121,21,2,60,13,19.41748,6.79612,0.24211,0.2987,0.42456,0.18246,0.31812,4.20712,2026-05-03,2026-08-31
PIT,FF,4-Seam Fastball,1187,1037,276,475,128,10,303,46,25.52654,10.78349,0.26615,0.35085,0.45805,0.1919,0.35583,3.87532,2026-05-03,2026-08-31
PIT,FS,Splitter,115,108,19,26,6,1,39,2,33.91304,5.21739,0.17593,0.22609,0.24074,0.06481,0.21365,1.73913,2026-05-03,2026-08-31
PIT,KC,Knuckle Curve,64,59,15,22,4,1,20,2,31.25,6.25,0.25424,0.3125,0.37288,0.11864,0.30672,3.125,2026-05-03,2026-08-31
PIT,SI,Sinker,674,574,173,229,74,22,103,6,15.2819,10.97923,0.30139,0.39911,0.39895,0.09756,0.35976,0.89021,2026-05-03,2026-08-31
PIT,SL,Slider,521,466,109,205,41,8,169,25,32.43762,7.86948,0.23391,0.30385,0.43991,0.20601,0.3255,4.79846,2026-05-03,2026-08-31
PIT,ST,Sweeper,350,314,62,101,27,7,106,8,30.28571,7.71429,0.19745,0.27429,0.32166,0.1242,0.26914,2.28571,2026-05-03,2026-08-31
PIT,SV,Slurve,22,20,4,6,2,0,10,0,45.45455,9.09091,0.2,0.27273,0.3,0.1,0.25909,0.0,2026-05-03,2026-08-31
SDP,CH,Changeup,416,391,81,131,20,3,104,11,25.0,4.80769,0.20716,0.2506,0.33504,0.12788,0.25973,2.64423,2026-05-03,2026-08-31
SDP,CU,Curveball,195,179,41,64,13,2,55,5,28.20513,6.66667,0.22905,0.28718,0.35754,0.12849,0.28505,2.5641,2026-05-03,2026-08-31
SDP,EP,Eephus,15,13,6,13,1,1,0,2,0.0,6.66667,0.46154,0.53333,1.0,0.53846,0.63667,13.33333,2026-05-03,2026-08-31
SDP,FA,Fastball,2,2,1,1,0,0,0,0,0.0,0.0,0.5,0.5,0.5,0.0,0.445,0.0,2026-05-03,2026-08-31
SDP,FC,Cutter,334,284,71,110,44,0,47,7,14.07186,13.17365,0.25,0.34743,0.38732,0.13732,0.32879,2.09581,2026-05-03,2026-08-31
SDP,FF,4-Seam Fastball,1184,1010,255,425,142,9,244,38,20.60811,11.99324,0.25248,0.34612,0.42079,0.16832,0.33917,3.20946,2026-05-03,2026-08-31
SDP,FS,Splitter,132,123,23,35,9,0,43,3,32.57576,6.81818,0.18699,0.24242,0.28455,0.09756,0.23826,2.27273,2026-05-03,2026-08-31
SDP,KC,Knuckle Curve,60,59,13,18,0,1,18,1,30.0,0.0,0.22034,0.23333,0.30508,0.08475,0.23767,1.66667,2026-05-03,2026-08-31
SDP,SI,Sinker,759,664,178,250,75,11,106,16,13.96574,9.88142,0.26807,0.34967,0.37651,0.10843,0.32654,2.10804,2026-05-03,2026-08-31
SDP,SL,Slider,499,455,99,182,35,6,131,21,26.25251,7.01403,0.21758,0.28056,0.4,0.18242,0.299,4.20842,2026-05-03,2026-08-31
SDP,ST,Sweeper,322,291,63,123,20,9,101,17,31.36646,6.21118,0.21649,0.28571,0.42268,0.20619,0.31044,5.2795,2026-05-03,2026-08-31
SDP,SV,Slurve,22,22,5,6,0,0,6,0,27.27273,0.0,0.22727,0.22727,0.27273,0.04545,0.21955,0.0,2026-05-03,2026-08-31
SEA,CH,Changeup,470,430,87,151,32,5,109,16,23.19149,6.80851,0.20233,0.26383,0.35116,0.14884,0.27351,3.40426,2026-05-03,2026-08-31
SEA,CU,Curveball,203,183,39,71,14,5,68,7,33.49754,6.89655,0.21311,0.28571,0.38798,0.17486,0.29847,3.44828,2026-05-03,2026-08-31
SEA,EP,Eephus,6,6,0,0,0,0,0,0,0.0,0.0,0.0,0.0,0.0,0.0,0.0,0.0,2026-05-03,2026-08-31
SEA,FA,Fastball,5,5,2,2,0,0,0,0,0.0,0.0,0.4,0.4,0.4,0.0,0.356,0.0,2026-05-03,2026-08-31
SEA,FC,Cutter,324,293,74,116,24,4,48,11,14.81481,7.40741,0.25256,0.31579,0.3959,0.14334,0.31579,3.39506,2026-05-03,2026-08-31
SEA,FF,4-Seam Fastball,1134,978,227,386,127,18,268,41,23.63316,11.19929,0.23211,0.3295,0.39468,0.16258,0.32407,3.61552,2026-05-03,2026-08-31
SEA,FS,Splitter,129,116,23,39,10,2,31,4,24.03101,7.75194,0.19828,0.27132,0.33621,0.13793,0.2724,3.10078,2026-05-03,2026-08-31
SEA,KC,Knuckle Curve,61,54,7,11,7,0,26,1,42.62295,11.47541,0.12963,0.22951,0.2037,0.07407,0.20738,1.63934,2026-05-03,2026-08-31
SEA,SI,Sinker,714,627,155,213,63,20,97,11,13.58543,8.82353,0.24721,0.33474,0.33971,0.0925,0.30741,1.54062,2026-05-03,2026-08-31
SEA,SL,Slider,485,455,95,167,23,3,146,17,30.10309,4.74227,0.20879,0.25,0.36703,0.15824,0.27074,3.50515,2026-05-03,2026-08-31
SEA,ST,Sweeper,295,264,57,102,22,4,93,11,31.52542,7.45763,0.21591,0.28231,0.38636,0.17045,0.29466,3.72881,2026-05-03,2026-08-31
SEA,SV,Slurve,20,19,6,13,0,1,8,2,40.0,0.0,0.31579,0.35,0.68421,0.36842,0.443,10.0,2026-05-03,2026-08-31
SFG,CH,Changeup,423,392,88,138,23,3,97,8,22.93144,5.43735,0.22449,0.27014,0.35204,0.12755,0.27361,1.89125,2026-05-03,2026-08-31
SFG,CS,Slow Curve,1,1,0,0,0,0,1,0,100.0,0.0,0.0,0.0,0.0,0.0,0.0,0.0,2026-05-03,2026-08-31
SFG,CU,Curveball,204,184,44,79,14,2,49,9,24.01961,6.86275,0.23913,0.29703,0.42935,0.19022,0.31777,4.41176,2026-05-03,2026-08-31
SFG,EP,Eephus,8,8,4,4,0,0,0,0,0.0,0.0,0.5,0.5,0.5,0.0,0.445,0.0,2026-05-03,2026-08-31
SFG,FA,Fastball,17,16,5,16,1,0,1,3,5.88235,5.88235,0.3125,0.35294,1.0,0.6875,0.56059,17.64706,2026-05-03,2026-08-31
SFG,FC,Cutter,315,279,75,137,29,1,39,14,12.38095,9.20635,0.26882,0.33546,0.49104,0.22222,0.3577,4.44444,2026-05-03,2026-08-31
SFG,FF,4-Seam Fastball,1279,1122,283,510,130,10,289,49,22.59578,10.16419,0.25223,0.33281,0.45455,0.20232,0.34424,3.83112,2026-05-03,2026-08-31
SFG,FO,Forkball,6,5,1,2,0,1,1,0,16.66667,0.0,0.2,0.33333,0.4,0.2,0.33167,0.0,2026-05-03,2026-08-31
SFG,FS,Splitter,86,80,23,40,6,0,26,4,30.23256,6.97674,0.2875,0.33721,0.5,0.2125,0.36071,4.65116,2026-05-03,2026-08-31
SFG,KC,Knuckle Curve,63,62,4,10,1,0,20,2,31.74603,1.5873,0.06452,0.07937,0.16129,0.09677,0.10587,3.1746,2026-05-03,2026-08-31
SFG,KN,Knuckleball,8,6,1,4,2,0,4,1,50.0,25.0,0.16667,0.375,0.66667,0.5,0.435,12.5,2026-05-03,2026-08-31
SFG,SI,Sinker,725,644,184,265,50,15,73,20,10.06897,6.89655,0.28571,0.3468,0.41149,0.12578,0.33599,2.75862,2026-05-03,2026-08-31
SFG,SL,Slider,549,511,111,176,29,4,156,14,28.4153,5.28233,0.21722,0.26374,0.34442,0.1272,0.26978,2.55009,2026-05-03,2026-08-31
SFG,ST,Sweeper,300,276,69,136,14,6,82,15,27.33333,4.66667,0.25,0.29866,0.49275,0.24275,0.34027,5.0,2026-05-03,2026-08-31
SFG,SV,Slurve,12,12,2,4,0,0,5,0,41.66667,0.0,0.16667,0.16667,0.33333,0.16667,0.20917,0.0,2026-05-03,2026-08-31
STL,CH,Changeup,473,437,93,153,30,3,110,11,23.25581,6.34249,0.21281,0.26638,0.35011,0.1373,0.27208,2.32558,2026-05-03,2026-08-31
STL,CS,Slow Curve,1,1,1,2,0,0,0,0,0.0,0.0,1.0,1.0,2.0,1.0,1.27,0.0,2026-05-03,2026-08-31
STL,CU,Curveball,290,262,61,100,17,7,71,9,24.48276,5.86207,0.23282,0.29514,0.38168,0.14885,0.30017,3.10345,2026-05-03,2026-08-31
STL,FA,Fastball,4,4,1,1,0,0,0,0,0.0,0.0,0.25,0.25,0.25,0.0,0.2225,0.0,2026-05-03,2026-08-31
STL,FC,Cutter,269,249,66,108,15,1,39,9,14.49814,5.57621,0.26506,0.30597,0.43373,0.16867,0.3209,3.34572,2026-05-03,2026-08-31
STL,FF,4-Seam Fastball,1131,1000,236,388,108,12,255,34,22.54642,9.54907,0.236,0.3156,0.388,0.152,0.3128,3.00619,2026-05-03,2026-08-31
STL,FS,Splitter,110,100,23,35,7,1,28,3,25.45455,6.36364,0.23,0.2844,0.35,0.12,0.2787,2.72727,2026-05-03,2026-08-31
STL,KC,Knuckle Curve,39,36,10,15,2,1,12,1,30.76923,5.12821,0.27778,0.33333,0.41667,0.13889,0.33256,2.5641,2026-05-03,2026-08-31
STL,SI,Sinker,753,649,175,236,82,15,79,13,10.49137,10.88977,0.26965,0.36267,0.36364,0.09399,0.32959,1.72643,2026-05-03,2026-08-31
STL,SL,Slider,521,476,116,171,31,7,116,10,22.26488,5.9501,0.2437,0.29615,0.35924,0.11555,0.29079,1.91939,2026-05-03,2026-08-31
STL,ST,Sweeper,317,281,61,99,21,11,82,9,25.86751,6.62461,0.21708,0.29524,0.35231,0.13523,0.29133,2.83912,2026-05-03,2026-08-31
STL,SV,Slurve,34,32,4,5,2,0,8,0,23.52941,5.88235,0.125,0.17647,0.15625,0.03125,0.15647,0.0,2026-05-03,2026-08-31
TBR,CH,Changeup,379,353,99,146,18,1,63,9,16.62269,4.74934,0.28045,0.31383,0.4136,0.13314,0.31822,2.37467,2026-05-03,2026-08-31
TBR,CS,Slow Curve,1,1,0,0,0,0,0,0,0.0,0.0,0.0,0.0,0.0,0.0,0.0,0.0,2026-05-03,2026-08-31
TBR,CU,Curveball,229,206,38,53,10,7,64,3,27.9476,4.36681,0.18447,0.24444,0.25728,0.07282,0.22964,1.31004,2026-05-03,2026-08-31
TBR,EP,Eephus,14,14,8,11,0,0,0,1,0.0,0.0,0.57143,0.57143,0.78571,0.21429,0.595,7.14286,2026-05-03,2026-08-31
TBR,FA,Fastball,2,2,1,1,0,0,0,0,0.0,0.0,0.5,0.5,0.5,0.0,0.445,0.0,2026-05-03,2026-08-31
TBR,FC,Cutter,315,279,90,126,29,2,33,7,10.47619,9.20635,0.32258,0.38782,0.45161,0.12903,0.36977,2.22222,2026-05-03,2026-08-31
TBR,FF,4-Seam Fastball,1300,1130,282,443,140,6,254,35,19.53846,10.76923,0.24956,0.33178,0.39204,0.14248,0.32145,2.69231,2026-05-03,2026-08-31
TBR,FO,Forkball,2,2,0,0,0,0,1,0,50.0,0.0,0.0,0.0,0.0,0.0,0.0,0.0,2026-05-03,2026-08-31
TBR,FS,Splitter,126,119,33,44,5,1,31,2,24.60317,3.96825,0.27731,0.312,0.36975,0.09244,0.30288,1.5873,2026-05-03,2026-08-31
TBR,KC,Knuckle Curve,89,84,23,31,3,2,27,1,30.33708,3.37079,0.27381,0.31461,0.36905,0.09524,0.30438,1.1236,2026-05-03,2026-08-31
TBR,KN,Knuckleball,2,1,1,1,0,0,0,0,0.0,0.0,1.0,0.5,1.0,0.0,0.445,0.0,2026-05-03,2026-08-31
TBR,SI,Sinker,775,688,201,290,69,9,92,17,11.87097,8.90323,0.29215,0.36328,0.42151,0.12936,0.34834,2.19355,2026-05-03,2026-08-31
TBR,SL,Slider,509,465,106,198,36,3,107,23,21.02161,7.07269,0.22796,0.286,0.42581,0.19785,0.31053,4.51866,2026-05-03,2026-08-31
TBR,ST,Sweeper,180,168,41,94,7,3,49,15,27.22222,3.88889,0.24405,0.28492,0.55952,0.31548,0.35944,8.33333,2026-05-03,2026-08-31
TBR,SV,Slurve,3,3,1,1,0,0,0,0,0.0,0.0,0.33333,0.33333,0.33333,0.0,0.29667,0.0,2026-05-03,2026-08-31
TEX,CH,Changeup,505,470,110,177,29,3,123,13,24.35644,5.74257,0.23404,0.28119,0.3766,0.14255,0.28986,2.57426,2026-05-03,2026-08-31
TEX,CS,Slow Curve,3,3,1,1,0,0,1,0,33.33333,0.0,0.33333,0.33333,0.33333,0.0,0.29667,0.0,2026-05-03,2026-08-31
TEX,CU,Curveball,200,177,36,60,16,5,49,5,24.5,8.0,0.20339,0.28788,0.33898,0.13559,0.28359,2.5,2026-05-03,2026-08-31
TEX,EP,Eephus,6,5,1,1,1,0,0,0,0.0,16.66667,0.2,0.33333,0.2,0.0,0.26333,0.0,2026-05-03,2026-08-31
TEX,FA,Fastball,4,4,2,2,0,0,0,0,0.0,0.0,0.5,0.5,0.5,0.0,0.445,0.0,2026-05-03,2026-08-31
TEX,FC,Cutter,315,281,70,134,27,5,39,17,12.38095,8.57143,0.24911,0.32381,0.47687,0.22776,0.34933,5.39683,2026-05-03,2026-08-31
TEX,FF,4-Seam Fastball,1176,1010,225,414,136,16,277,42,23.55442,11.56463,0.22277,0.32361,0.4099,0.18713,0.32598,3.57143,2026-05-03,2026-08-31
TEX,FS,Splitter,90,86,22,38,4,0,23,4,25.55556,4.44444,0.25581,0.28889,0.44186,0.18605,0.31889,4.44444,2026-05-03,2026-08-31
TEX,KC,Knuckle Curve,66,60,13,19,5,1,24,1,36.36364,7.57576,0.21667,0.28788,0.31667,0.1,0.27364,1.51515,2026-05-03,2026-08-31
TEX,SI,Sinker,623,552,169,234,53,12,75,13,12.03852,8.50722,0.30616,0.37803,0.42391,0.11775,0.3573,2.08668,2026-05-03,2026-08-31
TEX,SL,Slider,572,515,125,205,42,8,160,20,27.97203,7.34266,0.24272,0.3081,0.39806,0.15534,0.31285,3.4965,2026-05-03,2026-08-31
TEX,ST,Sweeper,331,306,74,118,15,3,91,9,27.49245,4.53172,0.24183,0.27964,0.38562,0.14379,0.29085,2.71903,2026-05-03,2026-08-31
TEX,SV,Slurve,23,23,3,3,0,0,8,0,34.78261,0.0,0.13043,0.13043,0.13043,0.0,0.11609,0.0,2026-05-03,2026-08-31
TOR,CH,Changeup,443,417,100,156,17,3,97,13,21.89616,3.83747,0.23981,0.27211,0.3741,0.13429,0.28363,2.93454,2026-05-03,2026-08-31
TOR,CS,Slow Curve,2,2,0,0,0,0,2,0,100.0,0.0,0.0,0.0,0.0,0.0,0.0,0.0,2026-05-03,2026-08-31
TOR,CU,Curveball,194,182,37,57,8,3,50,4,25.7732,4.12371,0.2033,0.24742,0.31319,0.10989,0.24995,2.06186,2026-05-03,2026-08-31
TOR,EP,Eephus,6,5,4,8,1,0,0,1,0.0,16.66667,0.8,0.83333,1.6,0.8,0.97333,16.66667,2026-05-03,2026-08-31
TOR,FA,Fastball,2,2,1,1,0,0,0,0,0.0,0.0,0.5,0.5,0.5,0.0,0.445,0.0,2026-05-03,2026-08-31
TOR,FC,Cutter,326,294,63,97,26,2,43,7,13.19018,7.97546,0.21429,0.28,0.32993,0.11565,0.27342,2.14724,2026-05-03,2026-08-31
TOR,FF,4-Seam Fastball,1061,929,234,381,106,6,203,29,19.13289,9.99057,0.25188,0.32921,0.41012,0.15823,0.32682,2.73327,2026-05-03,2026-08-31
TOR,FS,Splitter,126,121,33,42,4,0,31,1,24.60317,3.1746,0.27273,0.296,0.34711,0.07438,0.28496,0.79365,2026-05-03,2026-08-31
TOR,KC,Knuckle Curve,68,66,17,32,2,0,21,3,30.88235,2.94118,0.25758,0.27941,0.48485,0.22727,0.32971,4.41176,2026-05-03,2026-08-31
TOR,KN,Knuckleball,6,6,1,1,0,0,2,0,33.33333,0.0,0.16667,0.16667,0.16667,0.0,0.14833,0.0,2026-05-03,2026-08-31
TOR,SI,Sinker,845,752,209,293,69,11,103,15,12.18935,8.16568,0.27793,0.34364,0.38963,0.1117,0.32637,1.77515,2026-05-03,2026-08-31
TOR,SL,Slider,504,466,103,172,27,8,127,16,25.19841,5.35714,0.22103,0.27435,0.3691,0.14807,0.28503,3.1746,2026-05-03,2026-08-31
TOR,ST,Sweeper,312,286,61,96,15,6,91,9,29.16667,4.80769,0.21329,0.26282,0.33566,0.12238,0.26558,2.88462,2026-05-03,2026-08-31
TOR,SV,Slurve,5,4,1,4,1,0,2,1,40.0,20.0,0.25,0.4,1.0,0.75,0.558,20.0,2026-05-03,2026-08-31
WSN,CH,Changeup,533,497,112,176,27,3,118,13,22.13884,5.06567,0.22535,0.26742,0.35412,0.12877,0.27349,2.43902,2026-05-03,2026-08-31
WSN,CU,Curveball,242,223,53,98,10,7,74,9,30.57851,4.13223,0.23767,0.28926,0.43946,0.20179,0.31727,3.71901,2026-05-03,2026-08-31
WSN,EP,Eephus,6,6,3,3,0,0,0,0,0.0,0.0,0.5,0.5,0.5,0.0,0.445,0.0,2026-05-03,2026-08-31
WSN,FA,Fastball,16,13,6,10,3,0,0,1,0.0,18.75,0.46154,0.5625,0.76923,0.30769,0.5625,6.25,2026-05-03,2026-08-31
WSN,FC,Cutter,341,297,87,157,36,4,43,18,12.60997,10.55718,0.29293,0.37353,0.52862,0.23569,0.39094,5.27859,2026-05-03,2026-08-31
WSN,FF,4-Seam Fastball,1119,959,258,467,139,8,204,45,18.23056,12.42181,0.26903,0.36355,0.48697,0.21794,0.37129,4.02145,2026-05-03,2026-08-31
WSN,FO,Forkball,3,3,0,0,0,0,3,0,100.0,0.0,0.0,0.0,0.0,0.0,0.0,0.0,2026-05-03,2026-08-31
WSN,FS,Splitter,141,132,33,47,4,4,45,2,31.91489,2.83688,0.25,0.29078,0.35606,0.10606,0.28702,1.41844,2026-05-03,2026-08-31
WSN,KC,Knuckle Curve,49,45,8,19,4,0,20,3,40.81633,8.16327,0.17778,0.2449,0.42222,0.24444,0.29061,6.12245,2026-05-03,2026-08-31
WSN,SI,Sinker,689,601,150,245,72,8,82,20,11.90131,10.44993,0.24958,0.33528,0.40765,0.15807,0.32996,2.90276,2026-05-03,2026-08-31
WSN,SL,Slider,554,503,119,228,43,6,169,25,30.50542,7.76173,0.23658,0.30435,0.45328,0.2167,0.33138,4.51264,2026-05-03,2026-08-31
WSN,ST,Sweeper,335,305,72,140,19,7,98,17,29.25373,5.67164,0.23607,0.29341,0.45902,0.22295,0.32595,5.07463,2026-05-03,2026-08-31
WSN,SV,Slurve,23,21,6,17,2,0,6,2,26.08696,8.69565,0.28571,0.34783,0.80952,0.52381,0.4787,8.69565,2026-05-03,2026-08-31
LGE,CH,Changeup,13858,12874,2904,4544,764,61,3238,333,23.36557,5.51306,0.22557,0.26985,0.35296,0.12739,0.27455,2.40294,2026-05-03,2026-08-31
LGE,CS,Slow Curve,24,22,4,6,0,1,12,0,50.0,0.0,0.18182,0.20833,0.27273,0.09091,0.21,0.0,2026-05-03,2026-08-31
LGE,CU,Curveball,6720,6092,1321,2193,416,144,2040,186,30.35714,6.19048,0.21684,0.28066,0.35998,0.14314,0.2848,2.76786,2026-05-03,2026-08-31
LGE,EP,Eephus,322,286,125,202,24,7,0,19,0.0,7.45342,0.43706,0.48447,0.70629,0.26923,0.50758,5.90062,2026-05-03,2026-08-31
LGE,FA,Fastball,209,184,74,135,20,2,9,16,4.30622,9.56938,0.40217,0.45933,0.7337,0.33152,0.50431,7.6555,2026-05-03,2026-08-31
LGE,FC,Cutter,9089,8058,2171,3733,812,98,1318,364,14.50105,8.93388,0.26942,0.34093,0.46327,0.19384,0.35183,4.00484,2026-05-03,2026-08-31
LGE,FF,4-Seam Fastball,35516,30763,7567,13097,4036,303,7942,1240,22.36175,11.36389,0.24598,0.33688,0.42574,0.17976,0.33717,3.49138,2026-05-03,2026-08-31
LGE,FO,Forkball,53,43,5,6,7,2,26,0,49.0566,13.20755,0.11628,0.26415,0.13953,0.02326,0.20943,0.0,2026-05-03,2026-08-31
LGE,FS,Splitter,3944,3693,790,1268,199,26,1117,103,28.3215,5.04564,0.21392,0.25781,0.34335,0.12943,0.26564,2.61156,2026-05-03,2026-08-31
LGE,KC,Knuckle Curve,1763,1638,386,620,88,22,573,49,32.50142,4.99149,0.23565,0.28182,0.37851,0.14286,0.29105,2.77935,2026-05-03,2026-08-31
LGE,KN,Knuckleball,50,46,18,33,2,1,12,4,24.0,4.0,0.3913,0.42,0.71739,0.32609,0.482,8.0,2026-05-03,2026-08-31
LGE,SI,Sinker,21478,18790,5281,7754,2089,353,2673,502,12.44529,9.72623,0.28105,0.36153,0.41267,0.13161,0.34471,2.33728,2026-05-03,2026-08-31
LGE,SL,Slider,15587,14218,3188,5521,1033,164,4279,529,27.45236,6.62732,0.22422,0.28237,0.38831,0.16409,0.29533,3.39385,2026-05-03,2026-08-31
LGE,ST,Sweeper,9228,8426,1822,3202,521,177,2763,316,29.94148,5.64586,0.21624,0.27385,0.38001,0.16378,0.28821,3.42436,2026-05-03,2026-08-31
LGE,SV,Slurve,501,456,90,144,34,9,155,9,30.93812,6.78643,0.19737,0.26547,0.31579,0.11842,0.26168,1.79641,2026-05-03,2026-08-31
