abq,obr,oor,osi,rcv,pals,team,abq_l7,obr_l7,osi_l7,pp_gap,rcv_l7,abq_l14,abq_l30,abq_ytd,obr_l14,obr_l30,obr_ytd,osi_l14,osi_l30,osi_ytd,rcv_l14,rcv_l30,rcv_ytd,away_abq,away_obr,away_osi,away_rcv,away_slg,away_wrc,home_abq,home_obr,home_osi,home_rcv,home_slg,home_wrc,proj_osi,team_era,top_3_sp,away_woba,home_woba,abq_vs_lhp,abq_vs_rhp,obr_vs_lhp,obr_vs_rhp,osi_vs_lhp,osi_vs_rhp,rcv_vs_lhp,rcv_vs_rhp,team_k_pct,bullpen_era,closer_name,platoon_gap,team_bb_pct,top_batters,primary_setup,avg_ip_per_start,window_direction,home_away_osi_gap,platoon_sensitive,avg_pitching_score,record_placeholder,bullpen_osi_allowed,bullpen_high_lev_era,bullpen_ir_scored_pct
59.21,24.15,40.18,37.24,36.5,32,ARI,58.5,24.7,37,-2,35.6,57.4,57.2,59.21,21.6,21,24.15,34.7,34.3,37.24,33.5,33,36.5,,,,,,,,,,,,,35.27,4.65,"[{""name"": ""Michael Soroka"", ""pitch_score"": 51.7}, {""name"": ""Ryne Nelson"", ""pitch_score"": 46.6}, {""name"": ""Brandon Pfaadt"", ""pitch_score"": 46.1}]",,,61.55,59.21,22.25,24.15,48.44,37.24,69.01,36.5,15.9,3.23,Brandyn Garcia,-11.2,8.1,,Jonathan Loáisiga;Kevin Ginkel;Ryan Thompson;Taylor Clarke;Juan Morillo,5.47,stable,,TRUE,47.3,--,52,3.29,21.2
43.39,34.88,41.71,47.14,63.84,24.3,ATH,43.6,36.1,47.5,-8,63.3,43.8,43.7,43.39,36.4,36.2,34.88,47.7,47.8,47.14,63.3,64,63.84,,,,,,,,,,,,,39.14,6.39,"[{""name"": ""Jack Perkins"", ""pitch_score"": 51.1}, {""name"": ""Gage Jump"", ""pitch_score"": 50.8}, {""name"": ""Luis Medina"", ""pitch_score"": 50.7}]",,,29.88,43.39,18.16,34.88,37.97,47.14,66.4,63.84,22.2,4.52,Mason Barnett,9.2,9.8,,José Suarez;Luis Medina,4.89,stable,,TRUE,19.8,--,45.9,4.35,37.2
49.08,42.1,48.87,51.64,64.36,65,ATL,49.2,43.1,52.4,-7.6,65.3,48.1,47.5,49.08,43.1,42.7,42.1,51.8,51.2,51.64,64.4,63.6,64.36,,,,,,,,,,,,,44.05,7.06,"[{""name"": ""Chris Sale"", ""pitch_score"": 55.0}, {""name"": ""Didier Fuentes"", ""pitch_score"": 53.7}, {""name"": ""Spencer Strider"", ""pitch_score"": 50.3}]",,,43.23,49.08,32.96,42.1,42.49,51.64,52.85,64.36,22.7,2.55,Raisel Iglesias,9.1,13.6,,Tyler Kinley;Danny Young;Dylan Lee;Dylan Dodd;Didier Fuentes,5.23,stable,,TRUE,60.5,--,48.1,2.87,22.4
43.84,63.49,63.51,58.13,62.23,69.5,BAL,44.3,74.1,64.1,-1.8,66.9,44,43.8,43.84,73.8,73.5,63.49,64.8,64.8,58.13,69.3,69.8,62.23,,,,,,,,,,,,,56.36,4.77,"[{""name"": ""Zach Eflin"", ""pitch_score"": 58.2}, {""name"": ""Dean Kremer"", ""pitch_score"": 49.8}, {""name"": ""Kyle Bradish"", ""pitch_score"": 48.8}]",,,38.1,43.84,56.69,63.49,55.16,58.13,65.6,62.23,25.3,3.18,Anthony Nunez,3,8.5,,Grant Wolfram;Yennier Cano,5.32,stable,,FALSE,50.3,--,48,3.48,25.2
38.54,30.87,33.44,28.74,19.3,35.1,BOS,38.5,30.6,28.4,2.9,18.6,39.3,40.1,38.54,30.1,30.1,30.87,28.1,28,28.74,17.8,17,19.3,,,,,,,,,,,,,31.6,8.09,"[{""name"": ""Ranger Suarez"", ""pitch_score"": 52.8}, {""name"": ""Payton Tolle"", ""pitch_score"": 52.3}, {""name"": ""Garrett Crochet"", ""pitch_score"": 51.8}]",,,46.73,38.54,43.83,30.87,49.65,28.74,58.4,19.3,22.1,2.63,Garrett Whitlock,-20.9,7.7,,Tyron Guerrero;Jovani Morán;Greg Weissert;Justin Slaten,5.27,stable,,TRUE,74.1,--,46.4,2.61,29.9
62.68,75.86,81.27,66.26,57.84,58.1,CHC,62.7,75.7,65.9,-4.2,56.9,63.7,63.9,62.68,75.6,75.4,75.86,65.6,65.4,66.26,55.7,55.1,57.84,,,,,,,,,,,,,62.07,4.43,"[{""name"": ""Riley Martin"", ""pitch_score"": 56.0}, {""name"": ""Ben Brown"", ""pitch_score"": 51.7}, {""name"": ""Shota Imanaga"", ""pitch_score"": 50.3}]",,,61.06,62.68,74.54,75.86,70.21,66.26,71.81,57.84,20.9,3.96,Trent Thornton,-4,5.7,,Tyler Ferguson;Ryan Rolison,5.16,stable,,FALSE,46.7,--,47,3.88,31
31.04,50.32,61.06,56.6,82.04,66.9,CHW,32.2,52,57.8,-3.6,82.8,33.3,33.4,31.04,53.5,54,50.32,58.5,58.5,56.6,82.2,81.5,82.04,,,,,,,,,,,,,53.05,5.13,"[{""name"": ""Grant Taylor"", ""pitch_score"": 57.0}, {""name"": ""Sean Burke"", ""pitch_score"": 52.5}, {""name"": ""Sean Newcomb"", ""pitch_score"": 50.1}]",,,27.04,31.04,46.61,50.32,53.61,56.6,80.58,82.04,23.2,3.25,Grant Taylor,3,8.2,,Jordan Hicks,4.51,stable,,FALSE,53.9,--,47.7,2.83,34.5
36.19,44.71,47.63,37.85,31.2,44.4,CIN,37.7,47.1,39.3,3.1,31.5,38.9,39.1,36.19,48.3,48.7,44.71,40.2,40.4,37.85,32,31.9,31.2,,,,,,,,,,,,,40.97,7.61,"[{""name"": ""Hunter Greene"", ""pitch_score"": 54.6}, {""name"": ""Chase Burns"", ""pitch_score"": 52.5}, {""name"": ""Brady Singer"", ""pitch_score"": 47.5}]",,,46.62,36.19,61.46,44.71,58.33,37.85,63.11,31.2,19.6,3.48,Emilio Pagán,-20.5,11.9,,Pierce Johnson;Sam Moll;Tejay Antone;Brock Burke,5.13,stable,,TRUE,27.7,--,48.2,3.69,23.2
45.23,19.41,29.12,33.91,42.41,42,CLE,45.4,20.3,34.5,-5.4,43.1,46,46.5,45.23,21.5,21.9,19.41,34.9,35.1,33.91,42.4,42.1,42.41,,,,,,,,,,,,,28.47,4.04,"[{""name"": ""Gavin Williams"", ""pitch_score"": 55.0}, {""name"": ""Logan Allen"", ""pitch_score"": 51.6}, {""name"": ""Parker Messick"", ""pitch_score"": 51.3}]",,,48.42,45.23,31.76,19.41,36.85,33.91,34.42,42.41,22.3,3.02,Cade Smith,-2.9,9.3,,Matt Festa;Colin Holderman;Franco Aleman;Erik Sabrowski;Tim Herrin;Hunter Gaddis,5.53,stable,,FALSE,67.9,--,48.8,3.11,22.8
33.62,21.35,0,21.68,13.55,19.1,COL,34.6,23,22.7,-8,13.8,35.1,35.2,33.62,24.6,25.2,21.35,23.5,23.6,21.68,13.9,13.5,13.55,,,,,,,,,,,,,13.68,9.38,"[{""name"": ""Gabriel Hughes"", ""pitch_score"": 51.7}, {""name"": ""Chase Dollander"", ""pitch_score"": 50.2}, {""name"": ""Tanner Gordon"", ""pitch_score"": 48.9}]",,,22.47,33.62,12.61,21.35,10.76,21.68,0.29,13.55,17.7,4.83,Zach Agnos,10.9,10.1,,Brennan Bernardino,4.63,stable,,TRUE,16.2,--,51.4,4.89,30.8
45.32,37.53,54.47,49.04,64.83,38.1,DET,44.5,37.7,48,-6,62.2,44.2,43.8,45.32,36.6,36.3,37.53,46.7,46.3,49.04,60.1,59.4,64.83,,,,,,,,,,,,,43.03,8.18,"[{""name"": ""Tarik Skubal"", ""pitch_score"": 56.7}, {""name"": ""Ty Madden"", ""pitch_score"": 52.9}, {""name"": ""Drew Anderson"", ""pitch_score"": 52.3}]",,,53.43,45.32,56.52,37.53,53.84,49.04,51.06,64.83,20.8,3.04,Kyle Finnegan,-4.8,6.5,,Tyler Holton;Brenan Hanifee;Drew Sommers,5.17,stable,,FALSE,71.7,--,45.2,3.36,19.6
41.26,34.66,40.24,44.63,58.44,33.4,HOU,42.2,35,44.9,-7.7,58,42,41.8,41.26,36,36.4,34.66,44.9,44.7,44.63,57,56.3,58.44,,,,,,,,,,,,,36.9,6.78,"[{""name"": ""Steven Okert"", ""pitch_score"": 53.2}, {""name"": ""Peter Lambert"", ""pitch_score"": 49.6}, {""name"": ""Tatsuya Imai"", ""pitch_score"": 49.2}]",,,38.27,41.26,28.18,34.66,39.08,44.63,52.11,58.44,21.6,3.33,Bryan King,5.6,12.9,,Steven Okert;Bennett Sousa;AJ Blubaugh,4.83,stable,,FALSE,34.6,--,45.5,3.15,24
58.91,38.62,46.44,48.27,51.7,71.6,KCR,59.1,38.6,48.5,-2.8,52.2,60.6,61,58.91,43.9,44.9,38.62,51.4,51.9,48.27,53.5,53.4,51.7,,,,,,,,,,,,,45.5,7.19,"[{""name"": ""Steven Cruz"", ""pitch_score"": 51.2}, {""name"": ""Cole Ragans"", ""pitch_score"": 49.9}, {""name"": ""Kris Bubic"", ""pitch_score"": 49.2}]",,,53.69,58.91,28.13,38.62,43.3,48.27,53.22,51.7,19.2,4.29,Steven Cruz,5,8.8,,Matt Strahm;Daniel Lynch IV;John Schreiber,5.28,stable,,FALSE,27.6,--,47.4,4.48,31
24.69,13.07,21.13,26.54,43.25,29,LAA,24.4,13.5,26.9,-7,44,24.6,24.6,24.69,14.2,14.6,13.07,27.9,28.4,26.54,45.9,46.8,43.25,,,,,,,,,,,,,19.51,6.95,"[{""name"": ""Reid Detmers"", ""pitch_score"": 53.2}, {""name"": ""Brent Suter"", ""pitch_score"": 49.8}, {""name"": ""Yusei Kikuchi"", ""pitch_score"": 49.4}]",,,27.52,24.69,20.95,13.07,34.83,26.54,55.91,43.25,18.9,3.84,Ryan Zeferjahn,-8.3,13.5,,Brent Suter;Sam Bachman;Samy Natera Jr.;José Fermin,4.78,stable,,TRUE,48.7,--,47.4,3.84,35.4
70.47,95.71,99.09,83.33,78.35,59,LAD,70.9,96,83.4,-4.4,78,71.5,71.6,70.47,96.1,96,95.71,83.8,83.9,83.33,78.4,78.9,78.35,,,,,,,,,,,,,78.89,4.69,"[{""name"": ""Tyler Glasnow"", ""pitch_score"": 55.5}, {""name"": ""Jack Dreyer"", ""pitch_score"": 53.5}, {""name"": ""Shohei Ohtani"", ""pitch_score"": 53.4}]",,,65.23,70.47,87.88,95.71,73.92,83.33,64.19,78.35,31.9,3.25,Will Klein,9.4,7,,Brock Stewart;Jack Dreyer;Edgardo Henriquez,5.55,stable,,TRUE,82.4,--,43.7,3.29,34
44.58,35.86,46,47.81,63.76,66.8,MIA,44.9,34.9,47.2,-8,62.9,45.9,45.9,44.58,35.6,35.8,35.86,46.7,46.1,47.81,59.9,58,63.76,,,,,,,,,,,,,39.81,8.16,"[{""name"": ""Pete Fairbanks"", ""pitch_score"": 52.7}, {""name"": ""Max Meyer"", ""pitch_score"": 51.5}, {""name"": ""Lake Bachar"", ""pitch_score"": 50.7}]",,,37.62,44.58,35.24,35.86,43.28,47.81,56.5,63.76,19.7,3.84,Pete Fairbanks,4.5,11.2,,Michael Petersen;John King;Calvin Faucher;Tyler Zuber;Cade Gibson,5.13,stable,,FALSE,65.3,--,47.7,4.07,19.6
72.59,75.58,76.12,67.67,55.11,67.6,MIL,70.1,70.9,65,-6,54.6,69.7,69.7,72.59,70.6,70.8,75.58,64.2,64,67.67,52.9,52.3,55.11,,,,,,,,,,,,,61.7,3.7,"[{""name"": ""Jacob Misiorowski"", ""pitch_score"": 61.3}, {""name"": ""Logan Henderson"", ""pitch_score"": 56.3}, {""name"": ""Kyle Harrison"", ""pitch_score"": 54.6}]",,,72.26,72.59,76.98,75.58,61.04,67.67,34.79,55.11,27.1,3.23,Chad Patrick,6.6,8.7,,Aaron Ashby;Grant Anderson,5.07,stable,,FALSE,91.7,--,47.3,3.14,38.6
38.23,29.69,44.19,45.23,68,39.7,MIN,38.3,29.4,45.4,-8,68.8,39,39,38.23,29.9,30.5,29.69,46,46.1,45.23,69.4,69.2,68,,,,,,,,,,,,,37.23,4.04,"[{""name"": ""Joe Ryan"", ""pitch_score"": 53.6}, {""name"": ""Taj Bradley"", ""pitch_score"": 51.7}, {""name"": ""Andrew Morris"", ""pitch_score"": 51.0}]",,,42.06,38.23,43.4,29.69,43.97,45.23,45.97,68,21.6,3.64,Andrew Morris,1.3,8.2,,Tommy Nance;Kody Funderburk,5.31,stable,,FALSE,51.6,--,45.7,3.47,34.9
37.86,37.51,43.71,42.16,50.55,47.9,NYM,38.5,38.1,42.2,1.9,49.7,39.2,39.2,37.86,37.1,37,37.51,41.5,41.2,42.16,48.2,47.3,50.55,,,,,,,,,,,,,44.06,6.05,"[{""name"": ""Nolan McLean"", ""pitch_score"": 53.1}, {""name"": ""Christian Scott"", ""pitch_score"": 52.3}, {""name"": ""Sean Manaea"", ""pitch_score"": 49.5}]",,,37.76,37.86,39.72,37.51,47.21,42.16,62.53,50.55,20.9,3.12,Devin Williams,-5.1,11.6,,Brooks Raley;Luke Weaver;Huascar Brazobán;Cionel Pérez,5.04,stable,,FALSE,64.4,--,48.6,2.79,28
37.49,66.6,66.27,60.72,70.59,81.1,NYY,37.3,66.5,60.8,-1.3,71.2,38.3,38.7,37.49,68.4,69.1,66.6,62.7,63.3,60.72,73.6,74.2,70.59,,,,,,,,,,,,,59.38,4.29,"[{""name"": ""Cam Schlittler"", ""pitch_score"": 55.7}, {""name"": ""Gerrit Cole"", ""pitch_score"": 52.6}, {""name"": ""Ryan Weathers"", ""pitch_score"": 52.4}]",,,32.04,37.49,56.78,66.6,55.8,60.72,71.65,70.59,20.9,2.7,David Bednar,4.9,8,,Tim Hill;Camilo Doval;Brent Headrick,5.41,stable,,FALSE,79.4,--,46.6,2.77,21.3
27.07,19.88,23.03,29.08,41.04,51.1,PHI,27.2,20.6,29.7,-2.9,41.9,27.9,28.1,27.07,21.7,22.1,19.88,30.5,30.7,29.08,42.5,42.3,41.04,,,,,,,,,,,,,26.16,6.1,"[{""name"": ""Zack Wheeler"", ""pitch_score"": 55.5}, {""name"": ""Tim Mayza"", ""pitch_score"": 51.8}, {""name"": ""Kyle Backhus"", ""pitch_score"": 49.8}]",,,31.05,27.07,29.01,19.88,34.29,29.08,42.64,41.04,22.1,3.95,Jhoan Duran,-5.2,9.6,,José Alvarado;Jonathan Bowlan;Orion Kerkering,4.8,stable,,FALSE,70.6,--,51,3.63,38.2
38.55,66.8,68.4,67,87.57,59.1,PIT,38.5,68.5,68.4,-8,89.5,40,40.4,38.55,70.2,70.4,66.8,69.3,69.1,67,89.2,88.2,87.57,,,,,,,,,,,,,59,3.61,"[{""name"": ""Mason Montgomery"", ""pitch_score"": 56.5}, {""name"": ""Paul Skenes"", ""pitch_score"": 55.4}, {""name"": ""Jared Jones"", ""pitch_score"": 53.6}]",,,28.43,38.55,52.82,66.8,50.82,67,64.53,87.57,25.8,3.54,Mason Montgomery,16.2,8.7,,Yohan Ramírez,5.11,stable,,TRUE,66.1,--,47.8,3.73,22.1
43.83,40.21,43.53,48.31,60.78,57.2,SDP,43.2,39.8,47.4,-3.3,59.2,43.4,43.2,43.83,40.4,40.2,40.21,46.5,46,48.31,55.6,54.5,60.78,,,,,,,,,,,,,45.06,4.04,"[{""name"": ""Nick Pivetta"", ""pitch_score"": 58.2}, {""name"": ""Bradgley Rodriguez"", ""pitch_score"": 50.8}, {""name"": ""Kyle Hart"", ""pitch_score"": 48.9}]",,,38.57,43.83,30.62,40.21,39.09,48.31,49.13,60.78,21.3,3.16,Mason Miller,9.2,8.9,,Wandy Peralta;Kyle Hart;Jeremiah Estrada;Adrian Morejon;Yuki Matsui;Bradgley Rodriguez,4.48,stable,,TRUE,51.2,--,47.8,2.68,32.2
41.35,40.76,45.8,47.22,58.79,20.7,SEA,41.2,40.1,46.7,-0.9,58.2,41.5,41.5,41.35,40.4,40.7,40.76,47.2,47.5,47.22,58.9,59.5,58.79,,,,,,,,,,,,,46.35,3.82,"[{""name"": ""Bryce Miller"", ""pitch_score"": 53.4}, {""name"": ""Logan Gilbert"", ""pitch_score"": 53.1}, {""name"": ""Bryan Woo"", ""pitch_score"": 51.7}]",,,39.99,41.35,44.79,40.76,43.73,47.22,45.18,58.79,23.7,3.45,José A. Ferrer,3.5,5.6,,Gabe Speier;Eduard Bazardo,5.71,stable,,FALSE,81.9,--,47.2,3.89,29.9
44.16,30.86,42.23,46.33,65.56,37.5,SFG,42.7,27.3,44.9,-3.3,66.5,42.3,42.4,44.16,25.7,25.6,30.86,44.7,44.7,46.33,68.1,68.2,65.56,,,,,,,,,,,,,43.04,4.53,"[{""name"": ""Landen Roupp"", ""pitch_score"": 49.9}, {""name"": ""Logan Webb"", ""pitch_score"": 48.5}, {""name"": ""Tyler Mahle"", ""pitch_score"": 48.0}]",,,37.47,44.16,29.72,30.86,39.75,46.33,52.86,65.56,19.7,2.97,Erik Miller,6.6,9.2,,Sam Hentges;JT Brubaker;Keaton Winn;Dylan Smith,5.41,stable,,FALSE,44.8,--,49.2,3.4,30.4
45.72,45.2,52.48,45.52,45.74,40.7,STL,45.3,45.1,45.7,3.5,46.7,45.5,45.7,45.72,46.7,47.2,45.2,47.4,48,45.52,49.5,50.7,45.74,,,,,,,,,,,,,48.99,3.51,"[{""name"": ""Dustin May"", ""pitch_score"": 50.6}, {""name"": ""Hunter Dobbins"", ""pitch_score"": 49.6}, {""name"": ""Matthew Liberatore"", ""pitch_score"": 48.4}]",,,55.39,45.72,58.66,45.2,55.48,45.52,51.92,45.74,20.7,4.19,Riley O'Brien,-10,6.7,,Ryne Stanek;Justin Bruihl;Gordon Graceffo,5.21,stable,,TRUE,52.9,--,50.2,4.64,38.3
78.12,28.51,43.89,49.31,52.51,36.1,TBR,79.2,30.4,50.4,-8,52.6,79.8,79.9,78.12,31.5,32,28.51,50.2,49.9,49.31,50.3,48.9,52.51,,,,,,,,,,,,,41.31,4.25,"[{""name"": ""Drew Rasmussen"", ""pitch_score"": 52.9}, {""name"": ""Ian Seymour"", ""pitch_score"": 52.2}, {""name"": ""Griffin Jax"", ""pitch_score"": 51.1}]",,,72.89,78.12,20.52,28.51,38.32,49.31,33.98,52.51,21.9,3.39,Ian Seymour,11,6.7,,Cam Booser;Casey Legumina,5.04,stable,,TRUE,75.3,--,45.8,3.23,26.7
38.6,32.17,39.64,40.14,50.34,33.2,TEX,39.3,34.3,41,-5.5,49.8,40.8,41.1,38.6,36.8,37.5,32.17,41.8,41.9,40.14,48.4,47.7,50.34,,,,,,,,,,,,,34.6,3.11,"[{""name"": ""Jacob deGrom"", ""pitch_score"": 54.6}, {""name"": ""Jacob Latz"", ""pitch_score"": 54.0}, {""name"": ""Nathan Eovaldi"", ""pitch_score"": 51.9}]",,,32.29,38.6,32.03,32.17,43.97,40.14,65.95,50.34,21.1,3.38,Jacob Latz,-3.8,5.6,,Cole Winn;Peyton Gray;Robby Ahlstrom,5.18,stable,,FALSE,63.9,--,45.5,3.12,33.7
58.11,8.84,25.11,31.51,38.41,50,TOR,57.9,8.8,31.6,-3.8,38.8,58.2,58.4,58.11,9.8,10.2,8.84,32.2,32.5,31.51,39.4,39.6,38.41,,,,,,,,,,,,,27.67,4.31,"[{""name"": ""Dylan Cease"", ""pitch_score"": 57.3}, {""name"": ""Cody Ponce"", ""pitch_score"": 54.0}, {""name"": ""Mason Fluharty"", ""pitch_score"": 51.6}]",,,57.81,58.11,24.3,8.84,34.17,31.51,28.58,38.41,21.9,3,Louis Varland,-2.7,9.9,,Adam Macko;Mason Fluharty;Spencer Miles,4.67,stable,,FALSE,66.8,--,48.2,2.6,25.2
47.79,67.29,87.59,69.42,87.3,65.6,WSN,48.3,65.6,68.6,-3.1,86.6,49.1,49.1,47.79,64.5,63.3,67.29,67.4,66.3,69.42,83.9,82.1,87.3,,,,,,,,,,,,,66.35,5.43,"[{""name"": ""Cade Cavalli"", ""pitch_score"": 52.1}, {""name"": ""Jake Irvin"", ""pitch_score"": 50.5}, {""name"": ""Foster Griffin"", ""pitch_score"": 50.4}]",,,44.47,47.79,76.01,67.29,75.23,69.42,96.31,87.3,17.4,3.53,Clayton Beeter,-5.8,9.3,,,4.46,stable,,FALSE,36.7,--,45.7,3.65,33.8
