team,away_ERA,away_FIP,away_HR9,home_ERA,home_FIP,home_HR9,away_WHIP,away_apps,home_WHIP,home_apps,away_K_pct,home_K_pct,vs_lhh_ERA,vs_lhh_FIP,vs_lhh_HR9,vs_rhh_ERA,vs_rhh_FIP,vs_rhh_HR9,appearances,away_BB_pct,home_BB_pct,overall_ERA,overall_FIP,overall_HR9,vs_lhh_WHIP,vs_lhh_apps,vs_rhh_WHIP,vs_rhh_apps,overall_WHIP,overall_apps,vs_lhh_K_pct,vs_rhh_K_pct,overall_K_pct,vs_lhh_BB_pct,vs_rhh_BB_pct,overall_BB_pct,vs_low_abq_ERA,vs_low_abq_FIP,vs_low_abq_HR9,vs_low_obr_ERA,vs_low_obr_FIP,vs_low_obr_HR9,vs_low_osi_ERA,vs_low_osi_FIP,vs_low_osi_HR9,vs_low_rcv_ERA,vs_low_rcv_FIP,vs_low_rcv_HR9,vs_mid_abq_ERA,vs_mid_abq_FIP,vs_mid_abq_HR9,vs_mid_obr_ERA,vs_mid_obr_FIP,vs_mid_obr_HR9,vs_mid_osi_ERA,vs_mid_osi_FIP,vs_mid_osi_HR9,vs_mid_rcv_ERA,vs_mid_rcv_FIP,vs_mid_rcv_HR9,away_ip_per_app,home_ip_per_app,vs_high_abq_ERA,vs_high_abq_FIP,vs_high_abq_HR9,vs_high_obr_ERA,vs_high_obr_FIP,vs_high_obr_HR9,vs_high_osi_ERA,vs_high_osi_FIP,vs_high_osi_HR9,vs_high_rcv_ERA,vs_high_rcv_FIP,vs_high_rcv_HR9,vs_low_abq_WHIP,vs_low_abq_apps,vs_low_obr_WHIP,vs_low_obr_apps,vs_low_osi_WHIP,vs_low_osi_apps,vs_low_rcv_WHIP,vs_low_rcv_apps,vs_mid_abq_WHIP,vs_mid_abq_apps,vs_mid_obr_WHIP,vs_mid_obr_apps,vs_mid_osi_WHIP,vs_mid_osi_apps,vs_mid_rcv_WHIP,vs_mid_rcv_apps,away_ABQ_allowed,away_AVG_allowed,away_OBR_allowed,away_OPS_allowed,away_OSI_allowed,away_RCV_allowed,home_ABQ_allowed,home_AVG_allowed,home_OBR_allowed,home_OPS_allowed,home_OSI_allowed,home_RCV_allowed,low_leverage_ERA,low_leverage_FIP,low_leverage_HR9,vs_high_abq_WHIP,vs_high_abq_apps,vs_high_obr_WHIP,vs_high_obr_apps,vs_high_osi_WHIP,vs_high_osi_apps,vs_high_rcv_WHIP,vs_high_rcv_apps,vs_low_abq_K_pct,vs_low_obr_K_pct,vs_low_osi_K_pct,vs_low_rcv_K_pct,vs_mid_abq_K_pct,vs_mid_obr_K_pct,vs_mid_osi_K_pct,vs_mid_rcv_K_pct,high_leverage_ERA,high_leverage_FIP,high_leverage_HR9,low_leverage_WHIP,low_leverage_apps,vs_high_abq_K_pct,vs_high_obr_K_pct,vs_high_osi_K_pct,vs_high_rcv_K_pct,vs_lhh_ip_per_app,vs_low_abq_BB_pct,vs_low_obr_BB_pct,vs_low_osi_BB_pct,vs_low_rcv_BB_pct,vs_mid_abq_BB_pct,vs_mid_obr_BB_pct,vs_mid_osi_BB_pct,vs_mid_rcv_BB_pct,vs_rhh_ip_per_app,high_leverage_WHIP,high_leverage_apps,low_leverage_K_pct,overall_ip_per_app,vs_high_abq_BB_pct,vs_high_obr_BB_pct,vs_high_osi_BB_pct,vs_high_rcv_BB_pct,vs_lhh_ABQ_allowed,vs_lhh_AVG_allowed,vs_lhh_OBR_allowed,vs_lhh_OPS_allowed,vs_lhh_OSI_allowed,vs_lhh_RCV_allowed,vs_rhh_ABQ_allowed,vs_rhh_AVG_allowed,vs_rhh_OBR_allowed,vs_rhh_OPS_allowed,vs_rhh_OSI_allowed,vs_rhh_RCV_allowed,high_leverage_K_pct,low_leverage_BB_pct,overall_ABQ_allowed,overall_AVG_allowed,overall_OBR_allowed,overall_OPS_allowed,overall_OSI_allowed,overall_RCV_allowed,away_pitches_per_app,high_leverage_BB_pct,home_pitches_per_app,vs_low_abq_ip_per_app,vs_low_obr_ip_per_app,vs_low_osi_ip_per_app,vs_low_rcv_ip_per_app,vs_mid_abq_ip_per_app,vs_mid_obr_ip_per_app,vs_mid_osi_ip_per_app,vs_mid_rcv_ip_per_app,vs_high_abq_ip_per_app,vs_high_obr_ip_per_app,vs_high_osi_ip_per_app,vs_high_rcv_ip_per_app,vs_lhh_pitches_per_app,vs_low_abq_ABQ_allowed,vs_low_abq_AVG_allowed,vs_low_abq_OBR_allowed,vs_low_abq_OPS_allowed,vs_low_abq_OSI_allowed,vs_low_abq_RCV_allowed,vs_low_obr_ABQ_allowed,vs_low_obr_AVG_allowed,vs_low_obr_OBR_allowed,vs_low_obr_OPS_allowed,vs_low_obr_OSI_allowed,vs_low_obr_RCV_allowed,vs_low_osi_ABQ_allowed,vs_low_osi_AVG_allowed,vs_low_osi_OBR_allowed,vs_low_osi_OPS_allowed,vs_low_osi_OSI_allowed,vs_low_osi_RCV_allowed,vs_low_rcv_ABQ_allowed,vs_low_rcv_AVG_allowed,vs_low_rcv_OBR_allowed,vs_low_rcv_OPS_allowed,vs_low_rcv_OSI_allowed,vs_low_rcv_RCV_allowed,vs_mid_abq_ABQ_allowed,vs_mid_abq_AVG_allowed,vs_mid_abq_OBR_allowed,vs_mid_abq_OPS_allowed,vs_mid_abq_OSI_allowed,vs_mid_abq_RCV_allowed,vs_mid_obr_ABQ_allowed,vs_mid_obr_AVG_allowed,vs_mid_obr_OBR_allowed,vs_mid_obr_OPS_allowed,vs_mid_obr_OSI_allowed,vs_mid_obr_RCV_allowed,vs_mid_osi_ABQ_allowed,vs_mid_osi_AVG_allowed,vs_mid_osi_OBR_allowed,vs_mid_osi_OPS_allowed,vs_mid_osi_OSI_allowed,vs_mid_osi_RCV_allowed,vs_mid_rcv_ABQ_allowed,vs_mid_rcv_AVG_allowed,vs_mid_rcv_OBR_allowed,vs_mid_rcv_OPS_allowed,vs_mid_rcv_OSI_allowed,vs_mid_rcv_RCV_allowed,vs_rhh_pitches_per_app,low_leverage_ip_per_app,overall_pitches_per_app,vs_high_abq_ABQ_allowed,vs_high_abq_AVG_allowed,vs_high_abq_OBR_allowed,vs_high_abq_OPS_allowed,vs_high_abq_OSI_allowed,vs_high_abq_RCV_allowed,vs_high_obr_ABQ_allowed,vs_high_obr_AVG_allowed,vs_high_obr_OBR_allowed,vs_high_obr_OPS_allowed,vs_high_obr_OSI_allowed,vs_high_obr_RCV_allowed,vs_high_osi_ABQ_allowed,vs_high_osi_AVG_allowed,vs_high_osi_OBR_allowed,vs_high_osi_OPS_allowed,vs_high_osi_OSI_allowed,vs_high_osi_RCV_allowed,vs_high_rcv_ABQ_allowed,vs_high_rcv_AVG_allowed,vs_high_rcv_OBR_allowed,vs_high_rcv_OPS_allowed,vs_high_rcv_OSI_allowed,vs_high_rcv_RCV_allowed,high_leverage_ip_per_app,low_leverage_ABQ_allowed,low_leverage_AVG_allowed,low_leverage_OBR_allowed,low_leverage_OPS_allowed,low_leverage_OSI_allowed,low_leverage_RCV_allowed,high_leverage_ABQ_allowed,high_leverage_AVG_allowed,high_leverage_OBR_allowed,high_leverage_OPS_allowed,high_leverage_OSI_allowed,high_leverage_RCV_allowed,vs_low_abq_pitches_per_app,vs_low_obr_pitches_per_app,vs_low_osi_pitches_per_app,vs_low_rcv_pitches_per_app,vs_mid_abq_pitches_per_app,vs_mid_obr_pitches_per_app,vs_mid_osi_pitches_per_app,vs_mid_rcv_pitches_per_app,vs_high_abq_pitches_per_app,vs_high_obr_pitches_per_app,vs_high_osi_pitches_per_app,vs_high_rcv_pitches_per_app,low_leverage_pitches_per_app,high_leverage_pitches_per_app,away_inherited_runners_scored_pct,home_inherited_runners_scored_pct,vs_lhh_inherited_runners_scored_pct,vs_rhh_inherited_runners_scored_pct,overall_inherited_runners_scored_pct,vs_low_abq_inherited_runners_scored_pct,vs_low_obr_inherited_runners_scored_pct,vs_low_osi_inherited_runners_scored_pct,vs_low_rcv_inherited_runners_scored_pct,vs_mid_abq_inherited_runners_scored_pct,vs_mid_obr_inherited_runners_scored_pct,vs_mid_osi_inherited_runners_scored_pct,vs_mid_rcv_inherited_runners_scored_pct,vs_high_abq_inherited_runners_scored_pct,vs_high_obr_inherited_runners_scored_pct,vs_high_osi_inherited_runners_scored_pct,vs_high_rcv_inherited_runners_scored_pct,low_leverage_inherited_runners_scored_pct,high_leverage_inherited_runners_scored_pct
ARI,3.57,3.27,0.77,2.65,3.53,0.84,1.15,180,1.02,188,23.7,21.7,3.73,3.55,0.86,2.01,3.16,0.67,368,8.2,7.9,3.09,3.41,0.8,1.18,188,0.83,128,1.08,368,21.8,23.3,22.7,8.1,7.5,8.1,2.91,3.34,0.81,2.47,2.68,0.52,2.8,3.22,0.68,2.27,3.25,0.65,4.06,3.87,0.87,3.49,3.69,0.89,3.7,3.44,0.9,3.71,3.64,1.04,1,1,2.82,3.16,0.71,3.32,3.81,0.98,3.02,3.78,0.97,3.48,3.38,0.78,1.04,260,1,119,1.09,188,0.99,131,1.16,56,1.14,113,1.03,97,1.08,109,45.3,0.22,49.2,0.61,50.7,56.4,44.6,0.19,49.9,0.57,50.7,55.9,5.23,4.39,1.16,1.16,52,1.11,136,1.12,83,1.18,128,23,26.9,23.3,21.9,19,20.1,21.8,24.7,3.1,3.28,0.68,1.39,18,25.6,21.2,22.3,21.9,1,7.7,8,8.5,7.9,8.7,7.7,6.5,8.6,1,1.08,270,18,1,9.2,8.4,8.9,7.8,47.1,0.22,51.5,0.64,52.8,58.4,42.6,0.16,47.5,0.48,48.6,54.1,22.4,9,45,0.2,49.6,0.59,50.7,56.1,16,8.2,16,1,1,1,1.1,1.1,1,1,1,1,1,1,1,16,37.3,0.2,40.7,0.57,44.5,53.9,32.9,0.19,27.4,0.53,36.5,49.5,36.7,0.2,33.8,0.58,38.4,44.8,40.3,0.19,38.1,0.54,37.4,34.5,57.1,0.22,59.3,0.63,57.7,56.3,44.9,0.22,45.4,0.62,47.7,52.2,45.6,0.21,51.5,0.59,54.8,65.1,51.4,0.2,56.3,0.6,56.2,59.6,15,1.7,16,70.2,0.21,83.3,0.61,74.4,67.3,55.6,0.21,72.4,0.61,65.7,65.2,62.9,0.2,82.8,0.61,73.9,71.5,44.3,0.22,55.6,0.62,59.7,75.4,0.9,44.9,0.26,46.5,0.73,50.7,59.7,44.5,0.2,49.3,0.57,50.5,56.1,15,16,16,16,17,15,15,15,16,16,16,16,27,14,36.8,17.9,38.3,16.7,26.6,25.6,35.3,32.2,22,28,25.7,21.2,24.4,29.4,21.8,21.9,34.2,60,23.5
ATH,3.63,3.51,0.67,5.58,4.49,1.56,1.34,117,1.54,132,24.6,23,5.21,4.18,1.34,3.88,3.58,0.81,249,12.2,9,4.7,4.04,1.15,1.36,79,1.4,123,1.45,249,23.1,25.4,23.7,8.9,11.7,10.4,4.52,4,1.16,3.82,3.97,0.87,4.6,4.42,1.2,4.57,3.88,0.82,5.12,4.41,1.09,5.22,4.48,1.39,4.64,3.61,0.99,4.87,3.75,1.14,1.3,1.4,5.34,3.69,1.26,4.99,3.69,1.19,5.35,3.69,1.46,4.68,4.42,1.46,1.37,184,1.45,84,1.49,129,1.52,84,1.78,45,1.49,77,1.44,94,1.43,74,43.4,0.22,41.2,0.63,46.3,54.2,45.2,0.27,49,0.8,51.2,58.2,6.56,4.36,1.26,1.5,20,1.42,88,1.32,26,1.4,91,24.6,22.4,22.1,20.3,21.2,21.2,24.3,25.2,4.66,3.84,1.1,1.49,20,22,27.4,29.7,25.6,1.4,10.5,12.1,11.6,10.6,12.3,9.5,9.3,9.3,1.3,1.44,158,21.4,1.3,5.5,9.7,7.7,11,47,0.24,50.2,0.72,52.2,58.2,43.1,0.23,42.9,0.67,47.2,55,25.8,10.1,44.3,0.25,45.3,0.73,48.9,56.3,22,10.9,24,1.3,1.2,1.3,1.3,1.3,1.4,1.3,1.3,1.4,1.3,1.4,1.4,24,37.9,0.23,42.4,0.69,46.6,57.6,37.1,0.23,26.2,0.68,37.2,49.8,39.6,0.24,33.1,0.73,39.7,47.4,43.4,0.26,35.9,0.73,38.3,37.4,58.5,0.3,49.8,0.84,52.1,50,49.1,0.26,44.8,0.76,50.6,58.2,48,0.25,53.1,0.72,55.3,63,49.3,0.25,45.1,0.72,50.5,57.6,22,1.8,23,71.8,0.3,62.2,0.8,63.4,58.9,47.1,0.25,64.1,0.73,58.7,60.9,54.6,0.26,77.9,0.76,71.4,76.1,41.1,0.23,54.1,0.72,57.4,72.7,1.1,43.6,0.26,47.6,0.75,49.2,55,42.8,0.24,44.7,0.7,48.6,57.2,23,22,24,23,24,25,22,22,25,22,23,24,31,19,39.6,34.3,37.5,37.5,36.7,33.8,32.5,32.1,46.8,39.4,48.6,46.2,26.5,50,30.2,16.7,33.3,58.3,28.7
ATL,2.54,2.77,0.73,2.56,2.92,0.68,1.03,135,1.04,151,28,24.8,2.14,2.72,0.48,2.81,2.89,0.79,286,7.2,6.8,2.55,2.85,0.7,1.04,108,0.99,132,1.03,286,24.9,27,26.3,7.5,6.6,6.9,2.81,2.89,0.76,2.55,2.61,0.59,2.69,2.58,0.56,2.84,2.49,0.44,1.47,2.52,0.65,2.57,2.74,0.54,2.67,3.1,0.89,2.68,2.94,0.82,1.2,1.2,2.23,3.1,0.28,2.54,3.14,0.89,1.99,3.19,0.79,2.18,3.05,0.8,1.07,221,1,117,1.02,154,1.04,93,0.69,40,1.04,58,1.05,80,1.02,97,42,0.2,49,0.56,50.9,59.5,45,0.21,47.4,0.58,49.8,55.9,2.15,3.71,1.43,1.36,25,1.06,111,1.06,52,1.04,96,27.7,26.8,27.1,24.9,25.1,25.6,24.8,26.4,2.85,2.78,0.61,0.88,16,16.9,26.1,26.3,27.3,1.2,7.6,6.5,6.9,6.2,3,7.5,5.9,6.3,1.2,1.09,183,24.1,1.2,8.1,7.1,8.8,8.2,43.7,0.2,49.8,0.56,51.4,58.6,43.7,0.2,48,0.56,50.4,57.8,25.8,3.4,43.6,0.2,48.1,0.57,50.3,57.6,19,7.3,19,1.2,1.2,1.2,1.1,1.4,1.1,1.3,1.2,1.3,1.3,1.3,1.3,19,37.8,0.2,44.1,0.58,47.7,59,36.8,0.2,31.2,0.56,39.5,51,38.7,0.2,34.5,0.56,40.2,47.6,45.1,0.21,41.1,0.56,40.1,35.2,59.2,0.16,59.2,0.45,56.4,51.4,43.7,0.2,45.2,0.55,48,54.4,45.9,0.21,56.3,0.6,56.1,63.2,42.8,0.21,47.4,0.59,50.4,59.2,19,2.4,19,69.9,0.26,66,0.68,63.3,55.6,50.7,0.21,67.5,0.59,62.9,66.3,54.6,0.19,75.8,0.57,71.4,78.6,42.8,0.19,55.6,0.56,60.1,77.7,1.1,42.2,0.2,43.6,0.6,50.6,64.6,44.5,0.21,48.3,0.58,50.1,56.2,19,18,18,17,21,19,20,20,20,20,21,21,38,17,30.2,20,30.4,14.6,25.7,22.7,17,23.4,32.4,43.8,40,29,27.3,22.2,31.1,27.8,12.5,63.6,15.6
BAL,3.83,3.58,0.88,3.19,3.14,0.76,1.28,180,1.06,148,23.4,22.3,4.34,3.23,0.77,2.71,3.22,0.88,328,9.4,6.2,3.52,3.36,0.82,1.28,139,0.95,131,1.17,328,23.7,23.9,22.9,8.2,6.3,7.9,3.66,3.21,0.71,3.1,3.31,0.6,2.93,3.38,0.66,3.36,3.59,0.76,3.51,4.75,1.6,3.46,3.23,0.76,3.83,3.1,0.82,3.53,3.83,1.11,1,1.1,2.74,2.37,0.42,3.95,3.59,1.09,4.47,4.11,1.36,3.64,2.85,0.66,1.22,226,1.21,88,1.16,150,1.25,105,1.07,57,1.17,144,1.21,135,1.1,95,47.1,0.23,46.6,0.65,49.5,54.6,47.6,0.21,45.2,0.59,49.9,56.9,4.35,4.04,1.16,1.03,45,1.15,96,1.1,43,1.16,128,22.9,20.8,20.8,20.2,20.2,23.6,25,22.2,3.75,3.43,0.89,1.39,17,26.5,23.6,22.6,25.4,1.1,8,8.7,8.5,8.6,8.2,8,7.4,7.7,1,1.2,237,23.5,1,6.5,7,7.4,7.4,47.4,0.24,48.5,0.66,52,59.4,46.3,0.19,43.7,0.55,47.3,52.3,23.6,9.8,47.3,0.22,46,0.62,49.7,55.7,16,8.3,17,1.1,1,1,1,1,1,1.1,1,0.9,1.1,1.1,1.1,18,39,0.23,45.3,0.63,48,57.5,40.7,0.22,26.1,0.61,36,43.8,42.2,0.21,34.1,0.6,39,42.4,44.4,0.23,34.7,0.64,36.5,32.9,58.8,0.19,45.6,0.63,50.3,49.4,51.5,0.22,44.7,0.61,50.9,57.5,51.6,0.23,49,0.63,54.7,63.4,57.7,0.2,46.9,0.61,52.8,56.2,15,1.8,16,74.2,0.21,49.6,0.55,57.3,54.2,47,0.22,66.1,0.64,60.5,63.8,51.4,0.21,77.9,0.64,71.2,77.7,41.9,0.22,54.6,0.6,58.2,73.9,0.9,43.2,0.25,49.4,0.73,51.4,59.7,48.1,0.22,45.6,0.62,49.8,55.9,17,16,16,16,16,16,17,16,14,17,17,17,30,14,27.8,24.1,25.6,20.6,26.3,23.7,31.2,20.9,30.6,27.8,15.5,23.2,17.6,36.4,44.1,64.3,27.8,0,28.3
BOS,2.19,3,0.82,2.43,3.05,0.63,0.96,133,1.12,139,26,26.2,2.1,2.49,0.25,2.01,2.89,0.66,272,6.6,9.6,2.32,3.03,0.72,0.97,85,1.04,146,1.04,272,24.6,27.1,26.1,8.1,8.4,8.2,2.44,2.94,0.73,2.22,2.96,0.85,2.27,3.06,0.87,1.96,2.93,0.86,2.57,3.23,1,2.06,3.02,0.66,2.04,2.78,0.48,2.18,2.95,0.79,1.2,1.3,1.13,3.25,0.23,2.72,3.13,0.61,3.73,3.9,0.86,2.69,3.16,0.56,1.03,188,0.9,109,0.95,141,0.83,82,1.05,48,1.09,82,1.1,104,1,80,43.8,0.19,45.3,0.55,48.7,56.3,45.9,0.2,44.6,0.57,49.7,58.2,1.87,3.58,0.83,1.11,36,1.19,81,1.4,27,1.24,110,27.3,27.4,26.1,26.7,22.7,24.8,27.1,28,1.32,2.44,0.38,0.97,16,24.1,25.8,22.5,24.6,1.3,8.2,6.7,6.4,5.3,4.3,8,9.7,7.8,1.3,1,193,20.7,1.3,14.6,10.3,11.6,10.5,42.9,0.18,47.8,0.5,51.1,60.7,45.9,0.19,43.2,0.55,47.9,54.8,29.3,7.7,44.8,0.19,44.9,0.56,49.2,57.3,19,9.5,21,1.3,1.3,1.3,1.4,1.3,1.3,1.3,1.1,1.1,1.3,1.2,1.3,19,36.2,0.19,43.9,0.56,48,61.1,40.1,0.18,29,0.52,38.4,48,41.3,0.19,32.4,0.55,40,47.9,49.1,0.18,36.2,0.51,39.1,35.3,58.8,0.22,43.7,0.62,48.1,45.7,49.8,0.21,44.7,0.58,51,59,47.4,0.19,52.9,0.55,55.9,65.3,46.7,0.19,43.5,0.56,49.2,57.5,21,2.7,20,71.6,0.16,52,0.49,57.2,52.9,46.1,0.2,66.6,0.59,62,67.9,53.7,0.23,79.6,0.67,71.5,75,40.3,0.21,52.5,0.6,56.8,73.5,1,43.3,0.19,46.2,0.55,49.1,56.7,45.1,0.17,44.8,0.5,49.3,57.5,21,19,20,20,20,21,20,18,17,21,21,22,38,15,25.6,44.9,32.1,34.9,36.4,25.8,31.6,26.1,33.3,83.3,33.3,48,44,12.5,44.8,47.1,33.3,36.4,42.3
CHC,3.4,3.79,1.15,4.21,4.35,1.45,1.18,150,1.31,180,23.5,25.1,3.08,3.62,0.94,4.11,4.08,1.34,330,7.8,10.2,3.81,4.08,1.3,1.18,115,1.25,163,1.24,330,25.3,24,24.3,10.1,8.6,9.1,3.46,4.07,1.31,4.12,3.98,1.37,3.83,3.75,1.23,4.11,4.14,1.48,5.2,3.75,1.01,3.42,4.16,1.31,3.99,4.62,1.5,4.32,4.1,1.26,1.3,1.1,4.43,4.49,1.61,3.95,4.08,1.23,3.27,3.75,1.03,3.06,3.99,1.16,1.23,246,1.16,98,1.15,160,1.14,118,1.29,43,1.23,120,1.35,125,1.34,101,43.6,0.22,46.3,0.66,49.2,56.6,45,0.23,49.7,0.7,50.5,55.4,1.83,3.18,0.69,1.28,41,1.33,112,1.3,45,1.26,111,25.2,24.3,25.1,23.8,20.7,24.3,24.2,24.5,3.6,4.06,1.29,0.89,21,23.3,24.4,22.1,24.8,1.2,9.5,7.4,7.6,6.9,7.5,9.5,11.2,10,1.2,1.25,235,21.2,1.2,8.3,10.1,8.1,10.4,47.3,0.2,50.3,0.62,51.2,55.2,43,0.23,46.7,0.68,48.9,55.8,25.7,6.4,44.3,0.22,48.2,0.68,49.9,55.9,20,9.9,19,1.2,1.2,1.2,1.2,1.2,1.1,1.2,1.1,1.1,1.2,1.2,1.2,19,37.3,0.22,44.6,0.67,47.2,57.2,35.1,0.22,29.5,0.67,35.9,43.7,38.4,0.22,35.5,0.65,39.4,44.6,43.2,0.22,39.9,0.68,39.3,35.9,58.7,0.25,45.7,0.69,49.3,46.8,44.7,0.22,45.8,0.67,49.7,57.7,45.6,0.23,53.6,0.71,55.7,65.2,50.3,0.24,53.1,0.71,54.2,58.3,20,1.9,19,71.2,0.23,72.4,0.71,67,58.1,52,0.23,67,0.7,62.4,64.7,61.9,0.24,77.9,0.69,71.2,70.2,40.1,0.21,52.5,0.66,57.3,75.1,1,44.4,0.17,52.6,0.5,50,51.2,44,0.22,47.5,0.68,49.9,56.8,19,20,19,19,21,19,20,19,18,20,19,20,27,16,19.3,31.5,11.9,36.4,26.2,23.1,23.8,23.4,23,26.3,24.3,25.5,36.1,40,29.4,40,21.2,50,26.7
CHW,3.55,3.63,0.9,2.82,3.26,0.6,1.33,142,1.15,170,23.9,21.8,3.15,3.34,0.62,3.14,3.7,0.9,312,9.9,8.8,3.15,3.43,0.74,1.24,91,1.23,172,1.23,312,22.5,22.8,22.8,9.9,9.6,9.3,3.66,3.67,0.92,3.94,3.9,0.96,3.92,3.95,1.01,3.08,3.63,0.74,2.12,3,0.47,2.68,3.34,0.89,2.25,2.66,0.41,3.12,2.92,0.62,1.6,1.6,3.27,3.13,0.27,2.89,3.12,0.43,2.91,3.6,0.67,3.23,3.65,0.82,1.25,192,1.33,98,1.36,154,1.32,109,1.12,97,1.11,97,1.06,113,1.14,102,46.7,0.24,46.1,0.68,49,53.9,47.6,0.21,49.8,0.59,51.5,56.3,4.93,4.72,1.64,1.64,23,1.25,117,1.24,45,1.23,101,22.4,20.9,21.5,21.2,23.6,23.9,24.2,26.8,2.38,2.96,0.48,1.46,18,22.4,23.4,23.6,21,1.6,8.9,9.4,9.7,9.9,9.4,7.3,7.5,9.1,1.6,1.15,171,23.5,1.6,12.2,10.7,11.9,8.8,50.6,0.22,51.2,0.61,52.8,56.1,45.1,0.22,46,0.65,49.1,55.5,25.1,10,47.2,0.22,48.1,0.63,50.3,55.2,25,9.9,25,1.6,1.5,1.5,1.6,1.6,1.6,1.6,1.4,1.4,1.6,1.8,1.7,25,38.8,0.23,44,0.66,47.6,58,41.1,0.24,28,0.69,38.8,49.4,43.2,0.24,34.6,0.69,41.2,47.3,48.4,0.23,40.1,0.66,41.1,37.2,57.9,0.2,53.9,0.56,53.5,49.8,50.4,0.22,45.2,0.62,50.6,56.9,49.1,0.21,53.7,0.56,54.5,59.3,51.9,0.2,51,0.58,53.5,57.6,25,2.1,25,72.1,0.28,58.1,0.74,60.2,54.1,49.7,0.21,67.3,0.6,59.8,58.6,56,0.2,80.2,0.61,71.2,71.8,41.2,0.23,53.8,0.65,57.1,72.1,1.2,45.9,0.26,40.5,0.77,48,58,46.2,0.2,48,0.58,50,54.9,25,26,25,26,25,25,24,23,27,25,28,27,38,19,33.8,23.4,17.1,34.1,28.4,30.2,23,27.7,22.8,26.1,31.6,29.8,22.2,16.7,32.7,27.8,41.3,40,26
CIN,4.08,4.06,1.1,3.48,4.41,1.28,1.27,172,1.25,173,22.5,23.6,4.94,4.34,1.33,3.08,3.92,0.92,345,10.1,11.6,3.78,4.24,1.19,1.32,121,1.24,164,1.26,345,24.4,23,23.1,11.1,11.3,10.9,3.49,3.92,1.12,2.78,3.44,0.81,3.08,3.9,0.98,2.96,4.32,1.04,4.76,5.67,1.67,4.42,4.65,1.37,3.78,4.23,1.04,3.78,4.44,1.29,1,1,3.9,3.5,0.65,3.99,4.49,1.33,5.82,5.24,2.09,4.58,3.95,1.24,1.24,246,1.12,103,1.19,174,1.3,112,1.43,71,1.38,112,1.36,116,1.24,122,45.2,0.22,49.6,0.66,51.1,57.1,44.2,0.2,49,0.64,50.7,57.3,3.06,3.5,0.76,1.05,28,1.27,130,1.28,55,1.25,111,24.8,26.2,24.1,21.9,17.8,20.9,21.2,23.7,3.94,4.25,1.24,1.08,23,21.2,22.7,23.7,23.6,1,10.3,10.8,11.2,12.4,13,10.8,11.3,11.8,1,1.26,253,22.2,1,9.7,11,8.9,8.4,43.3,0.22,46.8,0.68,49.6,57.2,45.4,0.2,51.2,0.61,51.7,56.9,23.1,9,44.7,0.21,49.3,0.65,50.9,57.2,17,10.4,17,1,1,1,1,1,1,1,1,1,1,1.1,1,17,37.7,0.21,43.5,0.64,47.4,58.7,34.5,0.18,30.3,0.56,39.2,52.8,39.4,0.19,36.6,0.6,41.4,48.2,46.6,0.2,43.7,0.64,42.2,37.2,58.2,0.22,64,0.72,59.2,54.4,45.2,0.23,45.9,0.71,49.3,56.1,46.4,0.22,54.9,0.66,55.9,63.9,47.1,0.19,53.2,0.62,53.6,58.6,17,1.5,17,71.7,0.18,63.6,0.53,61,50.5,52.4,0.21,67.3,0.66,61.5,61.5,57.9,0.23,77.6,0.75,70.4,71.2,40.2,0.23,50.7,0.68,56.8,75.7,0.9,38.3,0.19,44.2,0.56,47.2,57,45,0.21,49.2,0.65,50.9,57,17,16,17,17,17,17,17,17,16,17,17,17,25,15,25.2,29.6,22.4,32.4,26.8,23.7,14.9,21.2,32,43.8,28.3,31.2,23.4,9.1,34.4,34.5,25.6,33.3,26.1
CLE,2.67,3.34,0.99,3.26,3.18,0.8,1.08,175,1.21,186,27.7,26.7,3,3.43,1,2.61,2.82,0.68,361,8.8,9.2,2.97,3.26,0.9,1.13,142,1.03,154,1.14,361,26.9,28.2,27.2,8.9,8.5,9.1,2.64,3.03,0.76,2.09,2.85,0.72,2.34,3.16,0.82,2.3,3.01,0.63,3.51,3.59,1.22,2.95,3.39,0.92,3.63,3.48,0.97,3.62,3.82,1.3,1,1,6.05,5.53,1.86,4.08,3.54,1.07,3.5,2.88,1,3.07,3.07,0.83,1.11,277,1,117,1.09,177,1.06,111,1.15,62,1.17,142,1.2,149,1.24,109,43.8,0.19,45.6,0.57,48.5,55.2,43.4,0.21,44.4,0.62,48.9,58.1,1.62,2.5,0.54,1.6,22,1.27,102,1.22,35,1.14,141,27.8,28.9,26.8,26.3,27.6,25.6,27,27.7,3.19,3.22,0.99,1.08,10,17.8,27.6,29.6,27.5,1,9.1,8.6,8.9,9.4,8.4,8.8,9.9,9.5,1,1.15,262,27.5,1,10,10,6.6,8.4,43.4,0.21,46.2,0.62,49.7,58.4,43.9,0.18,43.6,0.53,47.7,55,29.3,7.2,43.6,0.2,45,0.6,48.7,56.7,16,9.1,16,1,1,1,1,1,1,0.9,0.9,0.9,0.9,1,1,15,37.8,0.2,43.4,0.57,47.2,58.3,37.8,0.18,27.5,0.53,37.3,48.1,40,0.19,33.1,0.57,39.3,45.9,41.8,0.18,35.1,0.54,36.9,35.4,58.9,0.2,47.3,0.62,51.3,50.3,46,0.21,45.1,0.62,49.7,57.7,45.4,0.2,51.2,0.62,54.8,65.7,50.2,0.21,47.3,0.65,51.5,57.2,16,1.7,16,72.7,0.27,58.2,0.82,60.4,54.3,46.8,0.22,64.8,0.65,60.4,65.2,53.9,0.24,78.7,0.67,70.4,72.6,39.8,0.21,50.9,0.61,55.9,73.1,0.9,42.2,0.2,45.3,0.56,48.9,57.8,44,0.2,45.1,0.61,48.8,56.5,16,15,16,16,15,17,15,15,16,16,19,17,28,15,21.1,23.3,23.7,23.2,22.2,20.8,24,21.1,16.7,32.4,15.3,25.8,23.1,11.1,33.3,6.7,25.4,0,23.7
COL,4.23,3.56,0.5,4.89,4.14,1.27,1.48,151,1.37,148,18.9,20.7,5.42,3.98,0.83,3.79,3.71,0.95,299,10.6,7.7,4.58,3.87,0.91,1.51,133,1.34,111,1.42,299,18.7,21.2,19.8,10.2,8.2,9.1,4.03,3.46,0.79,4.09,3.29,0.8,3.67,3.24,0.6,4.41,3.57,0.82,4.35,3.91,0.59,4.55,3.8,0.72,5.51,4.62,1.29,4.92,4.08,0.92,1.2,1.3,7.1,5.38,1.85,5.08,4.49,1.18,5.62,4.46,1.19,4.47,3.96,0.97,1.33,184,1.36,94,1.31,145,1.38,88,1.46,72,1.36,92,1.49,84,1.5,92,46.7,0.26,48.6,0.7,52,59.7,48.1,0.26,51.1,0.73,53.1,59.1,4.42,4.63,1.53,1.73,43,1.54,113,1.61,70,1.4,119,21.3,20.8,19.8,19.5,17.6,18.1,19.9,19.7,4.59,3.57,0.82,1.21,18,17.8,20.5,19.8,20.2,1.1,8.1,6.4,7.5,7.5,11.4,9.4,10.8,10.6,1.4,1.42,186,16.6,1.3,9.1,11.3,10.6,9.3,47,0.26,51.7,0.73,54,61.6,48.9,0.25,49.4,0.71,51.9,56.8,21.3,5.5,47.4,0.26,49.9,0.72,52.6,59.4,21,8.8,22,1.2,1.3,1.4,1.4,1.3,1.4,1.2,1.2,1.4,1.1,1.2,1.3,20,37.4,0.25,41.9,0.69,47.5,61,36.1,0.27,27.4,0.71,38.4,52.5,40.4,0.25,33.5,0.67,41.3,50.8,46.9,0.26,37.8,0.71,40.5,39.1,59,0.24,55,0.68,54.8,51.6,50.3,0.24,45.1,0.68,50.7,57.5,48.3,0.25,51.7,0.75,54.6,62.5,52.1,0.26,55,0.73,55.7,59.2,22,2.9,21,70.4,0.3,75.1,0.88,70.6,65.6,54.4,0.26,72.4,0.76,65.9,66.7,60.7,0.28,81.5,0.79,73.5,73.5,44.1,0.26,54.8,0.72,59,74.5,1,52.7,0.25,53.6,0.73,53.8,54.8,47.3,0.26,50.9,0.71,53.3,60.5,20,21,22,23,23,23,21,20,23,20,20,21,44,17,27.7,30.9,26.6,24.6,29.3,26.8,33.3,30.8,34.4,31.6,24.6,17.8,33.3,42.9,30,42.9,20,28.6,32.3
DET,4.43,4.56,1.56,3.16,4.18,1.17,1.34,162,1.21,161,25.9,20.4,2.57,3.4,0.95,4.3,4.75,1.61,323,11,8.7,3.8,4.37,1.37,1.06,124,1.32,138,1.28,323,25.8,20.9,23.2,8.3,8.7,9.9,3.96,4.43,1.52,2.38,3.6,1.31,3.14,4.35,1.5,2.97,4.12,1.19,3.76,4.31,1.22,5.14,5.16,1.57,5.18,4.72,1.35,3.95,4.07,1.41,1.1,1.1,2.35,4.06,0.39,3.78,4.3,1.21,2.2,3.37,0.88,4.43,4.8,1.5,1.28,222,0.87,99,1.13,164,1.17,112,1.32,78,1.61,122,1.56,123,1.25,90,43.2,0.23,46.2,0.73,49.2,57.1,47.4,0.22,47.2,0.66,50.3,56,13.24,6.51,2.12,1.09,23,1.33,102,1.05,36,1.39,121,25.3,26.2,23.3,22.2,18.9,20.9,21.7,24.8,3.36,4.48,1.37,2.24,12,16.7,23.1,27.9,22.9,1.1,10.1,5.4,8,9.2,8.3,12.3,12,8,1.1,1.29,217,17.4,1.1,14.4,11.1,10.3,11.7,46.8,0.2,46.4,0.6,50.4,57.6,43.9,0.24,46.6,0.74,49.4,56.5,23.8,14,45.3,0.23,46.7,0.7,49.8,56.5,19,11.1,17,1.1,1.2,1.1,1.1,1.1,1,1.1,1.1,1,1.1,1.1,1.1,16,37.8,0.22,43.9,0.7,47.6,58.9,39.5,0.18,28.6,0.57,38.5,49.2,42.4,0.21,35.3,0.66,41.4,47.7,46.1,0.21,38.8,0.64,40.5,38.5,58.8,0.25,50.5,0.72,52.4,49.9,48.1,0.26,45.2,0.8,50.6,58.4,46,0.26,51.4,0.78,54.4,63.8,50.9,0.24,47.3,0.71,51.7,57.4,18,1.4,18,72,0.16,60.8,0.51,62.2,56.7,47.7,0.23,66,0.69,59.8,61.5,56.3,0.18,82.4,0.56,72.3,72.1,40.4,0.23,53.5,0.73,56.9,72.6,1,48.5,0.35,46.4,1.03,47.7,48.5,45.8,0.22,47.9,0.69,50.7,57.5,18,17,17,17,18,18,19,17,17,18,18,19,30,16,21.4,22.7,4.7,26.9,22.1,20.8,15,23.5,25,32.1,31.6,24.6,20.5,9.1,16.7,6.2,20.4,40,18.6
HOU,3.36,3.66,0.93,3.08,3.26,0.98,1.18,162,1.04,160,22.7,30.2,3.56,3.6,0.86,2.44,3.05,0.85,322,8.9,9.7,3.22,3.46,0.96,1.22,120,0.9,147,1.11,322,24.1,28.9,26.4,10.1,8.3,9.3,3.33,3.48,0.95,2.27,2.89,0.7,2.9,3.38,0.87,2.87,3.43,1.03,3,3.5,0.95,4.18,3.94,1.19,3.54,3.36,0.99,2.56,3.5,0.66,1.2,1.2,2.04,2.93,1.02,3.5,3.74,1.06,4.22,4.44,1.41,4.11,3.47,1.08,1.16,260,0.94,127,1.05,185,0.99,121,0.93,50,1.26,100,1.2,109,1.01,84,40.9,0.22,43.3,0.63,47.2,56.1,41.7,0.18,42.8,0.56,46.8,55.1,2.14,3.28,0.8,0.74,12,1.18,95,1.22,28,1.32,117,26.5,26.8,25.6,27.3,24,25.4,29,22.4,3.01,3.32,0.89,0.86,18,33.3,27,21.8,28.1,1.2,9.6,7.5,8.9,8.4,7.7,10,10,10.3,1.2,1.06,196,23.3,1.2,7.6,10.9,9,9.5,41.4,0.21,46,0.63,49.9,60.3,40,0.16,39.7,0.5,44.7,53.7,28.6,7,41.3,0.2,43,0.6,47,55.6,19,10.3,20,1.2,1.2,1.2,1.3,1.1,1.2,1.2,1.1,1.5,1.2,1.1,1.1,20,36.7,0.2,40.9,0.62,45.7,57.7,36.3,0.18,25.2,0.52,36.8,50.4,38.6,0.19,31.4,0.57,38.4,46.2,42.8,0.18,34.2,0.56,37,36.2,57.8,0.18,49.8,0.54,50.3,45.5,43.1,0.22,45.3,0.67,48.1,54.8,42.8,0.21,53.8,0.63,55.5,66.4,42.8,0.17,43.2,0.52,48.3,58.1,18,1.9,20,71.7,0.13,61,0.45,60.6,52.3,46,0.2,64.4,0.62,59.4,63.4,53.2,0.22,78.2,0.69,70.8,75,38.6,0.23,52,0.68,56.3,73.9,1,44.8,0.17,48.8,0.5,50,55.1,41.5,0.18,43.5,0.56,47.2,55.3,20,19,20,20,17,21,20,18,24,19,18,20,30,17,19.2,14.9,23.1,11.9,17.6,17.4,19.1,16.4,11.5,20,16.3,18.4,17.9,0,17.1,21.4,24.4,75,4.9
KCR,3.95,3.8,0.8,4.15,4.42,1.26,1.33,124,1.29,133,20.3,21.4,5.36,4.59,1.31,3.07,3.58,0.7,257,9.9,10.4,4.05,4.11,1.03,1.37,118,1.22,96,1.31,257,20.6,20.9,20.8,10.6,9.6,10.1,4.49,4.42,1.26,4.88,4.74,1.19,4.94,4.39,1.16,4.01,3.7,0.73,3.66,3.52,0.61,3.9,3.98,0.99,3.08,3.6,0.72,3.95,4.44,1.15,1.2,1.1,1.84,3.13,0.31,3.59,3.76,0.94,4.38,4.84,1.62,4.15,4.25,1.21,1.37,187,1.56,69,1.49,111,1.44,89,1.22,48,1.27,105,1.11,112,1.26,55,46.1,0.24,47.2,0.68,49.6,54.7,45,0.22,46.5,0.68,50.6,59.2,3.3,3.53,0.9,1.12,22,1.16,83,1.38,34,1.24,113,21.1,18.4,19.7,21.4,19.6,20.9,21.4,18,3.71,4,1.11,1.1,19,21.2,23,23,22,1.2,10.3,11.7,10.2,10.8,9.4,9.5,9.9,9.5,1.1,1.22,171,23.3,1.1,10.6,9.6,10.6,9.9,46.7,0.24,49.3,0.72,51.6,57.6,44.7,0.22,44.8,0.62,48.5,55.7,21.9,8.3,45.6,0.23,46.8,0.68,50.1,57,19,9,18,1.1,1.1,1.1,1.1,1.2,1.1,1.1,1.3,1.3,1.1,1.1,1.1,20,39.3,0.24,43.3,0.71,47.9,59.4,37.5,0.26,25.3,0.76,37.1,50.4,40.8,0.26,32.7,0.75,39.3,45.7,45.2,0.24,37.1,0.69,39.3,37.6,57.9,0.22,50.7,0.62,51,46.5,47.1,0.23,45.4,0.67,50,57.2,46.8,0.19,51.1,0.57,54.2,63,52.5,0.23,52.5,0.68,54.3,57.7,17,1.6,19,72.1,0.21,68.2,0.58,66.4,60.2,50.3,0.21,66.5,0.63,61,62.3,57.1,0.26,78.7,0.79,71.8,74.5,42.5,0.22,51.8,0.68,56.5,72,1,50.7,0.21,49.7,0.61,49.6,48.6,44.9,0.22,46.6,0.66,50.2,58.1,18,19,19,19,20,19,18,21,20,18,20,17,24,16,29,37.5,31.8,38.7,34.2,35.8,39.1,36.1,36.4,33.3,33.3,25.8,30,0,30.4,50,35.1,16.7,36.5
LAA,3.45,4.05,1.36,4.36,3.51,0.93,1.3,74,1.39,131,28,23.8,4.07,2.76,0.47,3.98,4.44,1.63,205,10.7,8.7,4.01,3.72,1.1,1.26,80,1.39,86,1.36,205,28.3,23.9,25.4,10.8,8.2,9.5,3.8,3.46,1.02,3.6,3.46,1,4.17,3.8,1.12,4.46,4.13,1.12,4.91,4.23,1.47,5.31,4.83,1.53,3.86,3.75,1.17,3.36,3.35,1.12,1.3,1.2,3.56,4.22,0.89,3.3,3.02,0.82,3.91,3.18,0.71,4.18,3.68,1.07,1.35,146,1.32,79,1.45,108,1.41,64,1.31,41,1.56,57,1.28,77,1.18,67,41.6,0.22,41.3,0.69,47.5,58.9,46.7,0.25,48.1,0.7,50.7,56.5,3.69,4.1,1.62,1.45,18,1.21,69,1.26,20,1.46,74,26.4,26.5,25.7,23.9,25.1,21.3,24.9,29.1,4.1,3.4,0.98,1.41,21,20.7,28.1,25.7,23.7,1.2,9.1,9.3,10.4,11.5,8.9,10.7,8.4,8.4,1.3,1.32,132,28.7,1.2,12.6,8.5,9.5,8.5,45.3,0.22,48.5,0.61,51.2,58.4,43.9,0.26,43.4,0.76,48.5,57.6,25.9,8.5,44.8,0.24,45.7,0.7,49.5,57.3,23,8.7,20,1.2,1.1,1.1,1.3,1.3,1.3,1.4,1.2,1.7,1.3,1.3,1.3,20,37.9,0.24,42.2,0.7,47.3,60,39.9,0.24,28.3,0.68,39.2,51.1,41.3,0.25,32.8,0.72,41.2,50.7,47.7,0.23,36.4,0.7,40.3,39.5,57.6,0.24,50.2,0.72,51.5,48.5,48.5,0.26,45.2,0.79,50.5,58.1,46.1,0.24,54.7,0.69,55.5,63.2,48.3,0.22,45,0.65,50.6,58.7,22,1.9,21,72.4,0.23,63.5,0.68,63,55.7,47.5,0.23,66,0.64,60.6,63.9,59.1,0.23,80.8,0.65,71.8,70.7,39.3,0.27,54.3,0.74,56.6,71.6,1,48.3,0.27,50,0.8,53.2,60.3,44,0.24,44.9,0.68,49.1,57.5,20,20,20,22,22,23,23,19,28,21,20,22,30,18,31.4,44.2,41.2,38.2,39.1,37.1,41,39.2,43.8,44.4,36.8,27.6,52.2,42.9,37.9,85.7,25,61.5,37.7
LAD,3.28,3.55,0.9,3.21,3.15,0.83,1.21,187,1.08,184,26.9,28.7,2.85,2.69,0.68,2.93,3.11,0.66,371,11.2,9.7,3.24,3.35,0.86,1.09,90,1.1,206,1.14,371,29.8,27.2,27.8,8.3,10.4,10.5,3.24,3.29,0.93,3.29,2.9,0.64,3.21,2.99,0.73,3.37,3.14,0.84,4.3,3.79,0.81,3.25,3.71,1.18,2.97,3.69,1.1,2.95,3.22,0.64,0.9,0.9,1.27,2.9,0.51,3.17,3.48,0.74,4.36,4.31,0.82,3.41,3.81,1.17,1.08,255,1.04,137,1.04,211,1.12,148,1.43,75,1.13,132,1.19,123,1.13,123,43.7,0.2,45.8,0.61,48.2,54.1,45.7,0.19,43.8,0.57,46.6,50.5,4.76,3.19,0.79,1.02,41,1.29,102,1.58,37,1.2,100,28.8,29.3,29.6,30,24.4,27.6,26.5,26.2,3.09,3.17,0.9,1.24,20,27.7,26.1,22.5,26.4,0.9,9.8,10.2,10.1,10.6,12.7,9.5,9.7,10.9,0.9,1.12,260,21.9,0.9,10.6,12,15.2,9.8,43.9,0.21,46.7,0.59,48.4,53.4,45.1,0.18,43.5,0.55,46.7,51.5,29,6.2,44.6,0.19,44.8,0.59,47.4,52.3,15,9.3,15,0.9,0.9,0.9,0.9,0.9,0.9,0.9,0.9,0.9,0.9,0.9,0.9,14,36.3,0.19,40.5,0.58,43.6,52.3,34.9,0.17,28.5,0.53,36,45.4,39.4,0.18,33.9,0.54,38.4,42.8,45,0.18,39.1,0.57,38.3,32.5,59.3,0.22,55,0.66,54.5,50.7,49.5,0.2,44.4,0.62,48.6,52.8,50.2,0.21,53.5,0.64,55.9,62.7,44.4,0.19,46.6,0.57,50.2,58.6,15,1.1,15,69.9,0.17,53,0.51,58.1,55.6,51.5,0.21,67.4,0.63,61.1,61,56.3,0.23,78.6,0.69,70.9,72.4,44.4,0.21,51.1,0.64,57.4,74,0.9,43.4,0.24,46.7,0.66,49.7,57.7,45.3,0.2,44,0.6,46.8,51.2,15,14,15,15,15,15,15,15,14,16,16,15,18,14,28.2,32.9,23.2,25,30.5,26.4,28,24.7,25.4,36.1,23.5,41,31.2,38.9,42.5,35.3,38.1,100,26.3
MIA,3.99,3.7,0.69,3.48,3.43,0.64,1.37,138,1.25,145,22.2,22.3,3.82,3.62,0.59,3.88,3.54,0.76,283,11.7,10.2,3.72,3.56,0.67,1.3,142,1.28,89,1.31,283,21.2,21.9,22.2,11.6,9.4,10.9,3.75,3.43,0.76,4.07,3.37,0.8,3.96,3.5,0.81,3.69,3.21,0.63,3.31,4.22,0.55,3.04,3.4,0.51,2.95,3.55,0.49,4.4,3.91,0.61,1.1,1.2,4.1,3.53,0.24,4.04,3.93,0.69,4.21,3.73,0.54,3.21,3.7,0.76,1.24,209,1.39,97,1.26,145,1.24,113,1.35,43,1.21,89,1.3,77,1.51,75,46.2,0.23,49.1,0.65,51.4,57.7,44.3,0.22,44.2,0.62,47.4,53.3,1.4,1.6,0,1.71,31,1.33,97,1.46,61,1.24,95,23.6,24,23,23.5,18.4,22.5,22.3,20.9,3.7,3.27,0.5,1.14,12,19,19.9,20.3,21.8,1.1,9.6,9.3,9.2,9.4,14.7,11.6,12.8,13.4,1.2,1.21,173,27.8,1.1,13.2,12,12.4,10.6,45.7,0.21,48.6,0.62,50.8,56.9,44.8,0.23,45,0.66,48.5,55.1,22.6,6.3,45.2,0.22,46.6,0.64,49.3,55.4,20,10.7,19,1.1,1.2,1.1,1.1,1.1,1.2,1.2,1.2,1.2,1.1,1.1,1.1,19,38.7,0.22,42.9,0.63,46.3,55.5,34.7,0.25,28.4,0.69,35.5,44,38.4,0.22,34.2,0.64,37.9,41.8,40.4,0.22,36.1,0.62,36.7,34.7,57.5,0.18,46.9,0.58,51,51.2,49.1,0.19,45.3,0.57,49.9,55.8,49.9,0.2,50.3,0.6,54.7,63,54.6,0.23,50.6,0.67,54.2,58.1,20,1.6,19,72,0.27,70.6,0.72,67.5,60.7,52.2,0.22,65.9,0.65,62.7,66.5,55.7,0.24,71.3,0.68,69.8,78.2,43.6,0.21,55.9,0.63,60.6,78.1,1,40,0.23,39.2,0.57,47.3,61.8,45.6,0.21,48.1,0.59,49.7,54.6,19,21,19,19,19,19,20,21,23,18,19,19,26,17,25.4,25.9,23.6,17.1,25.6,26.1,26.7,29.9,31.7,33.3,31.6,18.8,15,14.3,18.4,22.7,30,25,27.8
MIL,3.06,3.67,0.87,2.55,2.86,0.58,1.17,187,1.1,213,22.6,27.4,2.79,3.04,0.74,3.19,3.34,0.71,400,9.4,9.3,2.78,3.23,0.72,1.1,123,1.15,204,1.14,400,28.1,24.4,25.1,9.5,9.8,9.4,2.69,3.02,0.68,3.67,3.4,0.96,2.97,3.18,0.86,2.35,3.16,0.72,3.1,3.81,0.83,2.15,2.98,0.66,2.2,3.01,0.41,3.53,3.55,0.86,1.2,1.2,2.63,3.31,0.72,2.48,3.32,0.52,3.31,3.81,0.88,2.43,2.99,0.58,1.12,271,1.28,141,1.12,205,1.04,126,1.13,97,0.96,130,1.11,126,1.25,138,45.6,0.21,50.9,0.63,52.3,58.7,45.3,0.2,47,0.57,50,56.9,2.2,3.28,0.6,1.3,32,1.16,129,1.22,69,1.1,136,26.2,25,26.3,25.3,23.3,26.7,24.6,25.1,2.71,3.17,0.69,1.09,26,21.9,23.7,22.7,25,1.2,8.8,8.2,8.1,8.6,11.4,8.5,10.8,10.5,1.2,1.14,265,25.7,1.2,8.1,11.5,10.6,8.8,44.4,0.19,49.8,0.57,52.1,60.3,45.8,0.2,49.4,0.6,51.2,57,25.7,11.5,45.4,0.2,48.8,0.59,51.1,57.7,19,9.6,20,1.2,1.2,1.2,1.2,1.2,1.3,1.2,1.2,1.2,1.2,1.2,1.3,19,37.7,0.21,42.6,0.59,47,58.6,37.5,0.24,30.4,0.67,39.6,51.5,40.1,0.21,34.9,0.61,41.1,48.8,45.5,0.19,39.6,0.57,40.4,37.8,58.8,0.19,60.6,0.59,58,54.5,46,0.18,45.6,0.53,50,57.8,47.1,0.19,52.8,0.55,55.3,63.9,47.3,0.21,52.6,0.63,53.5,58.9,20,1.7,19,70.2,0.24,65.4,0.67,64.6,59.9,53.5,0.19,72.2,0.57,64.8,64.5,58.3,0.21,82.7,0.63,73.1,72.8,43.5,0.2,53.5,0.58,58.5,74.9,1,42.3,0.17,50.4,0.54,52.9,63.3,45.8,0.2,49,0.59,51.3,58,19,20,20,18,19,19,19,21,20,20,20,19,28,16,40.9,25.4,25,36.6,34.2,35.7,34.7,32.5,32.1,29.5,35.4,39.6,36.7,38.5,32.8,30,33.3,38.5,35.1
MIN,4.51,3.97,1,3.17,3.17,0.74,1.48,192,1.21,206,23,24.7,3.69,3.6,0.81,3.72,3.34,0.94,398,11.1,8.6,3.77,3.53,0.86,1.32,158,1.25,165,1.33,398,24,26,23.9,10.7,8.6,9.7,3.98,3.46,0.91,3.56,3.22,0.73,3.27,3.64,0.8,2.96,3.22,0.45,3.31,3.61,0.81,3.48,3.32,0.74,4.16,3.15,0.83,4.54,4.22,1.19,1,1.1,3.86,3.76,0.68,4.24,3.98,1.08,4.53,4.27,1.17,4.04,3.29,1.03,1.29,247,1.21,99,1.26,191,1.3,147,1.29,109,1.26,153,1.36,156,1.47,122,48.6,0.25,50.7,0.72,51.8,55.3,46.2,0.22,47.2,0.62,49.2,53.8,3.24,3.07,0.54,1.71,42,1.49,146,1.53,51,1.25,129,24.8,21.5,21.9,21.2,22.3,25.7,26.7,23,3.78,3.6,0.82,1.26,21,23.5,23.8,23,27.9,1,9.1,6.9,9.8,9.9,9.7,10.5,9.1,10.9,1,1.35,274,19.1,1.1,13.4,11,11.5,8.5,50.5,0.23,50.4,0.66,51.8,54.3,45.5,0.23,47.6,0.65,49.5,54.7,23.5,6.4,47.4,0.23,48.9,0.67,50.5,54.5,18,10.4,18,1,1.1,1.1,1.1,1.1,1,1,1,0.9,1,1.1,1.1,18,38.7,0.23,44.4,0.66,47.3,56.7,41.9,0.24,29.1,0.64,37.6,44.4,43.8,0.22,37,0.64,41.1,43.8,47,0.23,40.5,0.63,40.5,36,57.5,0.23,51.6,0.65,52.4,49.6,47.2,0.22,45.5,0.63,49.7,56.2,47.6,0.24,53.1,0.67,55.1,62.9,55.3,0.25,53.6,0.73,55.2,57.1,17,1.6,18,72,0.26,68.1,0.75,64.2,54.1,51.2,0.25,65.8,0.72,60,59.6,60.2,0.25,80.1,0.74,71.3,69.2,40.3,0.23,53.9,0.66,57.3,73.2,1,46.4,0.25,42.8,0.65,46,49.5,47.5,0.23,49.6,0.66,50.7,54.2,17,18,18,18,19,17,18,18,17,18,18,18,26,16,31.4,32.1,31.6,26.9,31.8,30.6,19.6,21.1,21.8,36.1,36.4,41.8,36.6,29.4,37.7,45,38.2,33.3,33.3
NYM,4.38,4.75,1.49,3.12,3.15,0.95,1.42,66,1.11,69,21,29.8,2.82,3.13,0.68,3.98,4.05,1.47,135,10.1,9,3.7,3.89,1.2,1.18,56,1.17,56,1.25,135,26.9,25.8,25.6,10.3,7.9,9.5,3.31,3.63,1.13,3.2,3.97,1.07,2.68,3.8,1.13,2.38,3.52,0.98,5.35,5.14,1.86,3.96,4.37,1.56,4.4,4.23,1.38,4.71,4.81,1.57,1.4,1.5,3.21,3.35,0.64,3.8,3.32,0.92,4.84,3.44,1.02,4.03,3.38,1.07,1.2,85,1.48,31,1.2,57,1.1,40,1.45,26,1.15,54,1.33,53,1.46,47,50.2,0.25,45,0.75,49.9,55.2,46.5,0.2,53.5,0.6,54.2,60.6,8.46,5.29,2.01,1.21,24,1.19,50,1.22,25,1.19,48,26.3,24.5,25.1,25.8,25.6,24.8,26.1,24.3,2.36,3.23,0.85,1.75,9,22.2,27.2,25.7,26.6,1.4,8.7,11.4,9.3,9.1,12.2,8.5,10.6,12,1.5,1.1,82,18.9,1.4,9.4,9.2,8.1,7.6,51.3,0.2,52.2,0.59,53.9,57.6,46.4,0.22,46.4,0.68,49.9,56.4,28.5,7.5,48.3,0.22,49.3,0.67,52.1,58,24,10,24,1.5,1.6,1.5,1.6,1.5,1.4,1.4,1.3,1.2,1.4,1.4,1.4,24,39.1,0.22,46.4,0.66,49.5,60.4,39,0.24,32.6,0.71,38.2,44,40.7,0.21,38,0.64,41.3,45.5,46.6,0.2,42.8,0.59,40.8,34.4,55.7,0.23,52.5,0.76,54,54.5,50.9,0.21,44.6,0.68,50.3,56.3,52.8,0.23,50.5,0.72,55.2,62.2,54.9,0.24,50.5,0.76,54.3,58.4,25,2.5,24,73,0.22,56.4,0.61,59.4,53.2,51.3,0.22,64.8,0.64,62.7,68.5,56,0.23,72.8,0.66,70.3,77.5,43.3,0.23,53.7,0.66,59.3,77.2,1.2,45.8,0.32,47.5,0.9,49.7,55,47.4,0.19,50,0.58,52.9,60,25,30,25,26,26,22,22,24,19,23,24,23,46,19,25,39.5,21.4,44.8,32.9,44.2,60,54.8,34.6,0,22.7,8.3,38.1,0,21.4,26.7,26.1,85.7,28.2
NYY,3.34,4.09,1.08,2.18,2.85,0.48,1.27,172,0.97,162,19.4,24.1,2.85,4.31,1.22,2.69,2.8,0.46,334,8.4,8,2.76,3.47,0.78,1.15,122,0.98,134,1.12,334,19.1,22.8,21.7,8.3,7,8.2,3.03,3.68,1.02,2.92,3.21,0.6,2.37,2.95,0.52,2.19,2.69,0.4,2.21,2.9,0.26,2.33,3.02,0.56,3.43,3.88,1.02,2.92,3.66,0.68,1.1,1.1,2.45,3.71,0.61,2.9,4.04,1.12,1.82,4.65,1.21,3.25,4.18,1.35,1.13,218,1.26,125,1.16,170,1.09,122,1.03,87,1.06,87,1.09,136,1.08,109,46.2,0.24,44.6,0.68,48.6,55,45,0.18,45.6,0.52,48.6,54.6,6,5.72,2.57,1.36,29,1.02,122,1.01,28,1.19,103,22.4,19.7,21,22.2,20.3,24.4,22.1,18.9,2.63,3.2,0.66,1.38,14,20.2,21.8,23.9,23.9,1.1,7.6,7.3,6.8,6.7,8.7,8.8,9,9.1,1.2,1.1,228,20.7,1.1,11.3,8.8,14.2,9,46.9,0.22,48.5,0.65,51.1,57.1,44.2,0.19,41.8,0.53,46,52.2,22.2,5.4,45.6,0.21,45,0.6,48.6,54.8,17,7.8,18,1.1,1.1,1.1,1.1,1.2,1.1,1.1,1.1,1,1.1,1.1,1.1,17,37.3,0.22,42.3,0.63,47,59.2,42.1,0.24,26.6,0.64,37.7,47.1,43,0.23,32.1,0.61,39.5,45.5,49.5,0.22,36.4,0.57,39.5,36,57.4,0.19,48.8,0.52,50.1,46.4,46.1,0.19,46,0.55,51.4,61.5,46.4,0.2,54.1,0.6,55.1,62.5,47.4,0.2,48.2,0.57,51.5,58.3,17,1.5,17,72.3,0.24,54,0.67,56.4,47.7,48.9,0.19,63.2,0.59,57.8,58,58,0.14,79.5,0.56,72.1,73.8,39.2,0.22,51.9,0.67,56.3,73.4,1,42.7,0.28,44.9,0.85,47.6,54.3,45.7,0.21,45.3,0.58,48.9,55.2,17,18,18,17,18,17,17,17,15,17,16,18,24,16,25.6,13.8,15.2,20.6,19.6,21.6,12.7,18.2,12,12.2,27,22.2,14.5,33.3,21.2,16.7,32.1,30,19.8
PHI,3.34,3.31,0.93,3.45,2.95,0.82,1.16,180,1.19,193,27.3,27.3,3.58,3.39,1,3.09,2.55,0.56,373,9.3,7.5,3.4,3.12,0.87,1.17,133,1.1,177,1.17,373,27.2,27.4,27.3,9,7.3,8.4,3.04,2.74,0.75,3.04,2.72,0.52,2.8,2.76,0.7,2.26,2.9,0.86,3.72,3.82,0.98,2.07,2.94,0.94,3.21,3.14,0.89,3.33,2.94,0.67,1,1,5.93,4.67,1.65,4.68,3.64,1.17,5.13,3.96,1.25,4.44,3.47,1.06,1.16,266,1.2,144,1.09,193,0.95,115,1.18,80,0.92,91,1.22,104,1.22,116,45.5,0.2,47.7,0.6,50.2,56.6,45.2,0.23,48.3,0.64,51.4,59.5,3.18,2.92,1.27,1.32,27,1.32,138,1.32,76,1.33,142,29.7,25.5,27.5,30,22.6,29.3,28,25.4,3.08,3.03,0.84,0.99,21,19.2,27.9,26.2,26.9,1,8.3,8,7.3,7.9,9.4,6.7,8.9,8,1,1.15,273,30.8,1,6.7,9.8,10.2,9.1,46.7,0.21,50.4,0.62,52.1,58,44.4,0.21,46.6,0.58,50,57.8,27.8,2.8,45.3,0.22,48,0.62,50.9,58.1,16,8.3,17,1,1,1,1,1,1.1,1,1,1,1,1,1,17,38.8,0.21,44.3,0.6,48.4,59.8,38.4,0.22,29.5,0.6,38.6,49.1,40.8,0.21,33.4,0.58,39.8,46.5,45.3,0.18,36.4,0.53,38,34.8,58.9,0.21,51.9,0.63,52.9,49.9,47.3,0.18,45.2,0.54,49.1,55,46.3,0.22,54.2,0.63,55.9,64.6,45.6,0.23,50.7,0.63,52.2,58.7,17,1.3,17,68.9,0.25,72.8,0.74,69.3,65.6,51.3,0.23,69.1,0.68,64.8,69.4,55.4,0.22,76.7,0.68,72,78.5,45.1,0.23,55.3,0.68,60.1,76.4,0.9,43.8,0.24,51.3,0.67,51.7,57.9,45.2,0.21,47.1,0.6,50.4,57.9,17,16,17,16,16,17,17,17,16,17,18,17,20,16,29.1,34.5,34.3,29.5,31.8,33.3,25,26.2,25,21.4,25.9,28,26.5,57.1,45.7,55,50,0,32.9
PIT,2.62,3.21,0.77,3.86,3.31,0.8,1.06,229,1.25,215,27.9,25.2,3.49,3.29,0.71,3.26,2.86,0.62,444,10.4,9.4,3.23,3.26,0.79,1.15,156,1.12,210,1.15,444,24.2,28,26.5,9.5,9.6,9.9,3.12,3.32,0.86,3.06,3.02,0.86,3.05,2.86,0.69,2.66,2.77,0.68,4.24,3.04,0.83,2.72,3.24,0.57,3.2,3.62,0.89,3.75,3.39,0.69,1.2,1.2,2.43,3.28,0.36,3.78,3.47,0.9,3.79,3.72,0.87,3.42,3.71,1,1.12,300,1.13,137,1.13,215,1.08,165,1.19,84,1.12,127,1.14,155,1.19,139,46.7,0.17,48.3,0.54,50.2,54.8,47.2,0.22,51,0.63,51.4,54.9,2.82,3.79,0.88,1.24,60,1.2,180,1.23,74,1.2,140,27.2,28.5,27.2,27.9,27.4,22.7,26.2,25.2,3.27,3.19,0.76,1.27,29,22.2,27.9,25.5,26.3,1.2,9.9,8.3,8.2,7.9,8.4,9.8,11.4,11.1,1.1,1.17,301,23.4,1.2,12,11.3,12,11,47.3,0.2,50.7,0.58,51.5,55.4,46.7,0.19,49.6,0.56,50.7,54.9,27.4,11,47,0.2,49.6,0.58,50.8,54.9,19,10.3,20,1.2,1.2,1.2,1.2,1.2,1.2,1.1,1.1,1.2,1.1,1.3,1.2,20,39.1,0.19,43.8,0.58,46.5,54.8,37.9,0.21,28.8,0.61,37.5,47.2,40.4,0.21,34.9,0.59,39.8,44.9,45.9,0.2,41.1,0.58,40.4,35.7,58,0.21,57.1,0.61,55.9,53.1,48.1,0.19,45.1,0.55,49.1,54.5,49.9,0.18,55.2,0.56,55.5,60,50.1,0.19,53.9,0.58,54.7,58.9,18,1.8,20,70.8,0.19,68.2,0.56,65,57.4,53,0.19,68.7,0.59,62.1,61,60,0.19,80.9,0.59,72.9,72.9,45.1,0.19,55.4,0.6,59.2,73.5,1,43.3,0.21,44.4,0.63,47.3,53.5,47.3,0.2,49.6,0.59,51,55.2,19,20,20,20,20,20,19,19,22,19,22,21,31,17,26.2,32.5,30.9,25.8,29.3,28.2,39.3,32.6,24.2,30.8,21.7,27.7,32.8,31.8,24.6,20,32.4,30,28.4
SDP,3.54,3.11,0.79,2.45,2.98,0.65,1.29,175,1.09,174,27,25.8,2.7,2.41,0.39,3.48,3.09,0.82,349,9.2,8.5,2.99,3.05,0.72,1.19,130,1.18,156,1.19,349,28.9,26.6,26.4,9.3,8.2,8.8,2.22,2.67,0.56,2.87,3.25,0.87,2.83,2.76,0.67,2.86,2.69,0.56,5.16,3.84,1.14,2.89,2.36,0.56,2.31,2.79,0.61,3.26,3.08,0.75,1.2,1.3,2.78,3.41,0.77,3.24,3.43,0.68,5.03,4.66,1.15,2.72,3.44,0.88,1.08,220,1.12,141,1.06,191,1.08,119,1.39,83,1.17,101,1.23,108,1.29,143,47.9,0.23,47.2,0.65,49.9,54.5,44.3,0.2,47,0.57,48.1,52.1,2.97,4.15,1.49,1.37,46,1.31,107,1.6,50,1.17,87,27.8,25.4,27.4,27,22.8,30.6,27.4,26.4,2.55,2.53,0.46,1.27,18,26.5,23.7,21,25.6,1.3,8.5,8,7.6,8.1,8.3,8,8.7,8.9,1.2,1.14,222,26.6,1.3,11.5,10.7,13.3,9.6,44.5,0.21,47.4,0.58,48.3,52,46.6,0.22,46,0.62,49,54.2,28.4,9.1,46.1,0.22,47.1,0.61,49,53.3,21,9,21,1.3,1.2,1.3,1.2,1.2,1.3,1.2,1.3,1.3,1.2,1.3,1.3,21,36.2,0.2,39.6,0.56,43.2,52.3,36.4,0.21,30,0.6,37.6,47.1,39.3,0.2,33.6,0.57,38.6,44,46.1,0.2,39.7,0.56,38.2,31,58.9,0.26,58.5,0.73,56.7,53.3,50.1,0.22,44.4,0.6,48.8,53.1,51.1,0.23,53.6,0.63,55.7,61.5,46.2,0.24,49,0.66,51.7,58.9,19,2,21,70.2,0.23,61.9,0.66,62.6,58.1,55,0.23,72.1,0.65,64.2,61.7,61.3,0.25,84.5,0.75,74.1,71.3,45.9,0.2,54,0.6,59.2,74.7,1.1,46.7,0.23,48.9,0.7,51.4,57.4,46.2,0.21,46.4,0.57,48.7,53,20,20,20,20,21,21,20,21,24,21,24,22,33,17,33.7,37.1,41.4,34.4,35.3,27.9,28.2,28,37.3,54.8,39.4,46.5,32.5,43.8,42,43.2,37.7,41.7,38.2
SEA,4.06,3.72,0.97,3.6,3.98,1.35,1.26,190,1.27,194,21.7,25.2,3.86,3.83,1.16,3.33,3.34,0.79,384,8.4,8.4,3.83,3.85,1.16,1.23,169,1.13,152,1.26,384,23.8,22.9,23.5,8.3,8,8.4,3.37,3.66,1.1,2.63,3.36,0.81,3.09,3.3,0.8,3.56,3.61,1,4.93,4.31,1.29,3.66,3.67,1.29,3.9,4.08,1.37,4.29,3.96,1.09,1,1,4.5,4.1,1.25,5.4,4.62,1.41,6.91,5.61,2.09,3.68,3.99,1.36,1.22,260,1.12,134,1.19,195,1.21,127,1.31,85,1.22,125,1.31,145,1.28,125,46.6,0.23,47.4,0.66,50.2,56,44.9,0.23,43.9,0.7,48.4,56.1,4.5,3.66,1.13,1.42,39,1.47,125,1.42,44,1.29,132,24.4,23,24.4,24.5,21.7,27.3,23.3,21.6,4.23,4.15,1.37,1.28,24,21.1,20,20.1,24.2,1,8.1,7.9,8.6,8.9,9.4,7.8,7.8,8.8,1,1.27,278,19.8,1,8.1,9.5,9.5,7.6,47,0.23,47.4,0.68,50.9,57.6,45.3,0.21,44,0.6,48,54.7,24.7,4.6,45.7,0.23,45.7,0.68,49.3,56,16,9.2,16,1,1,1,1,1,1,1,0.9,0.9,0.9,1,1,16,37.6,0.23,42.7,0.67,47.2,59.1,38.5,0.21,27.1,0.6,37.6,49.1,40.6,0.22,33,0.62,40.2,48.2,47.8,0.22,37.6,0.65,39.8,36.6,58.1,0.23,50.8,0.7,51.8,48.4,49.5,0.23,45.2,0.69,51.6,60.4,49.8,0.25,52.6,0.72,55,61.3,49.4,0.23,47.7,0.68,51.8,58.2,16,1.3,16,72.9,0.26,54.3,0.73,58.1,52.1,49.7,0.26,66.1,0.76,59.5,59.1,55.1,0.25,78.9,0.8,70.9,73.2,40.2,0.24,51.5,0.71,56.1,72.7,0.9,44.5,0.28,41.8,0.75,45.6,50.8,45.4,0.23,46.4,0.69,49.9,57.2,16,15,16,16,17,17,16,15,16,16,17,17,21,15,30.7,31,28.9,26.6,30.8,31.8,29.8,27,23.9,25,18.9,28.6,36.4,35.3,40.8,47.6,32.6,25,34.7
SFG,3.63,3.53,0.73,4.63,4.43,1.29,1.49,60,1.33,77,20.8,20.9,2.86,2.64,0.43,4.27,4.77,1.26,137,9.2,9.7,4.16,4.01,1.03,1.24,51,1.41,63,1.41,137,25.3,18.1,20.8,8.3,11,9.5,4.61,4.13,0.99,3.93,4.41,1.43,3.37,3.76,0.96,3.3,3.52,0.94,3.38,3.9,1.35,3.68,3.08,0.42,5.85,4.18,0.9,3.46,4.13,0.92,1.2,1.1,2.08,2.87,0,5.11,4.87,1.43,4.38,4.64,1.46,6.33,4.76,1.27,1.47,96,1.31,42,1.22,76,1.21,61,1.27,33,1.32,58,1.82,41,1.38,35,44.3,0.27,46.3,0.74,47.7,51.8,45.7,0.24,47.2,0.7,47.8,50.1,2.84,3.81,1.07,1.15,8,1.64,37,1.42,20,1.78,41,19.7,20.6,22.2,24,24.6,23.6,18.6,17.9,4.58,4.41,1.19,1.11,13,18.9,17.3,20.2,18.4,1.2,10.2,7.7,8.9,8.3,7.2,10.9,10.8,9.5,1.1,1.49,98,21.2,1.2,10.8,9.4,9.2,11.2,45.4,0.23,47.7,0.62,48.1,50.6,44.8,0.24,45.8,0.73,47,49.9,21.6,7.1,45,0.25,46.8,0.72,47.8,50.8,20,11.4,19,1.1,1.2,1.2,1.3,1.2,1.1,1,1.1,1.1,1.2,1.2,1,20,38.1,0.26,42.7,0.73,44,49.7,35.3,0.26,31,0.75,35.5,40.8,41.3,0.23,36.6,0.66,37.7,36.5,42.9,0.23,37.2,0.66,36,29.8,59.2,0.25,53.2,0.73,53.6,50,47.8,0.22,44.6,0.62,47.8,51.5,46.2,0.3,50.4,0.82,54.8,66.1,50.2,0.25,54.6,0.71,55.1,59.1,19,1.9,20,69.8,0.18,70.1,0.5,69.1,67.5,51.8,0.29,68.2,0.82,61.6,61.1,56.8,0.25,78.4,0.75,71.3,73.6,43.8,0.29,54.6,0.82,59,74.9,1,39.9,0.23,45.5,0.66,43.7,44.2,45.8,0.25,47.3,0.74,48.9,53.1,20,20,20,21,20,18,18,18,17,21,21,19,29,18,30.8,39,37,36,35.8,35.4,36.8,35.1,38.7,29.4,32.1,26.3,26.7,100,40,54.5,38.1,40,35.4
STL,4.73,4.41,1.23,2.94,3.46,0.66,1.34,166,1.21,172,22.1,21.6,3.99,3.88,0.96,3.18,3.84,0.95,338,11.1,9.6,3.8,3.92,0.94,1.27,140,1.15,128,1.27,338,21.3,23.3,21.8,9.5,10.5,10.3,3.82,3.76,0.9,3.82,3.03,0.51,3.99,3.45,0.74,3.96,3.75,0.83,4.05,4.34,1.11,4.29,4.77,1.26,3.93,4.41,1,3.42,3.88,0.93,1.1,1.1,3.17,3.78,0.74,3.28,3.95,1.04,3.16,4.2,1.29,4.05,4.16,1.07,1.18,205,1.21,114,1.24,162,1.22,121,1.34,94,1.33,116,1.29,105,1.25,116,45.8,0.22,49.8,0.69,51.4,57.3,48.5,0.21,50.7,0.61,50.6,52.1,4.24,3.61,0.77,1.53,39,1.27,108,1.29,71,1.35,101,23.3,22.7,22.1,21.6,18.7,19,19.3,20.4,3.83,4.03,1.02,1.16,15,21.9,23.8,25.1,23.7,1.1,10.3,8.7,9.1,10,9.7,11.5,11.8,9.2,1,1.37,234,17,1.1,11.6,10.7,10.9,12.1,47.3,0.23,52.3,0.66,52.6,56.8,47.2,0.19,49.2,0.59,49.5,51.6,22.5,6.4,47.1,0.22,50.2,0.65,51,54.6,18,10.8,18,1.1,1.1,1.1,1.1,1,1,1.1,1.1,1.2,1.1,1.1,1.1,19,37.3,0.2,42.3,0.61,45,53.5,37.4,0.22,31.8,0.6,36.7,41.7,41,0.22,35.4,0.63,39,41.9,42.9,0.21,36.2,0.63,37.2,34.4,58.7,0.24,58.1,0.69,56.9,54.3,48.8,0.22,45.4,0.69,51,58.8,47.7,0.21,51.1,0.66,55,64.5,54.1,0.22,57.9,0.65,57.3,58.9,17,1.6,18,70.8,0.26,73,0.72,68.3,61.3,55.6,0.21,74.8,0.65,66.1,63.7,60.4,0.21,82.8,0.67,72.3,68.9,44.3,0.22,58.2,0.67,60.2,74,1,49.8,0.24,54.7,0.65,53.2,54.1,46.9,0.23,49,0.69,50.3,54.3,17,17,17,17,18,18,18,17,21,19,19,19,26,17,50,30.7,40.7,36.2,39.7,37,32.7,40,38.3,38.1,40.4,31.7,40.7,50,46.7,48.6,40,50,45.2
TBR,2.89,3.39,0.93,3.1,3.45,1.02,1.02,157,1.06,194,25.4,24,2.57,3.5,1.13,3.15,3.07,0.8,351,8.3,6.7,3,3.43,0.98,1,127,0.98,167,1.04,351,25.8,25.3,24.6,6.8,6.9,7.4,2.82,3.2,0.83,3.11,3.28,0.87,2.72,3.18,0.85,2.74,3.26,0.91,3.46,3.86,1.23,2.73,3.13,0.83,3.19,3.61,1.04,3.19,3.83,1.14,1.2,1.1,3.21,4.6,1.93,3.1,3.78,1.19,3.86,4.09,1.42,3.1,3.26,0.91,1.02,246,1.06,118,0.98,188,1.07,126,1.09,92,0.91,98,1.04,121,0.99,95,45.1,0.19,45.9,0.56,47.6,51.4,43.9,0.21,45.3,0.61,49.4,58,6.04,6.01,2.42,1.07,13,1.11,135,1.31,42,1.05,130,25,25,24.4,24.6,23.5,24.7,25.7,24.8,2.49,3.28,0.81,1.34,14,26.8,24.3,23,24.6,1.1,7.5,7.8,6.7,7,7.2,6.4,8.7,8.8,1.1,1.04,243,20.4,1.2,7.1,7.7,7,6.7,45.4,0.2,48.3,0.59,50.2,55.9,43.9,0.19,42.1,0.55,46.3,53,24.8,9.2,44.4,0.2,45.6,0.59,48.6,55,18,8.3,18,1.1,1.2,1.2,1.1,1.2,1.1,1.1,1.2,1.1,1.1,1.1,1.1,18,37.8,0.19,46.1,0.56,48.5,58.9,42.2,0.2,24.8,0.58,36.4,45.5,43.4,0.19,32.6,0.56,39.2,43.6,47.6,0.2,34,0.58,37.3,33.7,58.4,0.21,41.1,0.64,46.4,43.9,46.1,0.18,45.1,0.53,49,55.6,43.9,0.19,54.6,0.59,55.7,65.4,46.9,0.18,47.6,0.57,51.1,58,17,1.6,18,70.5,0.21,67.1,0.69,65.3,59.7,45.2,0.21,64.1,0.64,58.9,63,50.5,0.26,77.3,0.74,70.2,76.1,39.5,0.21,55.3,0.61,57.7,73.5,1,43.1,0.24,45.9,0.79,49.2,57.4,44.9,0.19,45.4,0.56,48.6,54.9,17,19,18,17,18,17,18,19,18,17,17,18,24,16,19.4,27.6,22.7,25.4,23.9,26.7,22.2,17.7,24.4,18.5,10.3,43.2,21.4,0,32.7,13.6,25.5,12.5,23.9
TEX,3.68,3.63,0.85,3.04,3.48,0.91,1.21,167,1.25,154,22.8,22.8,3.38,3.22,0.75,3.02,3.5,0.77,321,9.7,7.9,3.38,3.56,0.88,1.18,122,1.22,150,1.23,321,23,23.9,22.8,7.6,10.2,8.8,3.44,3.49,0.84,4.05,3.33,0.87,3.62,3.16,0.7,2.6,2.84,0.43,3.6,3.79,1.11,3.47,3.73,0.94,3.31,3.98,1.06,3.99,3.45,0.96,1.1,1.1,2.13,3.73,0.71,2.52,3.64,0.81,2.25,4.19,1.13,3.45,4.17,1.13,1.21,239,1.29,118,1.2,176,1.02,88,1.34,57,1.16,109,1.24,118,1.39,111,45,0.21,45.4,0.63,48.8,55.4,40.5,0.24,44.1,0.67,49,60.6,3.69,3.92,0.92,1.14,25,1.25,94,1.38,27,1.26,122,23.2,25.2,23.9,22.7,21.9,21.4,20.8,24.3,2.82,3.39,0.83,1.28,20,21.3,21.6,24.5,21.7,1.2,8.9,8.7,8.3,7.7,7.6,8.4,8.8,8.3,1.1,1.18,223,20.7,1.1,11.1,9.4,12.2,10,42.8,0.22,46.9,0.62,50.2,59.1,42.2,0.22,42.4,0.63,47.5,57.2,24.1,9.8,42.9,0.22,44.7,0.65,48.9,57.9,19,8.7,18,1.1,1.1,1.1,1.2,1.1,1.1,1.2,1,1,1.2,1.2,1.2,19,36.3,0.22,41.6,0.64,46.9,60.4,36.5,0.24,27.7,0.67,38.7,52.8,38.5,0.22,33.3,0.62,40.8,51,46.3,0.19,39.5,0.53,40.2,36.7,57.6,0.26,50.5,0.72,51.8,49,44.9,0.22,45.1,0.63,49.8,58.7,46.2,0.23,53.9,0.67,55.5,64.1,44.9,0.26,43.3,0.71,48.8,57.8,18,2,19,71.8,0.18,61.6,0.55,61.3,53.6,48.4,0.22,65.7,0.64,60.5,63.3,56.6,0.22,79.7,0.68,72.4,75.3,38.5,0.22,49.8,0.67,55.2,73.2,1,40.6,0.23,42.8,0.67,44.8,50,43.7,0.22,44.6,0.62,49,57.8,19,18,18,19,19,19,19,18,17,20,21,19,32,16,33.8,33.3,26.8,32.3,33.6,31.2,41.7,35.1,32.4,38.7,29.8,31.7,30.9,36.8,29.3,33.3,36.8,33.3,32.7
TOR,3.1,3.49,0.85,2.74,3.4,0.91,1.17,186,1.12,202,23.5,25.5,3.46,3.64,1.12,2.25,2.73,0.44,388,8.9,8.7,2.91,3.44,0.88,1.14,183,1.03,132,1.15,388,24.6,26.4,24.6,7.6,9.1,8.8,2.87,3.29,0.83,3.45,3.74,0.77,2.94,3.44,0.71,2.9,3.33,0.66,3.54,4.31,1.18,2.82,3.41,0.98,2.56,3.18,0.85,2.69,3.4,0.72,1,1.1,2.41,3.31,0.8,2.68,3.3,0.86,3.58,4,1.36,3.05,3.56,1.16,1.07,268,1.23,98,1.2,173,1.23,133,1.43,62,1.16,131,1.11,150,1.29,109,47.1,0.22,51.1,0.62,52.3,57.5,46.2,0.21,48.4,0.62,49.9,54.3,3.97,3.98,1.19,1.21,58,1.09,159,1.1,65,1,146,25.8,22.6,22.8,22.2,22.1,25.5,26.3,24.1,2.5,3.49,0.82,1.01,18,21.4,24.9,25.4,27,1,8.7,11.3,9.7,9.1,11.1,8,7.9,10.3,1.1,1.12,274,22,1.1,6.6,8,8.4,7.5,46.9,0.22,50.8,0.64,52.2,57.7,45.8,0.19,47.7,0.53,49.4,54,23.2,7.7,46.7,0.21,49.7,0.62,51.1,55.8,17,8.9,17,1.1,1,1,1,1,1.1,1.1,0.9,1,1.1,1.1,1.2,16,38.4,0.2,46.9,0.59,48.4,57.2,39.4,0.21,28.3,0.62,37.2,45.9,41.6,0.21,36,0.62,40,43.4,45.3,0.22,39.7,0.62,39.4,34.9,57.4,0.24,57.2,0.71,55.7,52.9,50.6,0.22,44.7,0.64,50.2,56.2,49.7,0.22,52.6,0.62,55.4,62.6,56.1,0.22,51,0.64,54.4,57.2,17,1.3,17,73.2,0.25,54.4,0.67,58.4,52.7,47.9,0.21,66.9,0.6,60.3,61.7,53.1,0.2,79.2,0.63,70.6,73.4,40.8,0.2,57.7,0.6,59.1,73.8,1,50.5,0.19,50.9,0.59,50.3,49.5,46.4,0.21,50.2,0.6,51.4,56.4,17,15,17,17,18,18,16,16,15,16,18,17,20,15,20.5,28.9,25,18.8,24.7,21.1,33.3,23.2,25,34.6,6.5,30.5,26.1,29,26.7,18.4,23.3,33.3,27.4
WSN,3.38,3.7,0.83,5.32,4.44,1.34,1.27,88,1.41,108,22.7,23.2,5.21,4.28,1.28,3.47,3.71,0.81,196,10.5,10.8,4.45,4.11,1.11,1.38,75,1.23,91,1.35,196,23.2,21.9,23,10.3,10.1,10.7,4.33,3.97,1.06,3.07,3.7,1.02,3.5,4.01,0.99,3.98,4.51,1.02,3.91,4.27,0.91,5.66,4.78,1.31,5.61,3.81,1.06,3.73,3.66,1.05,1.5,1.5,6.67,4.69,2,5.12,3.79,0.97,6.58,5.79,2.08,5.96,4.23,1.3,1.32,133,1.15,79,1.23,115,1.39,75,1.3,46,1.4,75,1.43,63,1.13,63,45.5,0.22,42.8,0.64,47.4,54.1,44.8,0.24,44.5,0.74,47,51.5,3.68,4.19,1.23,1.67,17,1.63,42,1.81,18,1.59,58,23.9,24.5,22.3,18.7,18.9,20.7,25,26.2,4.93,4.25,1.2,1.18,9,27,24,20.5,23.9,1.4,10.7,9.2,10.6,12,11.4,12.2,10.4,9.5,1.6,1.42,128,16.5,1.5,8.7,10.8,11.5,10.5,45.6,0.24,44.4,0.72,47.4,52.1,45,0.22,45.1,0.64,47.9,53.1,24,5.5,45.1,0.23,43.7,0.69,47.2,52.6,25,11.5,26,1.5,1.6,1.5,1.3,1.5,1.4,1.5,1.8,1.6,1.5,1.4,1.4,24,37.3,0.23,39.8,0.68,43.5,52.1,38.5,0.21,29.9,0.63,38.2,47.5,41.1,0.21,34,0.64,39,43.3,43.3,0.23,34.9,0.7,35.9,31.9,57.6,0.21,47.9,0.64,51.8,52.3,48.5,0.23,44.7,0.71,48.6,53.3,47.3,0.24,50.9,0.71,55.3,66.1,52.5,0.2,51.8,0.62,54.6,59.4,26,2.4,25,72,0.3,63.2,0.87,63.5,57.9,51.4,0.28,68,0.78,61.4,61.2,62.3,0.31,80.7,0.92,70.8,65.6,39.4,0.27,46.3,0.78,53.6,72.2,1.1,42.7,0.24,47.5,0.69,50.2,58.8,44.8,0.24,43.8,0.71,47.3,53.2,25,24,25,23,25,25,26,28,27,28,26,26,41,19,25,24.2,30.4,17,24.5,25.6,34.9,27,33.3,17.4,14.3,20,8.6,40,23.8,25,31.4,0,29.3
