xwoba,pitches,csw_rate,avg_pfx_x,avg_pfx_z,pitch_pct,team_abbr,zone_rate,chase_rate,pitch_name,pitch_type,whiff_rate,batting_avg,avg_spin_rate,avg_launch_speed,avg_release_speed,in_zone_swing_rate
0.33,9751,26.66,-0.29,1.29,29.96,ARI,52.04,27.35,4-Seam Fastball,FF,15.03,0.23,2305.27,82.75,94.82,62.65
0.36,5450,28.44,-0.59,0.63,16.74,ARI,57.28,23.75,Sinker,SI,9.43,0.3,2211.89,84.79,94.33,57.01
0.29,4481,28.43,0.14,0.1,13.77,ARI,43.76,33.89,Slider,SL,25.84,0.23,2460.1,82.22,86.68,63.79
0.28,3769,22.76,-0.34,0.31,11.58,ARI,36.59,36.9,Changeup,CH,25.12,0.2,1721.39,82.18,86.3,74.91
0.27,2712,30.6,0.54,0.05,8.33,ARI,43.84,30.79,Sweeper,ST,28.66,0.19,2617.33,81.25,83.25,58.87
0.35,2478,26.11,0.11,0.62,7.61,ARI,50.48,26.73,Cutter,FC,17.47,0.3,2391.37,82.7,89.66,64.83
0.29,1938,30.6,0.26,-0.8,5.95,ARI,37.87,31.56,Curveball,CU,26.68,0.24,2631.41,81.32,80.24,49.86
0.21,1292,25.54,-0.74,0.29,3.97,ARI,36.15,40.97,Split-Finger,FS,33.19,0.17,1362.41,79.71,86.96,79.23
0.28,410,28.54,0.57,-0.68,1.26,ARI,42.93,37.61,Knuckle Curve,KC,27.23,0.24,2575.03,80.2,81.83,64.77
0.24,133,19.55,-0.07,-0.38,0.41,ARI,24.06,34.65,Slurve,SV,22.64,0.32,2493.99,81.14,83.32,56.25
0,102,3.92,-0.56,0.65,0.31,ARI,0,7.84,Unknown,UNK,25,0,2521,84.66,91.6,0
0.29,14,14.29,-0.71,1.39,0.04,ARI,21.43,45.45,Other,FA,0,0,1608.21,77.14,64.85,100
0.37,8,0,0.04,1.54,0.02,ARI,25,0,Eephus,EP,0,0,1418,101,56.25,100
0,7,57.14,1.4,-1,0.02,ARI,28.57,0,Slow Curve,CS,0,0,2978.43,0,74.7,0
0,6,33.33,-0.24,-0.12,0.02,ARI,66.67,0,Forkball,FO,0,0,764.67,76,87.73,50
0.34,9569,25.35,-0.12,1.29,29.82,ATH,52.67,28.84,4-Seam Fastball,FF,20.22,0.25,2300.61,83.02,94.51,72.3
0.32,6074,26.44,-0.45,0.65,18.93,ATH,56.16,28.99,Sinker,SI,13.52,0.27,2191.14,83.5,94.27,65.85
0.29,4389,28.87,0.07,0.1,13.68,ATH,41.49,32.28,Slider,SL,34.15,0.22,2445.42,82.02,86.23,71.06
0.25,3673,23.09,-0.08,0.36,11.45,ATH,37.52,34.9,Changeup,CH,29.09,0.22,1764.12,79.79,85.97,79.1
0.25,2450,30.33,0.51,0.03,7.64,ATH,43.47,33.36,Sweeper,ST,31.45,0.19,2591.62,80.73,82.32,66.48
0.37,2344,26.58,0.1,0.67,7.3,ATH,50.9,30.5,Cutter,FC,23.78,0.3,2378.63,81.83,89.73,72.09
0.24,1606,32.57,0.17,-0.9,5,ATH,41.41,28.59,Curveball,CU,33.28,0.21,2573.08,81.57,79.83,55.34
0.28,1127,22.8,-0.77,0.19,3.51,ATH,35.76,33.43,Split-Finger,FS,34.02,0.18,1381.44,83.55,86.76,84.37
0.27,517,28.82,0.48,-0.83,1.61,ATH,36.56,30.79,Knuckle Curve,KC,37,0.25,2500.42,85.46,83.53,66.67
0.7,153,5.23,0.86,0.21,0.48,ATH,0,7.19,Unknown,UNK,27.27,0.12,2809.67,90.66,85.13,0
0.28,101,24.75,-0.86,-0.39,0.31,ATH,35.64,20,Slurve,SV,21.62,0.35,2381.66,80.85,81.58,66.67
0.47,46,4.35,0.02,1.32,0.14,ATH,19.57,45.95,Eephus,EP,0,0.4,1120.28,87.75,46.19,100
0.1,21,19.05,-1.26,-0.14,0.07,ATH,23.81,43.75,Forkball,FO,33.33,0.2,1043.76,76.68,82.6,100
0.39,11,18.18,-0.52,0.78,0.03,ATH,27.27,25,Other,FA,0,0.5,1500.45,72.83,68.59,33.33
1.14,8,12.5,0.97,-0.25,0.02,ATH,12.5,28.57,Slow Curve,CS,0,0.67,2135.25,106.5,66.04,0
0.33,9802,25.36,-0.24,1.28,30.79,ATL,51.48,28.41,4-Seam Fastball,FF,19.81,0.23,2322.25,83.72,94.89,70.89
0.36,5207,25.62,-0.32,0.63,16.36,ATL,54.45,31.75,Sinker,SI,11.86,0.29,2209.99,84.07,94.09,65.01
0.29,3620,29.7,0.09,0.12,11.37,ATL,43.76,37.48,Slider,SL,31.82,0.24,2444.59,82.56,86.54,68.5
0.28,3526,19.68,-0.32,0.35,11.08,ATL,34.12,38.23,Changeup,CH,24.55,0.23,1754.16,82.29,86.31,78.89
0.29,2923,27.88,0.29,0.09,9.18,ATL,43.62,34.16,Sweeper,ST,25.41,0.23,2579.2,80.76,82.23,66.67
0.36,2874,27.91,0.08,0.65,9.03,ATL,48.54,31.24,Cutter,FC,24.93,0.26,2402.17,82.52,89.78,68.96
0.29,2034,27.34,0.24,-0.84,6.39,ATL,41.05,37.2,Curveball,CU,24.95,0.24,2624.22,82.09,80.11,63.23
0.27,870,20.69,-0.54,0.31,2.73,ATL,33.33,43.45,Split-Finger,FS,27.18,0.24,1327.89,80.63,86.42,83.1
0.21,452,36.5,0.47,-0.77,1.42,ATL,33.41,52.49,Knuckle Curve,KC,39.02,0.23,2469.33,80.5,83.78,58.28
0.28,285,26.67,-0.08,-0.41,0.9,ATL,38.25,32.95,Slurve,SV,29.77,0.23,2557.18,81.33,83.18,66.97
0,87,0,-0.91,1.44,0.27,ATL,0,0,Unknown,UNK,0,0,0,0,95,0
0.65,72,13.89,0.02,1.56,0.23,ATL,34.72,29.79,Eephus,EP,0,0.58,1039.53,91.62,40.56,64
0.54,44,22.73,-0.6,0.94,0.14,ATL,40.91,30.77,Other,FA,9.09,0.43,1520.18,88.67,60.99,77.78
0.11,21,28.57,-0.6,0.09,0.07,ATL,28.57,40,Forkball,FO,45.45,0.14,1115.24,79.62,85.19,83.33
0.09,11,0,-0.13,-0.17,0.03,ATL,18.18,11.11,Knuckleball,KN,0,0,327,86.25,81.01,50
0,3,0,1.32,-0.3,0.01,ATL,66.67,0,Slow Curve,CS,0,0,2463,0,70.7,0
0,2,0,-0.7,0.96,0.01,ATL,0,0,Pitch Out,PO,0,0,2528,0,90.2,0
0,1,0,-1.23,-0.92,0,ATL,0,0,Unknown,UN,0,0,1816,0,60.5,0
0.35,9882,26.15,-0.25,1.32,29.6,BAL,54.69,24.16,4-Seam Fastball,FF,18.55,0.23,2290.2,84.96,94.74,69.45
0.39,5245,27.7,-0.37,0.61,15.71,BAL,56,22.57,Sinker,SI,11.96,0.3,2190.43,84.35,94.02,59.96
0.29,4985,31.13,0.07,0.13,14.93,BAL,42.19,33.66,Slider,SL,33.49,0.21,2417.16,82.33,85.96,65.76
0.29,3957,22.16,-0.24,0.32,11.85,BAL,35.23,35.31,Changeup,CH,27.63,0.24,1742.68,79.74,85.95,76.83
0.28,2781,32.15,0.58,0.09,8.33,BAL,43.94,27.77,Sweeper,ST,28.74,0.2,2586.38,81.25,82.53,55.97
0.34,2618,30.29,0.1,0.68,7.84,BAL,51.87,28.17,Cutter,FC,25.48,0.24,2356.93,82.93,89.57,65.46
0.25,2111,30.51,0.32,-0.88,6.32,BAL,37.66,30.7,Curveball,CU,33.02,0.18,2565.79,80.75,79.67,54.72
0.32,1161,22.39,-0.88,0.2,3.48,BAL,32.13,32.99,Split-Finger,FS,30.73,0.23,1369.68,81.83,86.7,77.75
0.22,419,35.8,0.7,-0.94,1.25,BAL,42.72,36.67,Knuckle Curve,KC,37.23,0.18,2530.07,83.8,82.12,55.87
0,132,0,0,0,0.4,BAL,0,0,Unknown,UNK,0,0,0,0,0,0
0.36,79,26.58,0.16,-0.81,0.24,BAL,35.44,27.45,Slurve,SV,32.26,0.15,2718.9,84.7,80.45,60.71
0.49,9,22.22,-0.3,1.31,0.03,BAL,0,55.56,Eephus,EP,0,0,1256.89,87.26,44.88,0
0,8,50,1.18,-0.38,0.02,BAL,100,0,Slow Curve,CS,0,0,2434.25,87.75,70.45,50
0,1,0,-0.71,1.34,0,BAL,0,0,Pitch Out,PO,0,0,2327,0,90.8,0
0.32,10222,26.84,-0.26,1.32,31.98,BOS,51.4,29.31,4-Seam Fastball,FF,20.14,0.24,2319.08,82.12,94.72,67.26
0.37,5236,27.71,-0.58,0.63,16.38,BOS,56.46,27.81,Sinker,SI,11.31,0.3,2198.34,83.01,93.95,62.01
0.28,4250,30.42,0.11,0.14,13.3,BOS,43.32,36.41,Slider,SL,32.6,0.24,2449.69,80.93,86.1,69.15
0.29,3481,25.62,-0.3,0.34,10.89,BOS,37.78,37.67,Changeup,CH,32.68,0.24,1759.99,81.17,85.87,77.79
0.32,2512,26.51,0.12,0.68,7.86,BOS,51.43,29.75,Cutter,FC,19.07,0.26,2375.72,82.06,89.8,68.11
0.25,2168,30.9,0.47,0.08,6.78,BOS,43.17,35.39,Sweeper,ST,30.12,0.22,2594.11,78.04,82.75,59.83
0.25,2042,29.97,0.31,-0.94,6.39,BOS,40.01,29.39,Curveball,CU,29,0.19,2657.32,81.27,80.17,54.71
0.25,1177,23.36,-0.92,0.25,3.68,BOS,41.38,36.67,Split-Finger,FS,26.79,0.23,1359.15,80.64,86.26,76.8
0.31,560,28.39,0.6,-0.96,1.75,BOS,36.79,33.9,Knuckle Curve,KC,29.11,0.25,2523.69,85.47,82.53,56.8
0.34,115,24.35,-0.33,-0.39,0.36,BOS,38.26,38.03,Slurve,SV,24.14,0.11,2393.11,77.73,81.87,70.45
0,81,1.23,0,0,0.25,BOS,0,0,Unknown,UNK,0,0,0,0,0,0
0.39,60,20,-0.25,1.66,0.19,BOS,41.67,31.43,Eephus,EP,0,0.5,1230.72,83.08,46.69,60
0.04,34,32.35,0.17,0.92,0.11,BOS,35.29,27.27,Other,FA,0,0,1777.35,81.5,69.83,50
0.25,12,33.33,-0.22,-0.05,0.04,BOS,66.67,0,Knuckleball,KN,0,0.67,195.17,94.2,78.93,50
0.7,7,0,0.91,-0.92,0.02,BOS,57.14,0,Slow Curve,CS,0,0.5,2276.43,84,65.53,100
0,5,0,-0.94,1.13,0.02,BOS,0,0,Pitch Out,PO,0,0,2263,0,91.14,0
0,3,66.67,-0.88,-0.14,0.01,BOS,33.33,50,Forkball,FO,100,0,1290.67,0,84.93,0
0.34,10020,24.95,-0.24,1.27,28.51,CHC,52.22,25.52,4-Seam Fastball,FF,16.58,0.25,2308.83,83.85,94.84,67.37
0.37,5738,27.68,-0.47,0.57,16.33,CHC,56.31,24.73,Sinker,SI,10.3,0.31,2194.64,83.54,94.37,59.21
0.31,5163,30.29,0.15,0.12,14.69,CHC,44.57,29.98,Slider,SL,29.63,0.24,2446.72,81.06,86.68,62.89
0.27,3987,25.03,-0.3,0.28,11.35,CHC,36.27,33.96,Changeup,CH,31.72,0.21,1789.56,80.62,86.33,73.1
0.28,3098,27.76,0.5,0.08,8.82,CHC,43.96,25.35,Sweeper,ST,25.51,0.23,2573.05,80.29,82.67,61.23
0.39,2475,25.13,0.1,0.65,7.04,CHC,48,25.33,Cutter,FC,20.14,0.27,2401.14,82.17,89.99,66.58
0.26,2136,31.27,0.33,-0.83,6.08,CHC,40.26,28.21,Curveball,CU,31.7,0.2,2669.08,81.71,80.68,53.14
0.35,886,24.83,-0.78,0.25,2.52,CHC,35.44,30.07,Split-Finger,FS,33,0.28,1418.91,81.39,86.86,74.52
0.28,653,27.41,0.62,-0.84,1.86,CHC,38.44,28.36,Knuckle Curve,KC,31.03,0.2,2477.81,81.21,82.63,58.57
0.29,298,31.21,-0.57,-0.38,0.85,CHC,40.27,30.34,Slurve,SV,26.09,0.22,2318.82,79.76,82.66,50.83
0.46,238,17.23,0.16,1.54,0.68,CHC,24.37,29.44,Eephus,EP,6.19,0.49,1057.28,86.09,43.06,75.86
0,149,4.03,0,0,0.42,CHC,0,5.37,Unknown,UNK,25,0,0,78.1,0,0
0.45,127,18.11,0.28,0.52,0.36,CHC,24.41,25,Knuckleball,KN,20.83,0.59,610.25,81.8,55.54,77.42
0.21,95,24.21,-0.67,0.99,0.27,CHC,54.74,20.93,Other,FA,10.64,0.3,1781.41,75.27,72.32,73.08
0.37,50,18,-0.82,0.15,0.14,CHC,14,20.93,Forkball,FO,56.25,0.12,1095.28,71.44,82.88,100
0.04,27,14.81,0.71,-0.41,0.08,CHC,7.41,36,Slow Curve,CS,36.36,0,2177.93,73,66.99,100
0,2,0,-0.52,1.01,0.01,CHC,0,0,Pitch Out,PO,0,0,2177,0,94.35,0
0.35,10081,25.89,-0.31,1.29,31.01,CHW,52.47,25.33,4-Seam Fastball,FF,20.51,0.24,2307.21,83.99,94.69,69.98
0.35,5395,26.91,-0.41,0.64,16.59,CHW,56.55,23.85,Sinker,SI,14.57,0.26,2182.84,83.9,94.3,64.67
0.28,4489,30.72,0.12,0.13,13.81,CHW,43.55,32.72,Slider,SL,34.32,0.2,2426.67,82.38,86.35,68.64
0.28,3895,23.9,-0.32,0.33,11.98,CHW,37.25,35.31,Changeup,CH,30.71,0.23,1754.47,80.14,85.72,78.77
0.36,2645,25.78,0.14,0.65,8.14,CHW,50.89,28.18,Cutter,FC,22.46,0.25,2378.36,82.05,89.55,72.07
0.28,2158,27.57,0.41,0.04,6.64,CHW,42.86,24.57,Sweeper,ST,27.92,0.22,2603.42,79.22,82.36,65.19
0.31,1997,28.34,0.44,-0.87,6.14,CHW,40.36,25.27,Curveball,CU,25.31,0.21,2619.52,80.6,80.12,52.85
0.25,991,27.04,-0.61,0.25,3.05,CHW,36.33,34.55,Split-Finger,FS,38.69,0.2,1286.06,81.72,86.75,79.44
0.3,504,29.56,0.55,-0.72,1.55,CHW,41.87,31.74,Knuckle Curve,KC,29.18,0.26,2584.92,83.53,82.97,66.35
0,171,3.51,-1.38,0.28,0.53,CHW,0,18.71,Unknown,UNK,6.25,0.11,2020,95.7,93.2,0
0.34,115,22.61,0.7,-0.7,0.35,CHW,37.39,33.33,Slurve,SV,26.42,0.31,2718.96,81.57,80.79,67.44
0.46,33,15.15,-0.19,1.44,0.1,CHW,30.3,17.39,Eephus,EP,0,0.38,1129.21,96.1,44.86,60
0.48,22,22.73,0.53,1.1,0.07,CHW,45.45,8.33,Other,FA,11.11,0.5,1711.59,86.78,69.25,80
0.27,7,28.57,-0.99,0.12,0.02,CHW,14.29,33.33,Forkball,FO,66.67,0.5,1326.57,99.1,82.97,100
0,6,0,-0.72,1.24,0.02,CHW,33.33,0,Pitch Out,PO,0,0,2264.67,0,89.63,0
0,2,0,1.47,-0.56,0.01,CHW,0,100,Slow Curve,CS,0,0,2746,89.8,68.1,0
0.34,10010,28.66,-0.37,1.27,30.47,CIN,52.84,25.76,4-Seam Fastball,FF,21.4,0.22,2328.52,83.98,94.98,65.65
0.37,5709,28.8,-0.68,0.65,17.38,CIN,57.47,24.42,Sinker,SI,12.4,0.26,2218,85.09,94.62,60.8
0.28,4204,30.76,0.17,0.13,12.8,CIN,44.41,31.02,Slider,SL,33.59,0.19,2427.83,83.4,86.46,67.54
0.28,3639,25.34,-0.44,0.37,11.08,CIN,38.09,31.07,Changeup,CH,33.54,0.22,1759.84,79.23,86.11,76.41
0.24,3009,30.24,0.73,0.08,9.16,CIN,41.97,28.81,Sweeper,ST,31.63,0.2,2593.58,79.78,83.53,61.05
0.27,2511,30.31,0.29,-0.89,7.64,CIN,37.87,27.82,Curveball,CU,31.92,0.18,2638.15,82.77,80.69,53.84
0.37,2006,27.52,0.12,0.67,6.11,CIN,52.59,23.13,Cutter,FC,18,0.3,2420.09,82.89,89.77,67.11
0.26,965,27.88,-0.59,0.26,2.94,CIN,38.96,33.45,Split-Finger,FS,37.16,0.22,1449.94,80.67,86.8,75
0.3,449,28.73,0.51,-0.82,1.37,CIN,40.31,33.96,Knuckle Curve,KC,28.14,0.27,2519.43,82.12,82.26,59.67
0.28,148,31.08,0.48,-0.45,0.45,CIN,53.38,24.64,Slurve,SV,26.87,0.23,2777.95,85.23,81.81,63.29
0,94,3.19,0,0,0.29,CIN,0,4.26,Unknown,UNK,0,0.33,0,88.28,0,0
0.5,44,22.73,-0.67,1.44,0.13,CIN,27.27,25,Other,FA,0,0.62,2088.95,85.65,78.2,100
0.46,37,13.51,-0.15,1.41,0.11,CIN,24.32,25,Eephus,EP,0,0.25,1259.19,89.94,47.64,77.78
0.25,24,8.33,-0.92,0,0.07,CIN,25,11.11,Forkball,FO,25,0,1117.5,82.47,82.85,100
0,2,0,-0.4,1.03,0.01,CIN,0,0,Pitch Out,PO,0,0,2058,0,92.3,0
0.34,10119,25.54,-0.26,1.29,31.4,CLE,54.12,25.35,4-Seam Fastball,FF,16.8,0.26,2308.32,83.39,94.79,67.95
0.34,4816,27.43,-0.23,0.63,14.95,CLE,55.73,22.09,Sinker,SI,12.59,0.27,2215.07,84.06,94.14,61.44
0.27,4257,31.57,0.01,0.12,13.21,CLE,44.37,33.53,Slider,SL,30.35,0.2,2429.02,81.56,86.35,61.94
0.26,3870,24.08,-0.52,0.36,12.01,CLE,35.25,35.95,Changeup,CH,28.56,0.2,1756.74,80.91,86.55,72.29
0.31,2735,27.86,0.13,0.67,8.49,CLE,52.94,28.28,Cutter,FC,21.19,0.23,2378.75,81.02,90.11,68.72
0.25,2532,28.99,0.36,0.08,7.86,CLE,41.03,28.67,Sweeper,ST,28.9,0.21,2593.19,79.72,81.94,60.06
0.29,1917,32.24,0.35,-0.88,5.95,CLE,41.21,27.68,Curveball,CU,26.66,0.22,2664.82,81.67,80.18,46.46
0.24,1130,23.36,-0.8,0.35,3.51,CLE,35.58,36.68,Split-Finger,FS,28.67,0.17,1389.15,79.22,86.51,74.13
0.24,421,27.32,0.47,-0.79,1.31,CLE,41.09,30.24,Knuckle Curve,KC,23.46,0.31,2511.94,79.04,83.17,60.12
0.35,173,34.1,-0.98,-0.32,0.54,CLE,43.35,17.35,Slurve,SV,20.83,0.21,2660.62,81.53,82.25,41.33
0,160,4.38,-0.39,-0.31,0.5,CLE,0,15.62,Unknown,UNK,16,0.2,2446.6,84.74,74.58,0
0.42,44,13.64,-0.26,1.26,0.14,CLE,36.36,50,Eephus,EP,0,0.33,1327.68,85.29,52.31,62.5
0.01,34,32.35,-0.7,0.08,0.11,CLE,26.47,32,Forkball,FO,53.85,0,886.79,76.8,84.73,55.56
0.31,12,0,-0.91,1.42,0.04,CLE,25,22.22,Other,FA,0,0,1870.58,86.23,68.6,100
0.27,3,33.33,1.35,-0.16,0.01,CLE,66.67,100,Slow Curve,CS,50,1,2471.67,93.4,69.47,50
0.33,10025,24.28,-0.25,1.2,32.5,COL,51.67,31.5,4-Seam Fastball,FF,18.97,0.26,2334.49,81.94,94.85,72.41
0.35,4232,23.53,-0.28,0.59,13.72,COL,56.38,27.03,Sinker,SI,11.18,0.27,2215.65,82.95,94,67.52
0.28,4005,27.97,0.08,0.11,12.98,COL,41.45,38.04,Slider,SL,32.5,0.23,2463.71,80.96,86.57,76.57
0.27,3600,22.64,-0.39,0.33,11.67,COL,36.03,39.82,Changeup,CH,29.7,0.23,1804.83,79.51,86.12,85.04
0.26,2634,28.44,0.4,0.04,8.54,COL,38.57,37.33,Sweeper,ST,32.55,0.18,2589.37,79.37,82.94,70.87
0.28,2177,29.44,0.2,-0.74,7.06,COL,38.36,35.25,Curveball,CU,32.65,0.25,2611.6,80.56,80.19,60.72
0.34,2163,23.49,0.09,0.61,7.01,COL,48.27,34.41,Cutter,FC,18.51,0.28,2399.33,81.25,89.83,73.85
0.27,946,24.63,-0.65,0.22,3.07,COL,36.47,40.77,Split-Finger,FS,32.83,0.23,1397.21,80.03,87.05,83.48
0.22,553,33.82,0.58,-0.68,1.79,COL,39.78,42.94,Knuckle Curve,KC,39.39,0.17,2448.93,77.23,82.7,70
0.31,177,28.81,0.64,-0.6,0.57,COL,35.59,38.6,Slurve,SV,32.14,0.14,2768.95,79.94,80.78,63.49
0.23,81,24.69,-0.24,-0.26,0.26,COL,39.51,22.45,Forkball,FO,39.47,0.17,640.78,83.3,84.08,84.38
0.46,67,19.4,-0.07,0.07,0.22,COL,53.73,22.58,Knuckleball,KN,12.12,0.58,315.54,87.22,74.92,72.22
0.46,61,11.48,-0.13,1.36,0.2,COL,42.62,37.14,Eephus,EP,2.78,0.46,1060.05,84.91,46.95,88.46
0,59,0,0,0,0.19,COL,0,0,Unknown,UNK,0,0,0,0,0,0
0.48,56,8.93,-0.12,1.08,0.18,COL,41.07,33.33,Other,FA,0,0.62,1527.25,88.7,63.36,82.61
0.04,7,57.14,0.46,-0.45,0.02,COL,57.14,100,Slow Curve,CS,57.14,0,2368.86,92.13,76.16,100
0,2,0,-0.56,1,0.01,COL,0,0,Pitch Out,PO,0,0,2235,0,90.9,0
0.35,10464,24.16,-0.26,1.32,31.82,DET,53.12,23.28,4-Seam Fastball,FF,15.79,0.24,2308.41,83.86,94.5,70.05
0.37,4992,25.92,-0.47,0.66,15.18,DET,56.35,24.28,Sinker,SI,10.02,0.29,2199.52,83.67,94.02,62.82
0.25,4156,25.89,-0.24,0.36,12.64,DET,38.04,35.46,Changeup,CH,33.08,0.21,1729.41,79.59,85.43,74.57
0.28,3837,29.76,0.08,0.13,11.67,DET,43.89,29.91,Slider,SL,31.42,0.22,2428.62,81.8,86.18,66.27
0.35,2771,26.31,0.11,0.61,8.43,DET,52.51,25.3,Cutter,FC,20.24,0.26,2360.74,81.9,89.63,69.83
0.3,2523,30.8,0.51,0.11,7.67,DET,47.28,30.3,Sweeper,ST,25.89,0.26,2574.3,79.55,82.45,58.17
0.28,2252,31.13,0.35,-0.83,6.85,DET,40.63,26.78,Curveball,CU,29.83,0.21,2574.12,82.24,80.04,52.46
0.2,1146,24.17,-0.83,0.23,3.49,DET,33.33,35.47,Split-Finger,FS,35.09,0.13,1335.89,79.21,86.1,78.27
0.24,385,26.23,0.49,-0.99,1.17,DET,38.7,31.78,Knuckle Curve,KC,20.12,0.17,2530.65,79.75,82.12,59.73
0.24,180,35.56,-0.3,-0.41,0.55,DET,37.78,28.57,Slurve,SV,33.82,0.05,2691.83,82.61,82.23,52.94
0.38,75,16,-0.22,1.37,0.23,DET,36,29.17,Eephus,EP,0,0.36,1178.45,87.63,45.62,70.37
0,72,0,0,0,0.22,DET,0,0,Unknown,UNK,0,0,0,0,0,0
0.52,22,13.64,0.18,1.19,0.07,DET,45.45,33.33,Other,FA,0,0.4,1548.91,84.69,64.1,50
0.18,6,0,1.4,-0.99,0.02,DET,16.67,20,Slow Curve,CS,0,0,2728.83,68.05,71.53,100
0,2,0,0.29,1.24,0.01,DET,0,0,Unknown,UN,0,0,961,0,47,0
0.34,9466,26.61,-0.34,1.34,29.24,HOU,52.56,28.57,4-Seam Fastball,FF,20.51,0.24,2333.51,83.8,95.1,68.96
0.35,5555,25.09,-0.73,0.67,17.16,HOU,55.23,28.63,Sinker,SI,9.46,0.29,2210.47,83.97,94.52,62.55
0.26,4408,29.49,0.15,0.08,13.62,HOU,41.13,35.92,Slider,SL,32.87,0.19,2453.82,81.27,86.83,67.4
0.23,3068,31.32,0.72,0.09,9.48,HOU,42.44,34.65,Sweeper,ST,32.86,0.2,2640.6,79.85,83.2,62.14
0.25,3006,25.75,-0.28,0.38,9.29,HOU,36.83,33.97,Changeup,CH,31.99,0.21,1757.23,80.56,86.17,73.62
0.37,2754,24.36,0.12,0.66,8.51,HOU,51.38,27.04,Cutter,FC,18.09,0.25,2416.31,82.24,89.94,70.11
0.3,2090,29.19,0.26,-0.92,6.46,HOU,35.45,32.32,Curveball,CU,29.99,0.21,2566.39,80.56,79.65,55.47
0.3,1092,25.46,-0.66,0.3,3.37,HOU,35.71,37.46,Split-Finger,FS,33.45,0.27,1329.3,81.83,86.31,75.13
0.28,518,28.38,0.56,-0.94,1.6,HOU,32.24,38.46,Knuckle Curve,KC,33.62,0.29,2542.34,79.58,82.1,59.88
0,226,0,0.13,0.58,0.7,HOU,0,0,Unknown,UNK,0,0,2143,0,87.6,0
0.51,73,10.96,-0.7,-0.3,0.23,HOU,23.29,21.43,Slurve,SV,22.22,0.29,2556.82,91.34,81.19,88.24
0.33,48,20.83,-0.06,1.48,0.15,HOU,37.5,33.33,Other,FA,0,0.31,1589.06,69.48,65.13,55.56
0.33,46,21.74,0.26,1.29,0.14,HOU,30.43,37.5,Eephus,EP,8.33,0.56,864.17,91.06,40.68,85.71
0,8,50,-0.92,-0.04,0.02,HOU,75,0,Forkball,FO,50,0,1269.5,79.2,82.6,66.67
0,8,25,1.06,-1.22,0.02,HOU,0,25,Slow Curve,CS,100,0,2455.25,0,67.7,0
0,2,0,0.38,0.36,0.01,HOU,0,0,Knuckleball,KN,0,0,107,0,51.3,0
0,2,0,-0.81,1.22,0.01,HOU,0,0,Unknown,UN,0,0,1491,0,72.2,0
0.33,9939,25.87,-0.26,1.28,32.12,KCR,53.23,27.82,4-Seam Fastball,FF,15.16,0.25,2301.89,83.09,94.53,66.06
0.35,4529,26.87,-0.24,0.64,14.64,KCR,55.4,24.26,Sinker,SI,8.8,0.28,2205.95,84.44,93.99,59.27
0.3,3583,28.75,0.13,0.11,11.58,KCR,40.52,33.6,Slider,SL,30.39,0.24,2436.42,82.9,86.12,66.74
0.28,3292,22.17,-0.26,0.38,10.64,KCR,36.63,36.48,Changeup,CH,27.21,0.25,1743.15,82.5,86,77.69
0.26,2956,30.95,0.35,0.08,9.55,KCR,42.15,33.98,Sweeper,ST,30.74,0.21,2590.23,80.16,82.91,59.63
0.34,2743,26.98,0.12,0.61,8.86,KCR,48.89,29.96,Cutter,FC,21.05,0.24,2410.73,83.24,89.5,65.4
0.29,1994,28.79,0.2,-0.92,6.44,KCR,39.67,32.59,Curveball,CU,24.85,0.22,2609.51,81.3,79.86,56.26
0.26,1050,22.76,-0.84,0.37,3.39,KCR,36.67,35.34,Split-Finger,FS,26.92,0.21,1515.48,83,86.79,77.92
0.28,500,31.4,0.65,-0.76,1.62,KCR,40.8,42.23,Knuckle Curve,KC,32.41,0.3,2598.96,83.31,81.53,62.75
0.25,175,20.57,-0.77,-0.47,0.57,KCR,37.71,23.85,Slurve,SV,20.29,0.16,2547.67,80.21,82.58,65.15
0,101,0,0.45,1.49,0.33,KCR,0,0,Unknown,UNK,0,0,0,0,90.4,0
0.44,39,23.08,-0.31,1.76,0.13,KCR,41.03,17.39,Eephus,EP,0,0.44,1218.97,94.43,47.75,75
0.28,22,22.73,-0.92,0.09,0.07,KCR,9.09,35,Forkball,FO,37.5,0,1258.64,58.88,83.95,50
0.36,13,23.08,-0.62,1.1,0.04,KCR,46.15,42.86,Other,FA,14.29,0.67,1766.77,77.98,70.96,66.67
0,4,25,0,-0.17,0.01,KCR,0,25,Knuckleball,KN,100,0,306.5,0,81.03,0
0,2,0,1.12,-0.47,0.01,KCR,0,0,Unknown,UN,0,0,1820,0,51.9,0
0.34,10211,25.36,-0.25,1.33,31.51,LAA,52.2,24.99,4-Seam Fastball,FF,19.99,0.24,2300.28,82.2,94.85,70.86
0.34,5069,27.28,-0.68,0.65,15.64,LAA,56.6,26.91,Sinker,SI,12.78,0.26,2185.76,83.14,94.21,64.2
0.26,4446,32.75,0.1,0.12,13.72,LAA,42.4,39.75,Slider,SL,36.23,0.21,2431.73,81.21,86.44,69.44
0.24,3722,27.11,-0.09,0.4,11.49,LAA,36.24,38.14,Changeup,CH,35.08,0.19,1753.9,79.21,85.87,75.98
0.26,2720,31.14,0.78,0.15,8.39,LAA,41.43,36.28,Sweeper,ST,33.46,0.22,2615,79.12,83.07,63
0.37,2449,26.79,0.11,0.67,7.56,LAA,51.98,31.72,Cutter,FC,20.11,0.29,2370.01,82.2,89.78,69.13
0.27,2003,31.3,0.28,-0.91,6.18,LAA,39.89,34.47,Curveball,CU,32.58,0.2,2548.34,81.31,79.89,59.45
0.26,1025,27.8,-0.81,0.16,3.16,LAA,38.83,40.51,Split-Finger,FS,37.09,0.2,1291.88,81.23,87.37,83.17
0.23,424,28.54,0.41,-0.76,1.31,LAA,38.92,34.36,Knuckle Curve,KC,33.33,0.27,2565.89,85.82,83.17,69.7
0,133,4.51,0,0,0.41,LAA,0,16.54,Unknown,UNK,9.09,0.25,0,95.2,0,0
0.19,82,50,-0.53,-0.54,0.25,LAA,54.88,43.24,Slurve,SV,40,0.28,2770.72,70.29,81.82,42.22
0.54,44,18.18,-0.12,1.63,0.14,LAA,45.45,33.33,Eephus,EP,0,0.44,1077.36,92.39,40.85,70
0.28,31,12.9,-0.26,-0.25,0.1,LAA,51.61,33.33,Knuckleball,KN,5.26,0.44,321.19,79.08,80.93,87.5
0.12,26,30.77,-0.28,-0.02,0.08,LAA,69.23,25,Forkball,FO,16.67,0.33,734.77,78.55,86.27,55.56
0.94,10,20,-0.27,1.72,0.03,LAA,40,0,Other,FA,50,1,1540.6,106.7,57.42,100
0,7,14.29,1.02,-0.19,0.02,LAA,57.14,33.33,Slow Curve,CS,0,0,2429.14,75.68,68.94,75
0,2,0,0.56,2.31,0.01,LAA,0,0,Unknown,UN,0,0,856,0,39.3,0
0.35,10048,25.41,-0.28,1.26,31.32,LAD,52.86,26.45,4-Seam Fastball,FF,18.49,0.25,2316.61,84.05,94.84,69.48
0.38,4946,25.86,-0.39,0.59,15.42,LAD,55.68,25.23,Sinker,SI,11.63,0.28,2187.84,84.76,94.17,63.62
0.32,4147,29.2,0.08,0.12,12.93,LAD,45.26,31.28,Slider,SL,29.39,0.22,2428.33,81.54,86.28,66.22
0.3,4119,23.36,-0.48,0.32,12.84,LAD,36.27,31.81,Changeup,CH,29.41,0.23,1780.48,81.55,86.59,74.97
0.39,2743,24.39,0.05,0.65,8.55,LAD,52.46,25.46,Cutter,FC,17.05,0.32,2399.35,82.41,89.89,71.09
0.28,2337,30.38,0.42,0.07,7.28,LAD,45.66,28.03,Sweeper,ST,28.36,0.26,2620.1,80.53,82.72,59.51
0.28,1955,28.08,0.32,-0.78,6.09,LAD,37.95,26.71,Curveball,CU,30.81,0.25,2618.03,81.15,80.53,59.57
0.24,964,24.9,-0.66,0.21,3,LAD,34.65,33.97,Split-Finger,FS,35.37,0.21,1397.98,81.08,86.22,78.14
0.36,461,27.11,0.59,-0.71,1.44,LAD,42.73,28.03,Knuckle Curve,KC,27.6,0.22,2550.83,86.2,82.46,59.9
0,161,0,-0.91,1.16,0.5,LAD,0,0,Unknown,UNK,0,0,2005,0,93,0
0.25,130,32.31,-0.53,-0.33,0.41,LAD,44.62,19.44,Slurve,SV,24.44,0.22,2623.15,82.86,82.56,53.45
0.2,39,15.38,-1.1,1.29,0.12,LAD,51.28,26.32,Other,FA,8.7,0.33,1851.44,77.39,75.43,90
0.28,29,17.24,-0.55,1.57,0.09,LAD,37.93,33.33,Eephus,EP,0,0.18,1405.21,75.25,52.65,72.73
0,2,0,1.12,-0.25,0.01,LAD,0,0,Unknown,UN,0,0,2456,0,72,0
0.34,9080,26.56,-0.36,1.33,28.53,MIA,53.41,24.47,4-Seam Fastball,FF,16.7,0.26,2308.9,83.98,94.68,65.84
0.34,5344,26.67,-0.37,0.63,16.79,MIA,55.31,23.2,Sinker,SI,9.68,0.27,2208.84,83.06,93.82,59.54
0.29,4241,30.75,0.09,0.16,13.33,MIA,45.6,33.25,Slider,SL,31.2,0.26,2427.04,82.1,86.58,69.39
0.27,4016,27.47,-0.45,0.36,12.62,MIA,35.38,35.3,Changeup,CH,36.65,0.25,1757.69,78.6,85.88,77.62
0.26,2690,29.29,0.39,0.08,8.45,MIA,40.52,29.88,Sweeper,ST,30.93,0.19,2586.61,78.26,82.71,61.74
0.31,2558,26.15,0.05,0.7,8.04,MIA,51.09,29.82,Cutter,FC,17.37,0.26,2399.13,81.02,89.77,67.48
0.28,2043,29.91,0.35,-0.83,6.42,MIA,39.26,27.07,Curveball,CU,29.05,0.2,2600.17,80.24,80.17,54.24
0.26,1026,24.95,-0.92,0.31,3.22,MIA,34.11,33.73,Split-Finger,FS,37.15,0.26,1392.71,82.09,87.01,79.43
0.28,550,32.91,0.63,-0.84,1.73,MIA,36.91,38.04,Knuckle Curve,KC,39.22,0.2,2520.17,78.99,82.43,60.59
0,98,0,0.16,0.32,0.31,MIA,0,0,Unknown,UNK,0,0,1798,0,92.05,0
0.25,55,14.55,-0.61,1.49,0.17,MIA,45.45,33.33,Other,FA,0,0.45,1560.49,88.92,60.14,56
0.25,41,34.15,-0.42,-0.34,0.13,MIA,43.9,39.13,Slurve,SV,38.1,0.25,2562.54,78.98,81.94,66.67
0.26,36,11.11,-0.15,-0.14,0.11,MIA,55.56,25,Knuckleball,KN,9.09,0.4,342.78,84.3,80.48,90
0.3,23,13.04,0.12,1.24,0.07,MIA,43.48,7.69,Eephus,EP,0,0.22,1306.96,89.16,53.13,80
0.23,22,18.18,-0.96,0.06,0.07,MIA,9.09,20,Forkball,FO,66.67,0,1215.36,91.1,83.18,100
0,1,0,0.77,1.55,0,MIA,0,0,Pitch Out,PO,0,0,2092,0,92,0
0.35,10482,27.51,-0.3,1.27,30.92,MIL,52.26,25.66,4-Seam Fastball,FF,17.77,0.28,2309.75,83.71,94.86,63.65
0.35,5556,28.92,-0.3,0.64,16.39,MIL,56.89,23.05,Sinker,SI,11.22,0.28,2200.81,84.05,93.84,58.97
0.28,4812,31.84,0.06,0.1,14.2,MIL,44.47,27.96,Slider,SL,31.35,0.22,2441.94,82.5,86.33,59.44
0.27,3433,23.59,-0.26,0.33,10.13,MIL,35.04,29.69,Changeup,CH,30.31,0.22,1736.71,79.78,86.32,71.65
0.34,2863,27.73,0.07,0.61,8.45,MIL,51.14,27.59,Cutter,FC,21.21,0.3,2380.82,81.51,89.6,66.39
0.28,2707,28.59,0.47,0.08,7.99,MIL,44.44,26.66,Sweeper,ST,25.9,0.22,2598.04,81.04,82.95,61.68
0.27,2004,30.74,0.32,-0.77,5.91,MIL,40.97,25.61,Curveball,CU,29.32,0.22,2633.99,80.46,80.31,53.23
0.26,1109,24.71,-0.83,0.23,3.27,MIL,36.61,34.99,Split-Finger,FS,30.16,0.16,1425.03,81.61,87.06,74.14
0.35,396,26.01,0.57,-0.82,1.17,MIL,41.16,31.33,Knuckle Curve,KC,22.41,0.31,2522.35,85.81,81.23,61.96
0,187,5.35,0,0,0.55,MIL,0,9.63,Unknown,UNK,11.11,0.17,0,78.59,0,0
0.5,121,14.88,-0.1,1.75,0.36,MIL,37.19,31.58,Eephus,EP,6.9,0.38,1056.05,87.2,43.45,75.56
0.41,102,34.31,0.27,-0.56,0.3,MIL,46.08,21.82,Slurve,SV,17.65,0.33,2775.95,77.96,81.21,46.81
0.49,87,13.79,-0.74,1.22,0.26,MIL,37.93,27.78,Other,FA,5.13,0.5,1455.95,84.32,65.53,72.73
0.18,25,52,0.2,-0.07,0.07,MIL,56,27.27,Knuckleball,KN,45.45,0.27,230.68,83.57,80.47,57.14
0,5,20,-0.45,-0.2,0.01,MIL,20,0,Forkball,FO,0,0,694.4,0,87.16,0
0,4,0,1.2,-0.29,0.01,MIL,0,50,Slow Curve,CS,0,0,2471.5,58.4,66.95,0
0,3,0,-0.57,1.07,0.01,MIL,0,0,Pitch Out,PO,0,0,2293.33,0,90.03,0
0.33,9656,26.4,-0.3,1.32,30.09,MIN,53.43,30.78,4-Seam Fastball,FF,17.53,0.26,2342.3,83.76,94.92,67.49
0.36,5046,26.93,-0.5,0.65,15.73,MIN,57.06,23.21,Sinker,SI,12.14,0.28,2208.52,84.95,93.88,63.22
0.31,4234,28.67,0.14,0.14,13.19,MIN,43.48,31.47,Slider,SL,33.19,0.24,2441.41,83.02,86.44,73
0.26,4114,21.9,-0.28,0.37,12.82,MIN,35.85,31.19,Changeup,CH,29.37,0.21,1737.01,80.7,85.58,76.95
0.24,2521,32.65,0.5,0.06,7.86,MIN,43.79,31.12,Sweeper,ST,32.79,0.21,2578.72,79.34,83.36,59.78
0.38,2408,26.04,0.08,0.64,7.5,MIN,51.83,30.09,Cutter,FC,20.78,0.3,2408.85,83.36,89.53,70.75
0.27,2264,28.84,0.22,-0.89,7.06,MIN,41.12,25.06,Curveball,CU,29.46,0.21,2601.89,81.91,80.75,60.37
0.24,1041,24.02,-0.8,0.27,3.24,MIN,33.14,32.04,Split-Finger,FS,35.89,0.18,1323.29,81.31,86.34,79.13
0.25,561,29.77,0.55,-0.77,1.75,MIN,34.76,36.61,Knuckle Curve,KC,36.58,0.24,2506,83.67,83.08,63.08
0.45,76,26.32,0.65,1.19,0.24,MIN,15.79,21.88,Other,FA,22.22,0.2,1205.08,83.26,49.03,33.33
0.31,51,15.69,-0.61,-0.32,0.16,MIN,37.25,34.38,Slurve,SV,8.7,0.2,2691.1,76.75,83.49,63.16
0.7,51,7.84,-0.69,1.38,0.16,MIN,0,7.84,Unknown,UNK,50,1,2267.5,0,93.75,0
0.42,43,9.3,-0.02,1.72,0.13,MIN,27.91,25.81,Eephus,EP,0,0.38,1078,92.88,41.39,66.67
0.01,20,30,1.02,-0.15,0.06,MIN,60,0,Slow Curve,CS,40,0,2347.1,67.23,66.8,83.33
0,2,0,0.29,-0.58,0.01,MIN,0,0,Unknown,UN,0,0,1771,0,68.4,0
0.33,9333,26.84,-0.3,1.33,29.2,NYM,52.54,30.46,4-Seam Fastball,FF,20.25,0.24,2321.16,84.12,94.87,69.96
0.34,5861,27.78,-0.35,0.63,18.34,NYM,54.82,25.83,Sinker,SI,12.38,0.26,2186.69,84.21,93.93,59.69
0.3,4187,30.02,0.09,0.13,13.1,NYM,43.56,32.71,Slider,SL,32.35,0.2,2431.68,82.21,86.12,68.64
0.31,3252,22.08,-0.37,0.34,10.17,NYM,38.44,35.66,Changeup,CH,26.57,0.23,1765.63,81.63,86.04,78.08
0.27,2735,30.86,0.54,0.07,8.56,NYM,43.25,32.6,Sweeper,ST,31.16,0.21,2638.23,80.19,83.28,62.47
0.38,2348,25.51,0.13,0.65,7.35,NYM,49.11,27.62,Cutter,FC,19.68,0.28,2387.04,82.83,89.69,67.91
0.25,2141,30.17,0.3,-0.85,6.7,NYM,39.37,28.43,Curveball,CU,29.64,0.2,2594.8,82,80.38,54.69
0.25,1245,23.94,-0.83,0.2,3.9,NYM,33.17,34.86,Split-Finger,FS,34.71,0.18,1373.21,82.34,87.03,81.84
0.27,540,35.74,0.76,-0.91,1.69,NYM,41.11,37.42,Knuckle Curve,KC,38.56,0.2,2530.3,80.94,81.29,52.7
0.29,142,28.87,-0.39,-0.35,0.44,NYM,38.03,37.5,Slurve,SV,26.23,0.23,2292.5,79.14,82.31,51.85
0,77,0,0.41,1.11,0.24,NYM,0,0,Unknown,UNK,0,0,2026,0,88,0
0.33,54,25.93,-0.85,1.07,0.17,NYM,55.56,25,Other,FA,0,0.12,1633.78,82.64,66.81,60
0.45,34,14.71,0.52,0.82,0.11,NYM,35.29,13.64,Eephus,EP,0,0.33,1240.88,87.23,46.97,83.33
0.09,8,25,-0.1,-0.12,0.03,NYM,50,50,Forkball,FO,0,0,638.75,69.75,87.65,50
0,5,0,-0.19,1.24,0.02,NYM,0,0,Pitch Out,PO,0,0,2130.6,0,91.58,0
0,1,0,1.43,-0.01,0,NYM,0,0,Slow Curve,CS,0,0,2449,0,67.2,0
0,1,0,-1.2,1.04,0,NYM,0,0,Unknown,UN,0,0,1600,0,70.1,0
0.34,9915,26.79,-0.19,1.32,30.57,NYY,52.4,26.95,4-Seam Fastball,FF,19.39,0.23,2305.44,84.13,94.85,66.47
0.36,5182,27.92,-0.24,0.64,15.98,NYY,55.27,25.24,Sinker,SI,13.36,0.26,2184.75,84.59,94.18,60.82
0.31,4307,31.72,0.03,0.11,13.28,NYY,45.99,31.13,Slider,SL,33.68,0.24,2425.69,82.67,85.98,65.37
0.28,3635,24.79,-0.38,0.36,11.21,NYY,37.06,32.74,Changeup,CH,32.29,0.23,1733.89,81.2,86.23,74.76
0.25,2528,30.42,0.24,0.06,7.79,NYY,43.39,29.91,Sweeper,ST,30.6,0.19,2557.84,80.82,82.61,59.89
0.36,2479,28.04,0.12,0.64,7.64,NYY,50.22,25.85,Cutter,FC,23.29,0.27,2389.42,83.27,89.84,65.78
0.27,2103,31.48,0.33,-0.91,6.48,NYY,40.85,30.06,Curveball,CU,33.84,0.2,2554.18,81.99,80.23,56.93
0.27,1319,27.07,-0.82,0.27,4.07,NYY,35.33,36.93,Split-Finger,FS,37.56,0.14,1404.52,82.12,86.66,78.11
0.32,504,29.96,0.47,-0.94,1.55,NYY,31.94,27.99,Knuckle Curve,KC,38.42,0.14,2543.42,87.16,83.63,58.39
0,217,10.14,0,0,0.67,NYY,0,13.82,Unknown,UNK,40,0.13,0,101.85,81,0
0.21,155,32.26,-0.33,-0.55,0.48,NYY,45.16,27.06,Slurve,SV,25.86,0.17,2483.13,79.6,82.37,50
0.33,78,23.08,-0.14,1.34,0.24,NYY,19.23,26.98,Eephus,EP,0,0.32,1107.62,90.68,43.98,60
0.01,6,0,-1.22,0.97,0.02,NYY,33.33,0,Other,FA,0,0,1809.67,82.9,66.77,100
0.01,2,0,-0.2,-0.12,0.01,NYY,100,0,Forkball,FO,0,0,735,79.1,87.9,100
0,2,0,-0.94,1.15,0.01,NYY,0,0,Pitch Out,PO,0,0,2326,0,93.15,0
0,1,0,-0.06,1.28,0,NYY,0,0,Unknown,UN,0,0,1091,0,54.8,0
0.35,9919,26.17,-0.3,1.31,30.41,PHI,52.7,27.98,4-Seam Fastball,FF,18.5,0.27,2324.38,84.13,95.04,68.05
0.36,5265,25.7,-0.37,0.62,16.14,PHI,54.19,28.44,Sinker,SI,10.66,0.25,2188.05,84.57,93.99,62.11
0.3,4723,28.6,0.07,0.12,14.48,PHI,43.51,37.59,Slider,SL,29.53,0.22,2456.42,82.9,86.49,68.52
0.26,2934,30.03,0.25,0.06,8.99,PHI,41.38,36.16,Sweeper,ST,31.87,0.19,2579.67,80.46,82.41,63.51
0.3,2918,23.06,-0.45,0.32,8.94,PHI,34.44,35.65,Changeup,CH,29.08,0.23,1724.23,81.02,86.48,75.52
0.32,2429,28.61,0.07,0.68,7.45,PHI,50.31,31.4,Cutter,FC,22.68,0.25,2385.62,82.84,89.86,66.04
0.27,2186,28.64,0.26,-0.82,6.7,PHI,40.76,35.14,Curveball,CU,27.69,0.23,2569.75,82.4,81.06,60.38
0.26,1318,22.99,-0.76,0.31,4.04,PHI,35.74,38.37,Split-Finger,FS,28.94,0.21,1380.05,80.88,86.35,79.19
0.33,522,33.14,0.48,-0.82,1.6,PHI,38.12,36.22,Knuckle Curve,KC,35.56,0.29,2465.06,81.3,83.94,54.27
0.37,164,32.32,-0.52,-0.56,0.5,PHI,43.9,35.87,Slurve,SV,33.33,0.28,2641.33,85.48,83.5,66.67
0,126,0,0.68,0.98,0.39,PHI,0,0,Unknown,UNK,0,0,856,0,63.1,0
0.22,66,24.24,-0.76,0.15,0.2,PHI,33.33,38.64,Forkball,FO,41.67,0.08,1187.71,81.41,83.16,86.36
0.33,24,25,-0.3,-0.32,0.07,PHI,41.67,28.57,Knuckleball,KN,33.33,0,297.33,78.58,79.4,80
0.29,14,0,-0.26,1.51,0.04,PHI,28.57,60,Eephus,EP,0,0,1184.43,92.48,48.7,100
0.03,6,0,-0.31,1.34,0.02,PHI,33.33,50,Other,FA,0,0,1316.33,80,56.13,100
0,6,0,0.27,-0.62,0.02,PHI,0,0,Slow Curve,CS,0,0,1975.33,0,64.93,0
0,2,0,-0.46,0.65,0.01,PHI,0,0,Pitch Out,PO,0,0,2468,0,93.1,0
0.35,9512,26.89,-0.23,1.3,28.64,PIT,52.5,29.15,4-Seam Fastball,FF,20.76,0.27,2337.48,83.77,94.85,68.56
0.36,5637,27.98,-0.39,0.61,16.97,PIT,55.99,22.05,Sinker,SI,13.72,0.31,2213.68,84.02,93.88,62.33
0.29,4099,29.32,0.12,0.11,12.34,PIT,41.79,36.8,Slider,SL,33.19,0.23,2453.13,82.44,86.34,70.64
0.26,4011,23.46,-0.22,0.34,12.08,PIT,34.06,33.08,Changeup,CH,32.46,0.21,1778.72,80.15,86.25,78.26
0.27,3004,28.6,0.43,0.03,9.05,PIT,43.48,32.63,Sweeper,ST,27.76,0.21,2636.34,81.35,82.87,63.78
0.34,2876,28.51,0.07,0.66,8.66,PIT,54.45,33.21,Cutter,FC,21.91,0.27,2391.57,82,89.88,70.75
0.28,2124,30.84,0.25,-0.87,6.4,PIT,41.29,31.68,Curveball,CU,30.13,0.25,2658.65,81.77,79.96,59.41
0.22,885,27.34,-0.62,0.33,2.66,PIT,34.58,35.41,Split-Finger,FS,38.48,0.17,1374.8,77.88,86.31,79.08
0.29,598,31.77,0.44,-0.7,1.8,PIT,40.13,33.52,Knuckle Curve,KC,37.06,0.25,2514.3,82.42,83.27,69.17
0.22,184,38.59,-0.16,-0.42,0.55,PIT,30.98,35.43,Slurve,SV,56.76,0.2,2450.24,81.2,81.97,50.88
0.4,91,13.19,0.37,0.89,0.27,PIT,31.87,38.71,Eephus,EP,4.35,0.48,1151.48,87.63,43.91,75.86
0.54,88,11.36,-0.59,1.08,0.26,PIT,42.05,25.49,Other,FA,2.13,0.55,1372.14,83.1,57.17,91.89
0,76,0,-0.26,0.52,0.23,PIT,0,0,Unknown,UNK,0,0,2176,0,75.7,0
0,17,35.29,0.07,0.28,0.05,PIT,23.53,0,Knuckleball,KN,0,0,103.82,0,54.62,0
0.09,6,16.67,0.73,-0.79,0.02,PIT,16.67,20,Slow Curve,CS,50,0,2349.17,35.9,75.23,100
0,2,0,-0.27,0.93,0.01,PIT,0,0,Unknown,UN,0,0,1560,0,73.8,0
0.35,9514,25.51,-0.33,1.29,29.99,SDP,52.7,29.13,4-Seam Fastball,FF,17.87,0.24,2325.49,84.42,95.03,69.15
0.35,5848,26.18,-0.77,0.61,18.44,SDP,54.67,27.5,Sinker,SI,12.8,0.27,2216.46,84.15,94.38,63.68
0.3,4048,30.14,0.14,0.12,12.76,SDP,44.44,32.5,Slider,SL,31.82,0.23,2439.95,81.64,86.4,65.93
0.27,3386,23.21,-0.34,0.3,10.67,SDP,35.91,38.48,Changeup,CH,29.91,0.23,1732.69,80.29,86.12,78.7
0.26,2942,28.65,0.75,0.11,9.28,SDP,40.24,32.25,Sweeper,ST,31.91,0.2,2629.95,78.82,83.31,65.12
0.36,2430,27.41,0.07,0.67,7.66,SDP,50.45,30.65,Cutter,FC,22.37,0.25,2383.07,82.87,89.74,69.82
0.25,1906,29.28,0.23,-0.83,6.01,SDP,40.29,29.26,Curveball,CU,28.66,0.21,2610.56,82.97,80.96,59.77
0.22,873,23.94,-0.89,0.24,2.75,SDP,34.48,37.94,Split-Finger,FS,33.05,0.16,1419.53,78.74,88.12,82.72
0.28,413,27.85,0.53,-0.82,1.3,SDP,38.26,32.16,Knuckle Curve,KC,35,0.23,2560.45,82.5,82.12,74.68
0.22,151,28.48,-0.7,-0.37,0.48,SDP,47.68,22.78,Slurve,SV,19.35,0.24,2266.1,78.83,81.35,61.11
0,124,0,0,0,0.39,SDP,0,0,Unknown,UNK,0,0,0,0,0,0
0.63,50,20,0.01,0.96,0.16,SDP,34,21.21,Eephus,EP,10,0.4,1182.59,93.47,45.16,76.47
0.13,11,9.09,-0.83,1.64,0.03,SDP,54.55,0,Other,FA,0,0.33,1869.5,87.15,68.14,66.67
0,9,0,-0.51,1.04,0.03,SDP,0,0,Pitch Out,PO,0,0,2127.67,0,90.47,0
0,8,0,1.36,0.07,0.03,SDP,25,0,Slow Curve,CS,0,0,2352,54.8,66.48,100
0,6,0,-1.06,0.08,0.02,SDP,0,0,Forkball,FO,0,0,1100.5,0,83.53,0
0.34,9615,27,-0.23,1.35,30.02,SEA,51.08,30.65,4-Seam Fastball,FF,21.03,0.23,2314.16,84.28,94.65,68.05
0.35,5382,28.56,-0.4,0.67,16.8,SEA,55.18,24.38,Sinker,SI,13.08,0.26,2179.96,83.96,94.1,60.54
0.27,4095,31.6,0.04,0.12,12.78,SEA,43.52,36.14,Slider,SL,33.3,0.2,2450.06,81.46,86.35,67.34
0.3,3666,24.99,-0.44,0.4,11.45,SEA,36.17,36.88,Changeup,CH,30.85,0.21,1746.78,80.05,86.08,73.76
0.33,2886,25.64,0.09,0.69,9.01,SEA,50.66,29.56,Cutter,FC,19.48,0.26,2397,81.32,89.62,68.13
0.28,2336,29.45,0.25,0.08,7.29,SEA,40.54,32.47,Sweeper,ST,29.76,0.2,2600.15,80.4,82.65,58.82
0.28,2103,31.81,0.28,-0.96,6.57,SEA,39.09,33.02,Curveball,CU,32.19,0.22,2637.27,81.88,80.05,50.97
0.3,1024,21.09,-0.82,0.2,3.2,SEA,33.98,34.47,Split-Finger,FS,28.74,0.2,1380.15,81.86,86.94,81.03
0.26,677,30.72,0.68,-0.91,2.11,SEA,39.59,30.81,Knuckle Curve,KC,34.27,0.15,2534.46,82.28,81.5,59.7
0.39,101,36.63,-0.73,-0.47,0.32,SEA,40.59,23.33,Slurve,SV,40,0.38,2592.1,88.89,82.59,51.22
0,89,0,0,0,0.28,SEA,0,1.12,Unknown,UNK,0,0.5,0,0,0,0
0.15,27,22.22,-0.05,1.07,0.08,SEA,18.52,45.45,Eephus,EP,26.67,0,1108.96,85.17,40.04,100
0.32,17,29.41,-0.31,1.27,0.05,SEA,41.18,20,Other,FA,0,0.4,1663.19,96,68.35,57.14
0,13,23.08,1.14,-0.23,0.04,SEA,38.46,0,Slow Curve,CS,33.33,0,2420.92,61.45,71.39,60
0.32,9890,27.82,-0.29,1.3,31.19,SFG,52.77,29.65,4-Seam Fastball,FF,20.19,0.25,2310.25,83.64,94.6,67.62
0.33,5845,28.01,-0.36,0.66,18.44,SFG,57.4,26.87,Sinker,SI,10.89,0.28,2203.14,82.74,93.93,61.04
0.27,4256,30.64,0.09,0.12,13.42,SFG,43.75,34.96,Slider,SL,32.32,0.22,2437.45,81.81,86.39,66.22
0.3,3106,21.38,-0.37,0.35,9.8,SFG,34.61,37.91,Changeup,CH,24.83,0.22,1807.13,80.08,86.1,74.88
0.29,2529,27.52,0.53,0.09,7.98,SFG,41.95,35.49,Sweeper,ST,27.31,0.22,2620.05,80.23,83.06,67.2
0.35,2528,27.14,0.1,0.71,7.97,SFG,54.47,30.5,Cutter,FC,18.51,0.25,2412.51,82.71,89.92,67.9
0.3,1825,28.77,0.26,-0.85,5.76,SFG,41.37,29.63,Curveball,CU,23.28,0.22,2611.21,82.53,80.22,54.17
0.32,739,18.94,-0.74,0.22,2.33,SFG,32.88,34.07,Split-Finger,FS,26.32,0.31,1322.42,82.22,86.86,79.01
0.26,533,30.39,0.48,-0.63,1.68,SFG,44.28,35.69,Knuckle Curve,KC,27.2,0.15,2503.81,85.31,82.95,61.02
0,96,1.04,0.78,-0.14,0.3,SFG,0,0,Unknown,UNK,0,0,2024,0,85.1,0
0.12,92,29.35,-0.22,-0.43,0.29,SFG,40.22,30.91,Slurve,SV,26.32,0.12,2452.66,75.04,81.82,56.76
0.39,86,25.58,0,1.14,0.27,SFG,46.51,43.48,Other,FA,4.55,0.31,1711.52,79.5,69.96,60
0.32,68,23.53,0.19,1.42,0.21,SFG,23.53,34.62,Eephus,EP,0,0.5,1161.65,76.38,47.41,50
0.21,53,20.75,-0.64,0.09,0.17,SFG,41.51,22.58,Forkball,FO,26.09,0.16,1074.58,88.11,84.1,72.73
0.32,42,30.95,0,0.38,0.13,SFG,38.1,23.08,Knuckleball,KN,38.89,0.25,342.05,79.62,67.33,75
0,11,18.18,-0.2,-0.6,0.03,SFG,18.18,22.22,Slow Curve,CS,50,0,2383.73,87.8,76.3,100
0,5,0,-0.69,1.32,0.02,SFG,0,0,Pitch Out,PO,0,0,2322.8,0,90.26,0
0.34,9450,27.67,-0.28,1.29,29.92,STL,53.25,29.63,4-Seam Fastball,FF,19.07,0.24,2332.43,84.03,94.79,67.05
0.36,5551,28.39,-0.38,0.61,17.57,STL,55.54,24.68,Sinker,SI,13.73,0.27,2209.83,84.27,94.1,60.33
0.31,3971,27.55,0.12,0.14,12.57,STL,44.47,31.56,Slider,SL,28.19,0.24,2452.54,82.31,86.25,68.06
0.27,3588,25.28,-0.42,0.34,11.36,STL,37.21,36.53,Changeup,CH,31.39,0.2,1780.17,81.67,86.06,74.61
0.28,2981,27.37,0.49,0.05,9.44,STL,39.99,31.69,Sweeper,ST,28.7,0.21,2641.66,80.4,82.98,64.68
0.35,2286,28.96,0.12,0.64,7.24,STL,52.36,29.57,Cutter,FC,22.09,0.27,2409.74,83.16,89.46,67.25
0.29,2170,30.28,0.17,-0.78,6.87,STL,44.33,29.3,Curveball,CU,23.83,0.22,2596.7,83.39,80.75,53.95
0.29,857,23.8,-0.64,0.21,2.71,STL,37.69,35.77,Split-Finger,FS,26.53,0.22,1411.65,82.18,86.48,72.76
0.36,316,28.48,0.56,-0.6,1,STL,37.03,29.15,Knuckle Curve,KC,29.69,0.31,2449.46,82.72,83.38,59.83
0.24,188,29.26,-0.65,-0.29,0.6,STL,45.74,30.39,Slurve,SV,19.77,0.14,2311.13,83.85,82.63,63.95
0,138,4.35,0,0,0.44,STL,0,13.04,Unknown,UNK,22.22,0.25,0,85.66,0,0
0.22,39,20.51,-0.73,0.03,0.12,STL,20.51,32.26,Forkball,FO,47.06,0.08,1024.44,82.08,84.11,87.5
0.45,22,9.09,-0.61,1.6,0.07,STL,54.55,40,Other,FA,0,0.25,1507,85.22,66.45,66.67
0.31,16,25,0.09,1.48,0.05,STL,25,66.67,Eephus,EP,16.67,0.25,1160.88,87.08,47.74,100
0.4,14,28.57,1.07,-0.45,0.04,STL,28.57,40,Slow Curve,CS,33.33,0.5,2438.43,99.3,72.44,50
0.31,10501,24.66,-0.23,1.36,34.03,TBR,51.88,29.63,4-Seam Fastball,FF,16.08,0.24,2321.27,82.05,94.62,69.24
0.32,5094,25.64,-0.31,0.64,16.51,TBR,54.06,26.88,Sinker,SI,8.69,0.3,2188.97,82.61,93.98,62.42
0.31,3735,28.33,0.11,0.16,12.11,TBR,43.94,32.66,Slider,SL,25.48,0.23,2429.58,80.72,86.16,63.56
0.3,3036,22.33,-0.2,0.37,9.84,TBR,37.81,34.59,Changeup,CH,24.66,0.25,1717.52,79.98,85.9,72.04
0.33,2561,23.04,0.08,0.65,8.3,TBR,49.55,28.17,Cutter,FC,15.54,0.31,2376.95,82.7,89.26,70.21
0.28,1986,26.64,0.48,0.12,6.44,TBR,40.94,29.84,Sweeper,ST,23.2,0.22,2584.82,80.34,82.68,61.38
0.28,1895,29.29,0.35,-0.91,6.14,TBR,40,29.02,Curveball,CU,25.55,0.2,2584.21,80.89,80.49,53.03
0.31,971,19.57,-0.93,0.25,3.15,TBR,32.34,35.31,Split-Finger,FS,25.42,0.27,1354.23,78.97,86.43,78.98
0.25,650,30,0.44,-0.87,2.11,TBR,40,31.28,Knuckle Curve,KC,23.92,0.26,2480.18,83.75,83.49,51.15
0,245,19.59,-1.02,0.81,0.79,TBR,0,21.63,Unknown,UNK,37.74,0.3,2566,86.4,97.3,0
0.35,76,35.53,-0.05,1.65,0.25,TBR,23.68,48.28,Eephus,EP,5.56,0.39,1223.89,80.31,48.11,44.44
0.25,68,14.71,-0.36,-0.5,0.22,TBR,48.53,20,Slurve,SV,9.38,0.1,2434.06,68.88,81.58,75.76
0.41,14,14.29,-0.35,0,0.05,TBR,28.57,20,Knuckleball,KN,0,0.5,308.93,74.15,72.74,50
0.12,8,25,-1.08,0.09,0.03,TBR,50,50,Forkball,FO,0,0,1098.25,71.4,83.22,50
0.31,6,0,-0.08,0.07,0.02,TBR,0,33.33,Other,FA,0,0.5,1643.83,93.1,58.77,0
0.66,5,0,1.36,0.08,0.02,TBR,0,20,Slow Curve,CS,0,0,2408.2,62.9,70.4,0
0,3,0,-0.29,1.22,0.01,TBR,0,0,Pitch Out,PO,0,0,2332.33,0,90.37,0
0.32,10076,26.72,-0.27,1.29,32.04,TEX,53.32,25.22,4-Seam Fastball,FF,19.61,0.22,2272.89,83.68,94.48,68.19
0.33,5118,28.45,-0.56,0.65,16.27,TEX,56.88,28.5,Sinker,SI,13.22,0.28,2180.48,83.38,94.27,62.32
0.29,4505,31.32,0.04,0.09,14.32,TEX,44.2,35.76,Slider,SL,34.62,0.23,2409.03,81.64,85.89,68.16
0.27,3384,23.7,-0.48,0.36,10.76,TEX,40.43,33.43,Changeup,CH,28.17,0.23,1724.04,81.74,86.21,76.32
0.28,2779,28.07,0.6,0.08,8.84,TEX,43.25,32.59,Sweeper,ST,28.54,0.25,2567.73,80.83,82.94,65.39
0.36,2317,26.2,0.12,0.66,7.37,TEX,51.14,32.33,Cutter,FC,21.15,0.25,2379.95,82.53,90.08,72.07
0.3,1770,30.17,0.26,-0.88,5.63,TEX,41.36,27.36,Curveball,CU,29.36,0.21,2585.32,82.43,79.34,57.51
0.24,666,25.38,-0.71,0.26,2.12,TEX,36.04,41.78,Split-Finger,FS,33.96,0.23,1277.47,82.85,85.95,81.67
0.28,550,26.91,0.62,-0.85,1.75,TEX,37.27,31.88,Knuckle Curve,KC,31.37,0.24,2502.78,82.58,82.06,70.73
0.22,103,26.21,0.47,-0.56,0.33,TEX,32.04,31.43,Slurve,SV,23.08,0.1,2657.25,82.53,81.33,51.52
0,74,0,-0.71,1.29,0.24,TEX,0,0,Unknown,UNK,0,0,2243,0,95.1,0
0.24,66,27.27,-0.31,-0.34,0.21,TEX,36.36,38.1,Forkball,FO,35.29,0.22,562.12,83.93,85.05,75
0.48,19,5.26,-0.31,1.44,0.06,TEX,52.63,33.33,Eephus,EP,0,0.12,1158,81.61,46.74,90
0.27,12,16.67,-1.16,1.05,0.04,TEX,41.67,28.57,Other,FA,0,0.5,1766.42,87.4,67.83,60
0.09,10,20,1.24,-0.42,0.03,TEX,20,37.5,Slow Curve,CS,40,0.33,2584.9,72.27,71.31,100
0,1,0,-0.66,1.27,0,TEX,0,0,Pitch Out,PO,0,0,2127,0,94.3,0
0.32,9167,25.12,-0.23,1.31,29.56,TOR,52.58,30.32,4-Seam Fastball,FF,17,0.26,2302.3,82.38,94.89,69.56
0.31,5995,26.46,-0.48,0.65,19.33,TOR,55.06,27.84,Sinker,SI,11.68,0.27,2192.27,83.03,94.34,62.1
0.27,3816,27.99,0.04,0.14,12.3,TOR,44.42,35.03,Slider,SL,27.94,0.22,2415.66,80.73,86.35,69.97
0.28,3011,21.69,-0.16,0.34,9.71,TOR,35.64,36.95,Changeup,CH,26.41,0.22,1722.28,79.28,85.83,78.66
0.32,2687,24.23,0.16,0.67,8.66,TOR,48.23,33.79,Cutter,FC,20.79,0.22,2385.65,80.92,90.08,72.84
0.23,2661,27.47,0.54,0.08,8.58,TOR,41.45,33.95,Sweeper,ST,27.84,0.18,2568.76,78.56,82.84,66
0.25,1834,27.75,0.41,-0.97,5.91,TOR,40.62,37.83,Curveball,CU,25.93,0.19,2595.57,80.5,80.15,60.67
0.27,958,20.35,-0.87,0.25,3.09,TOR,36.22,39.28,Split-Finger,FS,25.1,0.27,1379.86,80.98,87.47,81.27
0.27,571,33.63,0.51,-0.67,1.84,TOR,44.48,41.64,Knuckle Curve,KC,34.01,0.23,2459.83,82.03,83.57,63.78
0,109,0,-0.52,1.54,0.35,TOR,0,0,Unknown,UNK,0,0,0,0,94.6,0
0.29,101,25.74,-0.03,-0.43,0.33,TOR,37.62,31.75,Slurve,SV,18.6,0.26,2663.61,84.57,83.26,60.53
0.53,37,5.41,-0.27,1.34,0.12,TOR,16.22,32.26,Eephus,EP,0,0.69,1356.86,87.43,51.54,83.33
0.44,31,32.26,-0.93,1.02,0.1,TOR,61.29,33.33,Other,FA,0,0.4,1872.97,79.23,72.25,36.84
0.2,20,35,-0.24,-0.25,0.06,TOR,60,25,Knuckleball,KN,22.22,0.17,332.55,84.17,81.23,58.33
0,8,50,0.54,-0.68,0.03,TOR,50,100,Slow Curve,CS,50,0,2359.25,59.65,73.97,100
0,4,0,-0.46,-0.36,0.01,TOR,0,0,Forkball,FO,0,0,755,0,78.95,0
0,2,0,-0.42,1.46,0.01,TOR,0,0,Pitch Out,PO,0,0,2391,0,96.5,0
0,2,0,-0.15,1.85,0.01,TOR,0,0,Unknown,UN,0,0,1395,0,55.9,0
0.36,9552,24.81,-0.31,1.29,29.25,WSN,51.42,28.69,4-Seam Fastball,FF,18,0.26,2320.1,83.09,94.77,70.15
0.35,5294,27.67,-0.27,0.62,16.21,WSN,54.67,23.67,Sinker,SI,10.36,0.25,2188.27,84.41,93.96,60.4
0.31,4351,30.25,0.13,0.11,13.32,WSN,43.6,33.58,Slider,SL,32.63,0.24,2401.81,81.82,86.2,69.48
0.29,3808,24.24,-0.41,0.36,11.66,WSN,37,38.31,Changeup,CH,29.47,0.23,1740.57,80.97,86.05,76.86
0.31,2783,31.23,0.48,0.06,8.52,WSN,44.38,30.43,Sweeper,ST,30.54,0.21,2603.12,83.28,83,61.3
0.35,2483,25.49,0.1,0.63,7.6,WSN,50.02,29.57,Cutter,FC,20.11,0.29,2372.16,82.89,89.62,72.95
0.28,2270,31.1,0.35,-0.81,6.95,WSN,40.35,31.09,Curveball,CU,31.3,0.23,2561.41,83.03,80.64,56.22
0.25,1212,26.65,-0.72,0.29,3.71,WSN,37.13,38.32,Split-Finger,FS,33.07,0.23,1355.34,82.48,86.14,74.22
0.27,451,30.6,0.5,-0.81,1.38,WSN,35.48,35.4,Knuckle Curve,KC,35.71,0.19,2555.84,83.16,82.42,58.13
0.33,191,31.41,-0.37,-0.4,0.58,WSN,44.5,24.53,Slurve,SV,25.35,0.26,2421.88,83.57,81.67,52.94
0,94,0,0,0,0.29,WSN,0,1.06,Unknown,UNK,0,0,0,0,0,0
0.47,85,11.76,0.23,1.18,0.26,WSN,25.88,30.16,Other,FA,0,0.48,1586.28,81.98,67.44,63.64
0.26,58,25.86,-0.38,-0.14,0.18,WSN,31.03,22.5,Forkball,FO,48.15,0.12,749.69,78.82,84.85,100
0.65,21,19.05,-0.41,1.29,0.06,WSN,19.05,70.59,Eephus,EP,0,0.5,1060.24,94.24,47.12,100
0,2,0,0.75,1.38,0.01,WSN,0,0,Pitch Out,PO,0,0,2151,0,87.5,0
0,2,0,1.09,-1.01,0.01,WSN,0,0,Slow Curve,CS,0,0,2579,0,70.9,0
