ERA,FIP,HR9,OPS,xFIP,K_pct,stale,BB_pct,F5_ERA,avg_IP,starts,away_ERA,home_ERA,OOR_faced,wRC_faced,PALS_faced,l14_starts,pitcher_id,ABQ_allowed,OBR_allowed,OSI_allowed,RCV_allowed,avg_pitches,data_source,low_osi_ERA,high_osi_ERA,pitcher_hand,pitcher_name,pitcher_team,staleness_warning
12.27,7.74,2.45,1.13,7.69,5.3,FALSE,10.5,14.4,3.67,1,12.27,,50.6,86.8,19.7,0,434378,64.3,43.4,46.5,37.5,80,season,12.27,,R,Justin Verlander,DET,L14 file or pitcher row missing -- using season data.
6.16,5.59,1.89,0.77,4.98,18.5,TRUE,10.5,5.82,4.38,13,6,6.23,45.8,98.7,33.2,2,453286,51,47.8,48.9,48.7,78.6,L14,4.17,5.79,R,Max Scherzer,TOR,K% drift 11.9 pts (season 18.6 -> L14 30.4); BB% drift 2.6 pts (season 10.5 -> L14 13.0); HR/9 drift 1.89 (season 1.89 -> L14 0.00)
5.88,3.68,0.69,0.79,5.17,20,TRUE,10.4,5.4,4.33,6,8.64,4.58,56.5,107.3,41,2,476594,53.2,53,57.9,66.9,79.3,L14,1.8,7.56,R,Robert Stock,NYM,K% drift 6.4 pts (season 20.0 -> L14 13.6); BB% drift 5.9 pts (season 10.4 -> L14 4.5)
5.27,5.27,1.32,0.85,5.76,11,FALSE,9.4,5.2,4.56,9,6.75,4.03,46.8,99.7,32.4,0,500779,39.8,39.1,43.9,52.4,76.3,season,5.88,7.2,L,Jose Quintana,COL,L14 file or pitcher row missing -- using season data.
5.08,5.5,1.65,0.82,5.02,15.4,TRUE,10.4,5.54,5.67,25,4.35,6.1,48.7,102.1,34.1,2,518876,46,50.5,52.2,58.6,91.1,L14,4.4,7.04,R,Merrill Kelly,ARI,K% drift 6.2 pts (season 15.4 -> L14 21.6); BB% drift 3.3 pts (season 10.4 -> L14 13.7); HR/9 drift 1.65 (season 1.65 -> L14 0.00)
2.06,1.95,0.5,0.57,2.81,30.7,TRUE,4.9,2.17,6,24,2.71,1.45,47.1,97.1,36.4,2,519242,45.3,47.8,48.9,52.7,95,L14,2.29,0.82,L,Chris Sale,ATL,BB% drift 4.9 pts (season 4.9 -> L14 0.0); HR/9 drift 0.50 (season 0.50 -> L14 0.00)
3.14,4.12,0.81,0.66,4.22,17.1,FALSE,10.7,3.19,5.08,22,4.32,2.19,46.7,95.9,34,2,527048,44,48.7,48.9,52.7,80.7,L14,3.2,0.71,L,Martín Pérez,ATL,L14 rates within drift thresholds.
3.29,3.24,1.13,0.67,3.35,25.8,FALSE,5.2,2.7,5.78,18,3.23,3.35,50.8,103.1,40.8,3,543037,48.7,47.1,51,57.2,88.6,L14,4.78,2.31,R,Gerrit Cole,NYY,L14 rates within drift thresholds.
4.21,4.11,1.63,0.74,3.43,24.7,FALSE,5.8,4.5,6.03,22,4.42,3.9,43.8,100.3,38.6,0,543135,40.2,43.1,46.8,55.7,91.2,season,4.1,0.6,R,Nathan Eovaldi,TEX,L14 file or pitcher row missing -- using season data.
2.82,3.45,0.94,0.68,3.63,21.8,TRUE,6.3,3.17,5.75,25,2.87,2.77,41.1,100.5,38.5,2,543243,43,38.6,44.4,52.1,84.5,L14,3.21,1.35,R,Sonny Gray,BOS,HR/9 drift 0.70 (season 0.94 -> L14 1.64)
7.14,5.14,1.49,0.94,5.06,14.7,FALSE,8.8,7.13,4.59,25,5.7,9.12,48.8,101.9,31.7,0,547179,38.5,40.6,44.5,53.3,87.1,season,8.06,4.74,R,Michael Lorenzen,COL,L14 file or pitcher row missing -- using season data.
3.31,3.58,1.31,0.66,3.09,29.4,TRUE,7.8,3.21,5.67,23,3.38,3.23,45.2,100.8,37.9,2,554430,43.7,43.2,47.7,55.7,93.7,L14,3.52,4.15,R,Zack Wheeler,PHI,K% drift 9.4 pts (season 29.4 -> L14 20.0); BB% drift 8.2 pts (season 7.8 -> L14 16.0); HR/9 drift 2.29 (season 1.31 -> L14 3.60)
4.05,4.37,1.32,0.71,4.24,18.7,FALSE,7.3,4.2,5.69,18,2.83,5.4,49.7,98.1,34.7,3,571510,45.1,49.1,50.5,56,89.3,L14,3.68,8.71,L,Matthew Boyd,CHC,L14 rates within drift thresholds.
5.09,4.41,1.17,0.84,4.43,16.7,FALSE,7.7,4.56,4.6,15,3.92,6.6,50.9,97.8,41,0,571578,48.8,50.8,53.6,60.2,81.1,season,6.88,4.76,L,Patrick Corbin,TOR,L14 file or pitcher row missing -- using season data.
5.36,5.13,1.72,0.75,4.44,19.2,FALSE,8.6,5.24,4.27,11,5.13,5.66,52.2,97.4,42.2,0,571927,40.1,55.9,55,64.5,73.1,season,1.5,,L,Steven Matz,TBR,L14 file or pitcher row missing -- using season data.
8.32,5.72,2.72,0.85,4.77,12.2,FALSE,6.1,8.67,4.82,11,7.12,9.93,50.8,97.9,33.9,0,571945,47.8,52,50.9,52,82.6,season,7.79,14.46,R,Miles Mikolas,WSN,L14 file or pitcher row missing -- using season data.
54,3.51,27,0.81,3.49,0,FALSE,0,9,0.33,1,54,,48,95.7,53.9,0,572143,61.2,46,52.4,53.2,11,season,,,R,Burch Smith,DET,L14 file or pitcher row missing -- using season data.
5.65,4.33,1.47,0.84,3.86,22.4,TRUE,8.3,6,4.78,9,7.56,3,50.1,100,43.6,2,579328,42.7,46.8,50.9,61.3,83.1,L14,5.01,8.44,L,Yusei Kikuchi,LAA,BB% drift 4.3 pts (season 8.3 -> L14 4.0); HR/9 drift 1.53 (season 1.47 -> L14 3.00)
3.6,3.3,0,0.86,5.27,17.4,FALSE,13,3.6,5,1,,3.6,52,94.5,38.4,0,592288,36.2,44.6,43.5,47.5,96,season,3.6,,L,Kent Emanuel,CIN,L14 file or pitcher row missing -- using season data.
4.52,3.6,1.16,0.72,3.52,23.8,TRUE,6.6,4.95,5.55,28,4.95,4.14,51.2,101.4,36.5,2,592332,50.5,50.2,52.7,57.2,93.2,L14,3.48,7.12,R,Kevin Gausman,CHC,HR/9 drift 0.34 (season 1.16 -> L14 1.50)
3.28,4.62,1.26,0.7,5.03,19.7,TRUE,11.9,3.81,5.49,26,3.98,2.72,46.4,97.5,33.8,2,592662,43.1,46.7,48.6,54.7,93.3,L14,2.01,4.64,L,Robbie Ray,SDP,HR/9 drift 0.41 (season 1.21 -> L14 1.62)
5.68,6.48,2.79,0.85,4.89,20.7,FALSE,8.8,5.61,4.94,17,7.19,4.22,44.7,102.9,30.6,0,592791,40,43.6,48.5,60.1,83.2,season,3.06,7.2,R,Jameson Taillon,TOR,L14 file or pitcher row missing -- using season data.
9.16,7.64,2.89,1.07,5.83,17,FALSE,10.6,9,4.67,4,7.2,9.88,46.3,98.6,32.6,0,592836,48.3,45.5,46.8,47.2,90,season,5.4,11.57,R,Taijuan Walker,PHI,L14 file or pitcher row missing -- using season data.
2.59,3.72,0.75,0.66,4.53,17.8,TRUE,8,2.96,5.96,28,2.54,2.62,52.8,97.9,37,3,593958,43.7,53.9,52.7,57.7,95.6,L14,2,2.28,L,Eduardo Rodriguez,ARI,K% drift 4.1 pts (season 17.8 -> L14 21.9); BB% drift 2.9 pts (season 8.0 -> L14 11.0); HR/9 drift 0.75 (season 0.75 -> L14 0.00)
1.8,3.96,0,0.74,4.12,21.1,FALSE,5.3,6.48,1,5,2.25,0,54.4,97.5,38.8,0,593974,51.3,55.3,54.2,55.2,12.4,season,0,0,L,Wandy Peralta,SDP,L14 file or pitcher row missing -- using season data.
4,3.08,1.11,0.64,3.05,29.8,TRUE,6.6,4.43,5.28,26,5.86,2.42,50.4,102.2,39.3,3,594798,39.8,47.7,49.9,59.7,88.1,L14,3.76,2.3,R,Jacob deGrom,TEX,BB% drift 2.9 pts (season 6.6 -> L14 9.5); HR/9 drift 1.11 (season 1.11 -> L14 0.00)
13.5,3.06,0,0.57,3.86,16.7,FALSE,16.7,14.4,0.67,1,,13.5,98.5,102.3,57.3,0,595345,61.7,86.2,71.4,61.5,20,season,,13.5,L,Steven Okert,HOU,L14 file or pitcher row missing -- using season data.
3.38,3.21,0,0.6,4.29,20,FALSE,0,1.8,2.67,1,,3.38,50.6,86.8,19.7,0,596001,59.5,40.2,43.1,34.7,31,season,3.38,,R,Jakob Junis,TEX,L14 file or pitcher row missing -- using season data.
4.5,1.23,0,0.54,2.93,36.4,FALSE,9.1,5.4,4,4,3.6,4.91,33.7,103.7,27.3,0,601713,38.4,41.9,48.2,62.3,70.8,season,0,,R,Nick Pivetta,SDP,L14 file or pitcher row missing -- using season data.
5.19,4.28,1.17,0.82,4.92,14.1,TRUE,8.8,5.53,4.95,14,6.43,3.29,45.8,101.3,38.2,2,605135,46.9,43.6,49.8,58.9,86.3,L14,3.35,5.91,R,Chris Bassitt,BAL,BB% drift 2.3 pts (season 8.0 -> L14 5.7); HR/9 drift 0.56 (season 1.02 -> L14 1.58)
2.09,3.19,0.44,0.55,3.79,19.3,TRUE,8.3,2.06,5.83,14,2.41,1.77,55.8,100.6,40.2,2,605280,47.4,50.6,53.5,61.2,89.9,L14,1.16,2.53,R,Clay Holmes,CHC,K% drift 7.8 pts (season 19.3 -> L14 27.1); HR/9 drift 0.44 (season 0.44 -> L14 0.00)
5.13,4.44,1.47,0.75,4.49,16.8,FALSE,7.9,5.06,4.6,16,5.05,5.23,49.7,101.4,37,1,605288,45.2,51.4,52.7,59.7,75.8,season,6.58,4.95,R,Adrian Houser,SFG,Fewer than 2 L14 starts (1) -- using season data.
4.93,4.82,1.95,0.82,3.7,24.6,TRUE,8,4.82,5.29,28,4.26,5.72,48.5,102.1,37.2,2,605400,45.1,46.6,49.8,56.9,91.5,L14,3.22,6.23,R,Aaron Nola,PHI,BB% drift 3.1 pts (season 8.0 -> L14 11.1); HR/9 drift 1.13 (season 1.95 -> L14 0.82)
2.42,1.72,0,0.47,2.95,33,TRUE,11,3.24,5.2,5,1.64,3,41,90.2,40.1,2,605483,41,41.2,42,43.6,88.8,L14,2.57,,L,Blake Snell,LAD,BB% drift 2.0 pts (season 11.0 -> L14 13.0)
6.37,6.21,2.41,0.88,5.08,17.9,TRUE,9.1,6.84,4.92,25,5.37,7.18,46.2,96.7,36.8,2,605488,46.5,49.9,51.6,57.3,85.6,L14,4.76,10,L,Jeffrey Springs,ATH,BB% drift 2.3 pts (season 9.1 -> L14 6.8); HR/9 drift 1.88 (season 2.41 -> L14 4.29)
2.98,3.12,0.99,0.53,4.11,27,FALSE,5.7,3.4,5.04,9,3.63,2.35,54.1,98.6,32.7,0,605540,51,49,50.1,51,71,season,3.42,0.77,R,Brandon Woodruff,MIL,L14 file or pitcher row missing -- using season data.
1.04,3.08,0,0.63,3.66,24.2,FALSE,6.1,4.05,2.17,4,0,1.17,43.8,91.2,32.4,0,606996,41.6,47,45.6,46.8,31,season,0,4.5,L,Kyle Hart,SDP,L14 file or pitcher row missing -- using season data.
4.47,4.65,1.34,0.75,4.7,17.2,FALSE,8.5,4.74,5.3,19,6.18,3.16,48.5,101.6,39,0,607067,46,48.3,50.3,55.7,87.4,season,3.35,5.65,R,Colin Rea,CHC,L14 file or pitcher row missing -- using season data.
3.2,3.64,0.76,0.6,4.2,25.5,TRUE,12.6,3.9,4.92,12,3.41,2.92,45.3,95.1,40.9,2,607074,48.6,49.7,49.5,49.9,88.2,L14,2.41,,L,Carlos Rodón,NYY,K% drift 6.1 pts (season 25.5 -> L14 19.4); BB% drift 4.2 pts (season 12.6 -> L14 8.3); HR/9 drift 0.34 (season 0.76 -> L14 1.10)
2.79,2.77,0.87,0.5,2.69,32.3,TRUE,7.3,3.2,5.74,9,2.12,4.08,42.3,101.3,30,2,607192,44.3,40.5,47.4,57.5,85.9,L14,2.67,3,R,Tyler Glasnow,LAD,BB% drift 5.0 pts (season 7.3 -> L14 2.3); HR/9 drift 0.87 (season 0.87 -> L14 0.00)
4.31,5.09,2.15,0.77,4.88,17.5,FALSE,7.6,4.15,4.82,13,3.95,5.12,43.9,102.5,32.2,1,607200,46.7,43.5,50.1,60.2,80.9,season,5.04,12,R,Erick Fedde,CHW,Fewer than 2 L14 starts (1) -- using season data.
2.99,3.87,1.05,0.68,4.5,14.7,TRUE,3.6,2.63,5.91,26,1.96,3.92,47.2,100,40.8,2,607259,48.4,48.5,51,55.9,82.7,L14,2.05,3.21,R,Nick Martinez,TBR,BB% drift 3.6 pts (season 3.6 -> L14 0.0); HR/9 drift 0.30 (season 1.05 -> L14 0.75)
6.37,4.63,1.74,0.87,4.39,18.6,FALSE,5.1,6.42,5.41,23,6.96,5.75,49.9,98.2,36.4,0,607536,41.3,41,44.4,50.4,87.2,season,5.61,9.31,L,Kyle Freeland,COL,L14 file or pitcher row missing -- using season data.
5.03,4.04,1.05,0.8,4.7,17.8,TRUE,7.4,5.21,5.5,28,6.19,3.98,43.6,101.3,33.3,2,607625,46.8,44.6,49.3,56.6,90,L14,6.11,4.09,R,Seth Lugo,KCR,HR/9 drift 1.15 (season 1.05 -> L14 2.20)
2.8,2.62,0.3,0.53,3.63,23.9,FALSE,8.1,2.81,5.62,16,2.56,3.13,47.4,100.2,35.7,1,608331,41.2,45.5,48.2,56.3,84.9,season,1.94,1.69,L,Max Fried,NYY,Fewer than 2 L14 starts (1) -- using season data.
4.35,5.96,1.31,0.82,6.01,14.7,FALSE,18.9,3.6,4.13,5,6.94,1,44.3,97.7,30.5,0,608337,41.8,44.3,47.9,56.4,80,season,4.15,13.5,R,Lucas Giolito,SDP,L14 file or pitcher row missing -- using season data.
5.19,5.25,1.85,0.85,4.88,14,TRUE,5.3,5.26,5.27,25,5.46,4.96,50.2,99.6,35,3,608372,43.4,42.2,43.6,45.3,86.9,L14,4.17,7.12,R,Tomoyuki Sugano,COL,HR/9 drift 1.16 (season 1.85 -> L14 0.69)
3.32,3.92,1.16,0.68,4.26,19.8,TRUE,6.1,3.6,6.32,27,3.56,3.04,49.8,101.6,38.9,2,608379,46,49.3,52.4,60.6,94,L14,3.8,3.51,R,Michael Wacha,KCR,K% drift 9.8 pts (season 19.8 -> L14 29.6); BB% drift 4.3 pts (season 6.1 -> L14 1.8); HR/9 drift 0.56 (season 1.16 -> L14 0.60)
5.11,6.5,2.45,0.86,5.47,16.7,FALSE,9.6,4.86,4.4,10,2.86,7.36,35.2,97.7,30.6,0,608566,47.1,36.6,45.5,54.4,76.4,season,4.65,,R,Germán Márquez,SDP,L14 file or pitcher row missing -- using season data.
4.76,3.56,1.59,0.73,3.7,14.8,FALSE,22.2,6.6,1.89,3,7.36,0,65.7,93.4,59,0,608718,56.9,69.3,59.9,51.2,42.3,season,,,L,Brent Suter,LAA,L14 file or pitcher row missing -- using season data.
2.56,3.91,1.28,0.65,4.34,21.2,TRUE,4,4.25,5.12,11,4.1,1.2,42.2,103,34.7,2,615698,45.4,35.9,45.9,57.5,76,L14,1.24,2.08,R,Cal Quantrill,TEX,K% drift 12.6 pts (season 18.5 -> L14 31.1); BB% drift 6.0 pts (season 6.0 -> L14 0.0); HR/9 drift 0.40 (season 1.10 -> L14 1.50)
13.5,4.97,0,0.53,4.69,16.7,FALSE,16.7,16.2,1.33,1,13.5,,48,95.7,53.9,1,621097,61.2,46,52.4,53.2,30,season,,,R,Jacob Waguespack,DET,Fewer than 2 L14 starts (1) -- using season data.
2.45,4.46,2.45,0.89,2.01,41.2,FALSE,11.8,5.4,3.67,1,,2.45,27.6,102.7,9.8,0,621107,42.3,26.9,38,47.3,74,season,2.45,,R,Zach Eflin,BAL,L14 file or pitcher row missing -- using season data.
4.66,4.21,1.16,0.74,4.13,19.9,TRUE,8.8,4.53,4.86,27,5.23,4.15,42.5,99.6,30.4,2,621111,48.4,46.1,49.2,53.4,82.1,L14,4.78,5.85,R,Walker Buehler,SDP,BB% drift 8.8 pts (season 8.8 -> L14 0.0); HR/9 drift 1.29 (season 1.17 -> L14 2.45)
3,3.54,3,0.55,3.85,23.1,FALSE,15.4,4.5,1.5,2,4.5,0,37.3,106.5,17.3,0,621112,58.1,33.4,44.8,48.3,29.5,season,0,,R,Paul Blackburn,NYY,L14 file or pitcher row missing -- using season data.
6.86,4.83,1.6,0.82,4.31,25,FALSE,12.8,7.88,4.92,8,7.53,6.48,57.1,102,44.5,0,621121,44.5,57.4,54.6,58.7,87,season,5.4,12.91,R,Lance McCullers Jr.,HOU,L14 file or pitcher row missing -- using season data.
9,5.38,0,1,4.56,33.3,FALSE,33.3,9,1,1,9,,75.2,90.7,54.5,0,621383,71.8,74.6,68.1,58.1,28,season,,9,L,Tanner Banks,PHI,L14 file or pitcher row missing -- using season data.
5.29,4.75,1.87,0.82,4.41,19.2,TRUE,6.9,6.22,5.03,22,5.72,4.6,50.2,100.5,37.5,2,622491,46.8,49.1,51.8,58.5,91.3,L14,5.56,4.22,R,Luis Castillo,CHW,K% drift 8.9 pts (season 19.4 -> L14 10.5); HR/9 drift 4.11 (season 1.70 -> L14 5.81)
4.16,4.38,1.29,0.78,4.17,24,FALSE,11.4,5.4,5.22,12,3.38,5.33,40.8,100.5,41.2,0,622663,43.2,42,49,61.2,90.5,season,3.79,3,R,Luis Severino,ATH,L14 file or pitcher row missing -- using season data.
5.14,3.8,1.29,0.62,4.17,12.5,FALSE,21.9,4.2,1.17,6,7.71,0,41.9,95.4,32.4,0,623211,44.2,49.3,46.5,45.1,23,season,7.71,0,R,Huascar Brazobán,NYM,L14 file or pitcher row missing -- using season data.
6,8.1,3,0.86,5.14,14.3,FALSE,14.3,5.4,3,1,6,,25.9,90.7,15.4,0,623381,27.2,20.8,40.9,73.6,56,season,6,,L,Thomas Pannone,MIL,L14 file or pitcher row missing -- using season data.
2.29,3.95,1.02,0.72,3.77,23.8,TRUE,11.6,2.25,4.42,8,2.65,1.96,53.7,103,42,3,623454,50,52,54.8,61.4,70.2,L14,1.2,0,R,Drew Anderson,DET,K% drift 4.5 pts (season 25.7 -> L14 21.2); BB% drift 2.7 pts (season 9.4 -> L14 12.1)
3,4.98,0,0.86,5.03,25,FALSE,8.3,3,1,3,4.5,0,46.2,97.8,33.8,0,623474,41,49.5,48.3,52.3,16,season,,,R,Jimmy Herget,COL,L14 file or pitcher row missing -- using season data.
3.64,2.96,0.58,0.66,3.72,23.1,TRUE,7.6,3.98,5.15,24,3.25,4.14,45.4,95.6,43.3,2,624133,42.5,43.5,45.8,50.7,83.9,L14,2.86,5.06,L,Ranger Suarez,BOS,K% drift 10.8 pts (season 23.1 -> L14 12.2); BB% drift 4.7 pts (season 7.6 -> L14 12.2); HR/9 drift 0.31 (season 0.58 -> L14 0.89)
3.81,4.29,1.45,0.73,4.33,22.2,FALSE,9,3.93,4.52,11,3.7,3.91,45.7,97.5,33.2,0,625643,41.9,41.9,47.4,57.5,77.7,season,3.03,36,R,Reynaldo López,ATL,L14 file or pitcher row missing -- using season data.
4.54,4.28,1.69,0.82,4.41,20.8,TRUE,6.5,4.2,5.69,15,4.57,4.5,52.2,95.8,45.5,3,640455,50.3,49,50.5,52.4,92.7,L14,3.96,4.7,L,Sean Manaea,NYM,K% drift 10.6 pts (season 21.7 -> L14 11.1); BB% drift 2.4 pts (season 7.3 -> L14 4.9); HR/9 drift 1.27 (season 1.47 -> L14 2.74)
1.8,2.7,0,0.67,3.92,27.8,FALSE,5.6,2.7,1.25,4,0,4.5,37.1,89.6,33.4,0,641302,38.1,41.9,40.9,41.9,20.2,season,0,,L,Tyler Alexander,TEX,L14 file or pitcher row missing -- using season data.
4.3,4.33,1.25,0.76,4.5,19.4,TRUE,8,4.78,4.99,26,5.25,3.44,47.6,95.9,40.3,3,641743,52.3,51,52.2,53.6,88,L14,4.28,3.6,L,Anthony Kay,CHW,HR/9 drift 0.63 (season 1.25 -> L14 1.88)
5.28,5.86,2.09,0.8,5.48,15.6,FALSE,6.9,5.7,5.02,18,6,4.66,39.1,96.1,28.2,1,641778,43,41.8,44,47.3,84.2,season,3.76,13.5,L,Eric Lauer,LAD,Fewer than 2 L14 starts (1) -- using season data.
6.18,6,2.69,0.84,5.39,13.6,FALSE,8.6,6.56,4.79,14,6.57,5.95,45,98.9,37.1,0,641793,48.1,45.8,50.8,58.4,79.1,season,6.52,5.4,R,Zack Littell,WSN,L14 file or pitcher row missing -- using season data.
4.25,3.94,1.22,0.73,3.93,23.2,TRUE,8.1,3.99,5.43,23,6.16,2.4,44.6,98.7,33,2,641816,49.1,49.9,49.8,50.2,87.9,L14,5.74,0.96,R,Tyler Mahle,ATL,BB% drift 3.9 pts (season 8.1 -> L14 4.2); HR/9 drift 0.42 (season 1.22 -> L14 0.80)
1.42,3.18,0,0.64,3.24,23.1,FALSE,3.8,2.25,1.58,4,3.86,0,55,103.4,44.7,0,641835,33.8,47.1,52.3,71.3,25.8,season,0,9,L,Tim Mayza,PHI,L14 file or pitcher row missing -- using season data.
4.37,4.59,1.43,0.73,4.77,16.6,TRUE,6.5,4.46,5.4,21,6.2,3.16,51.6,100.7,41.7,2,641927,51.7,50.2,52.4,55.5,85.6,L14,3.05,5.87,R,Bailey Ober,MIN,BB% drift 5.4 pts (season 6.5 -> L14 11.9); HR/9 drift 0.53 (season 1.43 -> L14 0.90)
2.25,3.62,0,0.75,3.88,12.5,FALSE,6.2,0.9,2,2,0,4.5,54.8,95.5,37.1,0,642121,52.3,48.3,53.5,60.5,31.5,season,4.5,,R,Cole Sulser,TBR,L14 file or pitcher row missing -- using season data.
0,3.55,0,0.64,5,10,FALSE,0,0,2.67,1,,0,98.5,102.3,57.3,0,642232,59.3,82.9,68.7,59.2,36,season,,0,L,Ryan Yarbrough,NYY,L14 file or pitcher row missing -- using season data.
4.96,4.33,1.41,0.77,4.31,21.8,TRUE,8.4,5.27,5.25,28,6.19,3.89,49.1,101.1,39.2,3,642547,46.6,51.3,51.5,55.4,92.5,L14,6.37,4.55,R,Freddy Peralta,TBR,BB% drift 7.0 pts (season 8.4 -> L14 1.4)
3.37,3.91,1.16,0.72,3.52,25.9,FALSE,7.1,4.17,4.49,19,3.32,3.42,44.3,99.6,40.6,1,643377,45.6,43.4,49.2,58.4,67.5,season,2.93,4.5,R,Griffin Jax,TBR,Fewer than 2 L14 starts (1) -- using season data.
3.46,3.65,0.85,0.66,4.16,17.9,TRUE,6.4,3.66,6.54,29,4.22,2.58,44.2,100.6,32.6,2,645261,47.2,45.8,49.3,54.8,98.7,L14,3.08,3.5,R,Sandy Alcantara,MIA,HR/9 drift 0.85 (season 0.85 -> L14 0.00)
4.5,2.69,0,0.61,4.97,11.1,FALSE,0,1.8,2,1,,4.5,50.6,86.8,19.7,0,647315,60.1,40.6,43.5,35,37,season,4.5,,R,Zach Pop,PHI,L14 file or pitcher row missing -- using season data.
3.4,2.76,0.57,0.66,3.89,23,FALSE,6.1,3.9,5.3,18,4.35,2.73,40.6,101,32.9,1,647336,44.9,45.2,47.8,52.8,85.1,season,3.16,7.31,R,Michael Soroka,ARI,Fewer than 2 L14 starts (1) -- using season data.
3.11,3.97,1,0.65,4.35,21.3,TRUE,9.5,2.57,5.79,28,3.29,2.94,51.4,99.7,35.7,2,650633,49.7,52.9,53.9,58.1,93,L14,3.3,3.72,R,Michael King,SDP,HR/9 drift 1.00 (season 1.00 -> L14 0.00)
5.1,4.61,1.99,0.83,4.69,16.5,FALSE,6.7,5.04,4.82,15,3.6,6.96,41,101.3,36.4,0,650644,41.2,42,50.1,65.7,83.6,season,5.44,1.8,R,Aaron Civale,ATH,L14 file or pitcher row missing -- using season data.
2.52,2.5,0.72,0.65,2.49,27.8,TRUE,5.4,3.09,6.26,28,3.68,1.68,52,98.5,40.1,2,650911,40.7,47.9,49.4,57.2,95.5,L14,1.65,5.06,L,Cristopher Sánchez,PHI,BB% drift 3.5 pts (season 5.4 -> L14 1.9)
6.79,4.66,1.61,0.81,4.18,23.1,FALSE,11.8,6.05,4.58,11,10.07,4.7,60.2,101,43.1,0,656288,52.8,59.2,58.7,62.3,78.1,season,5.23,7.88,R,Griffin Canning,SDP,L14 file or pitcher row missing -- using season data.
2.25,2.35,0.58,0.53,2.69,35.5,TRUE,10.5,2.63,6.01,26,1.54,2.91,49.4,101.2,37.9,3,656302,46.1,50.2,51,55.5,101.3,L14,1.88,2.25,R,Dylan Cease,TOR,K% drift 6.5 pts (season 35.5 -> L14 29.0)
4.59,3.85,1.15,0.75,4.31,26.2,FALSE,10.8,4.83,4.54,19,4.5,4.66,40.8,97.8,30.5,0,656427,45.4,41.7,44.7,47.7,86.3,season,5.28,6.75,R,Jack Flaherty,DET,L14 file or pitcher row missing -- using season data.
13.5,8.1,0,1.32,6.55,25,FALSE,0,12.6,0.67,1,13.5,,15.8,90,21.1,0,656457,34.6,24.7,30,32.8,17,season,13.5,,L,Tyler Gilbert,CHW,L14 file or pitcher row missing -- using season data.
3.21,3.99,1.34,0.69,3.87,22.1,TRUE,6.2,3.73,5.72,27,3.14,3.28,45.3,95.2,35.8,2,656492,43.8,43.9,48.1,56,93.1,L14,3.5,1.8,L,Foster Griffin,CLE,BB% drift 3.6 pts (season 6.2 -> L14 9.8); HR/9 drift 1.34 (season 1.34 -> L14 0.00)
3.74,4.65,1.34,0.7,4.56,18.2,TRUE,10,4.15,4.91,26,2.83,4.54,44.1,98.7,34.7,3,656550,42.5,43.2,46.7,53.6,78.2,L14,4.28,2.78,R,Grant Holmes,ATL,K% drift 5.6 pts (season 18.5 -> L14 13.0); BB% drift 2.4 pts (season 9.8 -> L14 7.4); HR/9 drift 1.30 (season 1.30 -> L14 0.00)
5.29,4.34,1.17,0.76,4.63,17.7,FALSE,8.3,5.73,5.26,22,5.05,5.48,50.5,99.3,37.1,0,656605,50,51.1,52.4,55.7,85.8,season,4.69,6.75,R,Mitch Keller,PIT,L14 file or pitcher row missing -- using season data.
0,2.39,0,0.43,3.14,21.4,FALSE,7.1,0,4,1,0,,15.8,90,21.1,0,656641,38.6,33.8,35.2,34.4,68,season,0,,L,Jacob Latz,TEX,L14 file or pitcher row missing -- using season data.
0,2.65,0,0.58,3.83,31,FALSE,10.3,1.8,2.08,4,0,0,60.6,100.7,43.8,1,656794,52,64.8,60.8,62.3,34.8,season,0,0,L,Sean Newcomb,CHW,Fewer than 2 L14 starts (1) -- using season data.
5.87,4.08,0.95,0.77,4.17,19.8,TRUE,10.5,6.63,5,19,4.73,6.93,55.8,100.1,42,3,656849,46.5,55.8,54.9,60,85.5,L14,4.38,7.23,L,David Peterson,CHC,K% drift 5.5 pts (season 19.5 -> L14 25.0); BB% drift 2.8 pts (season 9.7 -> L14 12.5); HR/9 drift 0.91 (season 0.99 -> L14 1.90)
2.95,2.77,0.8,0.56,3.12,26,TRUE,4.7,3.39,5.63,26,2.69,3.22,47.5,100.6,45.7,2,656876,50,47.2,51.8,58.3,87.7,L14,3.14,2.63,R,Drew Rasmussen,TBR,HR/9 drift 0.80 (season 0.80 -> L14 0.00)
13.5,4.74,0,0.86,5.76,0,FALSE,40,7.2,0.67,1,13.5,,34.1,98.3,23,1,656986,37,36.4,45.3,61.3,22,season,13.5,,L,Bennett Sousa,HOU,Fewer than 2 L14 starts (1) -- using season data.
4.21,3.23,0.66,0.65,3.84,19.2,TRUE,6.1,5.47,5.99,25,5.29,3.39,46.4,101.1,36.5,3,657277,46.6,50.5,50.6,53.6,91.9,L14,4.13,2.87,R,Logan Webb,SFG,K% drift 4.4 pts (season 19.2 -> L14 14.8); BB% drift 3.7 pts (season 6.1 -> L14 9.8); HR/9 drift 1.10 (season 0.66 -> L14 1.76)
20.25,3.31,6.75,0.66,4.3,10,FALSE,20,9,0.67,2,,20.25,32,90.8,37,0,657514,30.8,26,29.1,31.5,22,season,20.25,,L,Brennan Bernardino,COL,L14 file or pitcher row missing -- using season data.
0,4.92,0,0.85,4.39,14.3,FALSE,14.3,0,1.67,1,,0,45.8,85.6,35.8,0,657571,50.3,41.9,43.3,39.8,27,season,0,,L,Caleb Ferguson,CIN,L14 file or pitcher row missing -- using season data.
3.65,3.31,1.22,0.69,3.45,26.4,FALSE,5.2,4.7,5.46,23,3.88,3.44,47.2,99.7,42.4,0,657746,48.2,45.5,50,56.3,90.8,season,3.52,2.37,R,Joe Ryan,MIN,L14 file or pitcher row missing -- using season data.
1.79,2.4,0.42,0.52,3.12,27.9,FALSE,7.6,2.19,6.12,14,1.48,2.09,37,100.4,28.7,0,660271,44.8,38.2,45.7,55,95.4,season,0.8,,R,Shohei Ohtani,LAD,L14 file or pitcher row missing -- using season data.
6.35,4.37,2.38,0.87,4.51,22.8,FALSE,17.5,7.8,3.78,3,8.1,5.62,38.3,96.7,25.9,0,660604,32.4,38.8,41.3,50.5,83.3,season,9.82,,R,Alan Rangel,PHI,L14 file or pitcher row missing -- using season data.
7.2,3.7,0,0.82,4.15,36.4,FALSE,13.6,7.2,2.5,2,0,9.82,53.1,95.4,38.5,0,660761,41.3,48.5,51.1,61.1,41,season,9.82,,L,José Suarez,ATH,L14 file or pitcher row missing -- using season data.
6.05,7.32,2.79,0.8,6.36,10.6,FALSE,12.9,6.3,4.83,4,5.65,7.2,36.7,99.2,21.8,0,661563,45.7,37.1,42.1,45.3,84.2,season,5.87,,R,Luis Gil,NYY,L14 file or pitcher row missing -- using season data.
8.62,4.46,1.72,0.88,4.66,11.5,FALSE,7.7,9.45,3.92,4,12.46,3.86,26.8,97.9,17,1,663362,41.7,46.8,41.5,35.2,68.5,season,10.12,5.4,R,Matt Waldron,WSN,Fewer than 2 L14 starts (1) -- using season data.
6.08,5.36,1.75,0.86,4.99,16.1,FALSE,9.9,6.03,4.88,20,5.86,6.26,55.8,101.8,38.5,1,663372,42.6,44.9,46,49.8,80.7,season,5.19,6.94,R,Ryan Feltner,COL,Fewer than 2 L14 starts (1) -- using season data.
4.13,3.47,0.83,0.72,3.94,20.6,FALSE,7.2,4.25,5.23,25,4.9,3.2,44.2,98.8,38.6,1,663436,47.9,45.1,49.5,55.8,84.6,season,4.3,8.22,R,Davis Martin,CHW,Fewer than 2 L14 starts (1) -- using season data.
4.11,3.66,0.72,0.63,4.26,24.6,FALSE,12.6,4.4,5.59,9,5.23,3.34,56.3,95.7,45.2,0,663460,45.8,53.4,57.4,70.2,90.1,season,1.29,7.2,L,Kris Bubic,KCR,L14 file or pitcher row missing -- using season data.
3.38,2.98,3.38,0.65,4,20.7,FALSE,3.4,4.11,1.14,7,4.5,2.25,71.8,108.3,49.7,0,663542,45,65.2,65.8,81.5,14.4,season,0,6.75,L,Bryan Hudson,CHW,L14 file or pitcher row missing -- using season data.
3.64,3.57,1.03,0.67,4.17,21.6,TRUE,6,4.17,5.17,22,4.25,2.98,44.8,99,36.6,3,663554,49.8,44.5,48.3,51.5,80.6,L14,3.28,2.55,R,Casey Mize,SDP,K% drift 12.6 pts (season 21.6 -> L14 8.9); HR/9 drift 3.79 (season 1.03 -> L14 4.82)
3.19,3.32,0.72,0.59,4.08,22.1,FALSE,8.2,3.83,4.91,23,3.91,2.55,48.1,97.5,41.3,2,663556,43.7,48.6,51.1,59.2,76.4,L14,3.07,4.7,L,Shane McClanahan,TBR,L14 rates within drift thresholds.
15,4.44,6,0.64,4.13,33.3,FALSE,11.1,5.4,1,3,18,13.5,41.9,91.3,35.6,0,663558,43.2,50.1,45.3,41.3,24.7,season,9,,L,Jovani Morán,BOS,L14 file or pitcher row missing -- using season data.
18.69,9.1,6.23,1.29,5.66,7.1,FALSE,10.7,10.8,2.17,2,,18.69,60.7,109.1,58.2,0,663559,46.1,68.3,56.4,50.2,42,season,9,27,L,Bailey Falter,KCR,L14 file or pitcher row missing -- using season data.
3.66,3.66,0.88,0.64,4.58,23.1,TRUE,9.9,4.27,5.53,24,3,4.04,46.6,102.5,35.6,3,663567,44.5,44.6,49,57.1,94.6,L14,4.61,2.78,R,Peter Lambert,HOU,BB% drift 4.0 pts (season 9.9 -> L14 13.9)
4.5,4.43,1.33,0.76,4.23,15.2,FALSE,5.4,6.3,5.4,10,4.3,4.65,42.8,99.6,28.8,0,663568,46,42.5,47.5,54.4,83.7,season,3.61,,R,Stephen Kolek,KCR,L14 file or pitcher row missing -- using season data.
5.57,4.75,1.58,0.77,4.54,22.9,TRUE,10.5,5.7,4.76,18,4.76,6.75,52,103.1,41.1,3,663623,49.7,54.5,54.9,59.2,86.8,L14,5.65,7.66,R,Jake Irvin,WSN,BB% drift 2.9 pts (season 10.5 -> L14 13.4); HR/9 drift 0.33 (season 1.58 -> L14 1.91)
6.32,3.59,1.72,0.6,4.36,16.4,TRUE,10.4,5.76,3.13,5,7.94,5.4,67.8,99.9,44.7,2,663738,54,67.6,62.2,61.8,49.6,L14,2.25,13.5,L,Daniel Lynch IV,KCR,HR/9 drift 0.52 (season 0.73 -> L14 1.25)
4.41,4.18,1.1,0.83,4.28,22,TRUE,11,4.68,4.9,10,4.74,4.07,43.1,93.4,44.7,3,663776,37.9,35.9,42.3,52.8,84.8,L14,5.24,,L,Patrick Sandoval,BOS,BB% drift 2.4 pts (season 11.0 -> L14 13.4); HR/9 drift 0.79 (season 1.10 -> L14 1.89)
3,2.77,0,0.43,,16.7,FALSE,8.3,7.2,3,1,3,,47,110.2,24.8,1,663795,77.1,41.9,54.5,52.9,46,season,,,R,Justin Hagenman,NYM,Fewer than 2 L14 starts (1) -- using season data.
16.2,3.94,0,0.73,4.14,25,FALSE,25,4.5,0.83,2,16.2,,48.5,109.4,30.6,1,663855,59.2,43.4,53.2,60,16.5,season,,,R,Jordan Hicks,CHW,Fewer than 2 L14 starts (1) -- using season data.
4.83,4.79,1.65,0.81,4.48,18.5,TRUE,7.1,5.87,5.25,27,5.67,4.08,47.1,101.5,35.4,3,663903,41.4,44.5,47.9,56.3,90.7,L14,4.64,3.97,R,Brady Singer,CIN,BB% drift 3.2 pts (season 7.1 -> L14 4.0); HR/9 drift 0.47 (season 1.65 -> L14 1.18)
2.45,3.88,0,0.73,3.63,18.8,FALSE,6.2,0.6,1.22,3,4.5,0,39.7,108.9,22.4,0,663947,39.8,40.9,48.8,64.2,21,season,3.38,,L,Tyler Holton,DET,L14 file or pitcher row missing -- using season data.
4.15,4.4,1.47,0.7,4.66,18.4,TRUE,8.4,4.05,4.6,16,5.82,2.72,37,96.2,27.2,2,663969,43.2,39.4,44.3,50.7,71.8,L14,3.75,,R,Tyler Phillips,MIA,K% drift 10.6 pts (season 19.1 -> L14 29.7); BB% drift 3.5 pts (season 10.0 -> L14 13.5)
7.68,4.75,1.54,0.85,5.07,16.1,FALSE,6.7,7,4.56,9,3.66,11.39,53.2,100.8,44.5,0,663978,47.1,50.8,52.9,59.3,82.8,season,8.83,4.5,R,Chris Paddack,CIN,L14 file or pitcher row missing -- using season data.
2.45,5.11,1.23,0.85,5.16,22.6,FALSE,12.9,4.32,1.47,5,0,5.4,42.5,93.5,38.1,0,663992,41.4,40.9,50.6,68.5,24.8,season,0,,L,Richard Lovelady,WSN,L14 file or pitcher row missing -- using season data.
3.86,1.81,0,0.42,2.79,30,FALSE,10,3.6,2.33,1,,3.86,2.8,94.7,4.1,0,664074,38.9,40.3,30.7,13.8,47,season,3.86,,R,Cody Ponce,TOR,L14 file or pitcher row missing -- using season data.
27,4.26,9,0.74,4.14,14.3,FALSE,14.3,7.2,1,1,27,,76.2,104.6,86.8,0,664126,41,77.6,67.9,76.1,27,season,,27,R,Pete Fairbanks,MIA,L14 file or pitcher row missing -- using season data.
9,4.18,0,0.66,4.93,20,FALSE,0,3.6,1,1,,9,59.8,103.9,49.3,0,664141,48.2,50.1,56.2,68.8,16,season,,,R,JT Brubaker,SFG,L14 file or pitcher row missing -- using season data.
0,3.69,0,0.56,4.15,16.7,FALSE,16.7,0,1.67,1,,0,15.8,90.9,21.1,1,664199,35.7,25.5,30.9,33.8,20,season,0,,R,Taylor Clarke,ARI,Fewer than 2 L14 starts (1) -- using season data.
4.36,3.99,0.9,0.73,4.3,17.5,TRUE,8.6,4.73,5.58,27,4.38,4.33,50,98.4,38,2,664285,44.7,49.6,51,57.2,89.1,L14,2.95,12.15,L,Framber Valdez,DET,K% drift 7.7 pts (season 17.5 -> L14 9.8); BB% drift 2.7 pts (season 8.6 -> L14 5.9); HR/9 drift 0.60 (season 0.90 -> L14 1.50)
8.04,4.82,2.01,0.86,5.37,16.9,FALSE,10.8,9.9,3.92,8,9.95,6.75,26.4,97.8,21.2,1,664299,39.2,31.1,38.7,47,73,season,7.23,,R,Cristian Javier,HOU,Fewer than 2 L14 starts (1) -- using season data.
15,3.81,0,0.83,4.54,9.5,FALSE,19,12.6,3,1,,15,27.6,102.7,9.8,1,664353,45.6,29,40.9,51,93,season,15,,R,José Urquidy,CHW,Fewer than 2 L14 starts (1) -- using season data.
13.5,6.99,0,1.05,6.03,20,FALSE,40,1.8,0.67,1,13.5,,52,94.5,38.4,0,664849,39.8,49.1,47.9,52.2,25,season,13.5,,L,Danny Young,ATL,L14 file or pitcher row missing -- using season data.
5.8,5.12,2.02,0.81,4.23,23.6,TRUE,8.6,5.82,5.13,13,6.53,5.2,52,98.9,40.4,3,665152,46.8,50.6,51.9,57.1,87.2,L14,5.81,7.2,R,Dean Kremer,MIN,BB% drift 4.1 pts (season 8.6 -> L14 12.7); HR/9 drift 0.65 (season 2.02 -> L14 1.37)
0,3.63,0,0.74,4.08,20,FALSE,0,0,1.33,1,0,,46.2,97.8,33.8,0,665622,45.1,54.5,53.2,57.6,18,season,,,R,Luis Medina,ATH,L14 file or pitcher row missing -- using season data.
5.68,5.17,1.78,0.8,4.23,20.4,FALSE,9.7,6.24,5.07,15,4.31,6.65,34.4,97.6,25.2,0,665795,38.3,38.6,41.5,47.1,85.3,season,5.93,3,R,Edward Cabrera,CHC,L14 file or pitcher row missing -- using season data.
3.29,4.88,1.73,0.69,4.53,16.9,FALSE,6.3,3.42,5.2,10,4.45,1.66,39.7,97.1,26,0,665871,42.3,41.7,43.8,47.2,83.7,season,3.98,1.59,R,Javier Assad,CHC,L14 file or pitcher row missing -- using season data.
14.54,6.33,0,1.12,8.96,17.9,FALSE,28.6,8.1,2.17,2,33.75,6,49.1,91.7,44.7,0,666129,48.6,47.6,54.8,67.5,64.5,season,,,L,Braxton Garrett,MIA,L14 file or pitcher row missing -- using season data.
4.84,6.18,2.55,0.82,4.26,29.8,FALSE,15.2,5.18,4.42,8,7.97,0.6,47.5,92.8,42.4,0,666142,45.8,46.4,50.7,59.1,79.9,season,4.8,14.54,L,Cole Ragans,KCR,L14 file or pitcher row missing -- using season data.
5.08,5.16,1.69,0.87,4.89,18,TRUE,9.1,4.34,5,17,6,4.5,51.6,99.2,36.9,3,666157,43.4,46.2,49.3,57.2,89.2,L14,4.98,7,L,Nick Lodolo,CIN,HR/9 drift 1.06 (season 1.69 -> L14 2.75)
3.02,2.69,0.8,0.63,2.91,30,TRUE,7.3,3.09,6.06,28,1.76,4.52,46.8,99.9,36.1,3,666200,43.7,47,49,55.2,98.2,L14,3,3.6,L,Jesús Luzardo,PHI,HR/9 drift 0.67 (season 0.80 -> L14 1.47)
10.8,4.63,5.4,0.65,4.69,28.6,FALSE,0,9,1.67,1,10.8,,34.1,98.3,23,0,667463,37.1,34.2,40.2,49.3,30,season,10.8,,L,John King,MIA,L14 file or pitcher row missing -- using season data.
3.45,3.66,0.83,0.65,3.86,23.7,FALSE,10.6,3.07,5.6,27,3.32,3.61,47.6,102,37.9,2,667755,48.5,49.1,52.2,58.5,93,L14,1.9,6.04,R,José Soriano,TOR,L14 rates within drift thresholds.
0,3.95,0,0.79,4.04,0,FALSE,0,1.8,1,1,0,,47,110.2,24.8,0,668390,77.1,41.9,54.5,52.9,12,season,,,R,Cole Winn,TEX,L14 file or pitcher row missing -- using season data.
6.34,5.19,1.65,0.86,4.97,13.9,FALSE,7,6.54,5.16,19,6.84,5.79,44.5,102.4,32.5,0,668678,46.4,46.1,50.1,57.4,86.5,season,5.53,9.95,R,Zac Gallen,ARI,L14 file or pitcher row missing -- using season data.
6.83,3.57,1.3,0.74,3.41,27.3,FALSE,7.4,5.04,5.53,5,7.15,6.61,49.3,102.8,36.1,0,668881,38.5,53,48.9,51.7,91.2,season,7.15,0,R,Hunter Greene,CIN,L14 file or pitcher row missing -- using season data.
3.81,3.51,1.49,0.67,2.7,33,TRUE,7.6,3.99,5.82,28,4.79,3.01,48.9,101.3,41.8,3,668909,46.7,47.6,52,60.9,93.4,L14,3.5,4.3,R,Gavin Williams,CLE,K% drift 12.0 pts (season 33.0 -> L14 45.0); HR/9 drift 0.54 (season 1.49 -> L14 2.03)
15.43,5.06,1.93,0.84,4.51,12.5,FALSE,20.8,6.6,1.56,3,15.43,,54.6,98.2,35.5,0,668964,45.3,53.3,50.8,51.9,30.3,season,27,0,R,Tobias Myers,NYM,L14 file or pitcher row missing -- using season data.
1.74,3.13,0,0.72,4.65,15.4,FALSE,5.1,2.7,1.72,6,2.45,0,34.2,99.5,34.8,1,668984,47.3,31.9,42.6,51.6,24.3,season,2.7,,R,Casey Legumina,TBR,Fewer than 2 L14 starts (1) -- using season data.
2.7,4.06,2.7,0.68,4.39,18.2,FALSE,0,3.6,1.67,2,2.7,,50.5,90.7,35,0,669020,46,47.8,47.9,49.3,17,season,0,,L,Ryan Rolison,CHC,L14 file or pitcher row missing -- using season data.
4.31,3.59,1.05,0.71,3.8,25.5,TRUE,9,4.53,5.33,29,5.62,2.89,38.9,95.1,31.7,3,669022,39.5,37.9,43.1,51.6,91.3,L14,3.64,,L,MacKenzie Gore,TEX,BB% drift 4.4 pts (season 9.0 -> L14 13.4); HR/9 drift 1.05 (season 1.05 -> L14 0.00)
0,2.74,0,0.6,2.8,40,FALSE,0,3.6,1,1,,0,46.3,98.8,27.8,0,669062,25.4,27.1,39.4,63.6,17,season,0,,L,Erik Miller,BOS,L14 file or pitcher row missing -- using season data.
0,3.82,0,0.51,4.04,28.6,FALSE,28.6,7.2,2,1,0,,59.8,92,49.3,0,669084,54.9,67.6,59.3,53,32,season,,,L,DL Hall,MIL,L14 file or pitcher row missing -- using season data.
4.69,3.26,0.7,0.71,4.02,22.3,TRUE,8.2,4.64,4.95,26,5.55,4.16,49.8,101.7,37.3,2,669160,49.7,49.7,52,56.3,80.6,L14,4.44,1.59,R,Dustin May,MIL,K% drift 5.6 pts (season 22.3 -> L14 16.7); BB% drift 4.3 pts (season 8.2 -> L14 12.5); HR/9 drift 1.44 (season 0.70 -> L14 2.14)
10.8,3.66,0,0.68,3.62,11.1,FALSE,11.1,10.8,1.67,1,,10.8,50.6,86.8,19.7,0,669165,63.7,43,46,37.1,36,season,10.8,,R,Kyle Hurt,LAD,L14 file or pitcher row missing -- using season data.
4.97,5.21,1.94,0.78,5.11,17.5,FALSE,6.2,6.6,5.56,15,5.02,4.93,44.8,102,33.9,0,669194,46.1,47,50.2,56.8,86.1,season,5.29,3.63,R,Ryne Nelson,ARI,L14 file or pitcher row missing -- using season data.
2.2,4.49,0.55,0.64,4.33,28.1,TRUE,12.5,2.83,2.33,7,3,1.23,56.9,104.6,37.1,2,669199,49.9,53.9,56.6,64.6,40.1,L14,2.7,1.93,R,Lake Bachar,PIT,K% drift 7.4 pts (season 25.0 -> L14 17.6); BB% drift 7.9 pts (season 9.7 -> L14 17.6); HR/9 drift 0.65 (season 1.55 -> L14 2.20)
4.5,4.36,4.5,0.78,5.49,57.1,FALSE,0,4.5,1,2,,4.5,53.1,95.4,38.5,0,669211,45.3,48.8,55,69,15.5,season,,,L,Keegan Akin,BAL,L14 file or pitcher row missing -- using season data.
3.42,3.56,1.23,0.66,3.5,26,TRUE,6.3,3.07,5.94,27,2.7,3.99,44.3,101.3,37.5,2,669302,48.3,44.7,50,57.4,94.3,L14,3.41,4.41,R,Logan Gilbert,SEA,K% drift 5.6 pts (season 26.0 -> L14 20.4); HR/9 drift 0.57 (season 1.23 -> L14 1.80)
4.01,3.29,0.63,0.72,4.21,20.8,TRUE,8.2,4,5.81,27,4.18,3.82,47,101.9,38.4,2,669358,48.3,46.2,51,58.4,94.7,L14,3.36,5.04,R,Shane Baz,BAL,K% drift 5.6 pts (season 20.8 -> L14 15.2); BB% drift 4.8 pts (season 8.2 -> L14 13.0); HR/9 drift 0.63 (season 0.63 -> L14 0.00)
3.63,4.18,1.1,0.68,4.28,21.2,TRUE,10,3.68,5.47,24,3.82,3.43,46.5,100.8,33.1,2,669372,44.6,48,51,59,86.7,L14,3.43,2.1,R,J.T. Ginn,ATH,K% drift 6.0 pts (season 20.9 -> L14 14.9); HR/9 drift 1.34 (season 1.11 -> L14 2.45)
2.84,2.41,0.85,0.6,2.67,30.9,TRUE,4.2,2.57,6.03,21,2.09,3.53,52.9,97.5,44.5,2,669373,46,51.2,52.2,57.6,90.9,L14,2.09,3,L,Tarik Skubal,LAD,K% drift 5.8 pts (season 30.9 -> L14 36.7); BB% drift 2.2 pts (season 4.2 -> L14 2.0); HR/9 drift 0.85 (season 0.85 -> L14 0.00)
5.85,3.52,0.86,0.71,4.31,18,FALSE,8.2,5.7,4.36,12,4.94,7.17,51.5,100.3,34.8,0,669387,45.2,50.6,51.8,58,80.1,season,6.75,3.21,R,Carmen Mlodzinski,PIT,L14 file or pitcher row missing -- using season data.
4.3,3.48,1,0.71,3.7,21.9,TRUE,6.1,4.85,5.55,26,4.34,4.27,49.1,98.7,36.2,3,669432,50.1,51.6,51.9,53.6,89.8,L14,4.07,0.93,L,Trevor Rogers,BAL,K% drift 10.5 pts (season 21.9 -> L14 32.4); BB% drift 3.4 pts (season 6.1 -> L14 2.7); HR/9 drift 0.48 (season 1.00 -> L14 1.48)
6.28,5.26,3.14,0.88,4.29,22.7,FALSE,4.5,6,4.78,3,5.91,7.36,58.4,99.8,36.5,0,669438,48.6,61.7,54.5,50.5,84.7,season,5.91,7.36,R,Mason Englert,TBR,L14 file or pitcher row missing -- using season data.
4.37,5.15,1.62,0.76,4.51,18.2,FALSE,9.9,4.58,5.06,11,6.18,2.57,47.8,104,36.2,1,669456,47.6,46.4,52.1,62,84.5,season,7.03,6.75,R,Shane Bieber,TOR,Fewer than 2 L14 starts (1) -- using season data.
5.41,4.47,1.67,0.82,4.05,23.9,TRUE,8,5.93,4.99,27,4.93,5.87,52.1,99.6,37.8,2,669461,46.5,51.1,51.8,56.3,85.4,L14,4.58,4.2,L,Matthew Liberatore,STL,K% drift 9.4 pts (season 23.9 -> L14 33.3); HR/9 drift 2.24 (season 1.67 -> L14 3.91)
3.57,3.53,0.66,0.67,3.92,17.2,FALSE,7.3,3.3,5.67,24,2.93,4.02,52,98.7,35.6,0,669467,47.5,51.5,51,53,91.8,season,3.24,4.95,R,Andre Pallante,STL,L14 file or pitcher row missing -- using season data.
5.62,3.2,1.12,0.83,4.08,16.2,TRUE,2.7,4.95,2,4,5.62,,41.7,99.5,31.7,2,669620,42.4,39,45.6,55.3,32.5,L14,7.94,,L,Brady Basso,ATH,K% drift 6.8 pts (season 17.9 -> L14 11.1); BB% drift 3.0 pts (season 3.0 -> L14 0.0); HR/9 drift 2.01 (season 0.89 -> L14 2.90)
13.5,3.53,4.5,0.7,5.44,30,FALSE,10,5.4,1,2,40.5,0,45.8,85.6,35.8,0,669684,58,48.4,50,46,27,season,13.5,,L,Chris Murphy,CHW,L14 file or pitcher row missing -- using season data.
3.18,3.15,0.45,0.59,4.1,20.9,TRUE,8.9,3.09,5.67,7,3.57,2.86,39.6,100.9,40,3,669713,38.6,36.9,46,61.7,84.7,L14,5.16,1.8,R,Hayden Wesneski,HOU,BB% drift 2.3 pts (season 8.9 -> L14 11.1); HR/9 drift 0.45 (season 0.45 -> L14 0.00)
5.4,6.19,0,0.86,4.86,12.5,FALSE,0,4.5,0.83,2,0,9,31.7,95.5,53.6,0,669724,60.7,28.2,41.8,43.8,12,season,9,,R,Brenan Hanifee,DET,L14 file or pitcher row missing -- using season data.
5.79,6.39,2.31,0.86,5.57,20.4,FALSE,14.3,5.76,4.67,5,7.2,4.73,46.5,102.4,38.3,1,669854,40.1,43.1,50.2,65.5,83.8,season,6.75,,R,Ronel Blanco,HOU,Fewer than 2 L14 starts (1) -- using season data.
6.75,5.72,1.5,0.92,5.02,16,FALSE,6,8.1,6,2,6.75,,38.8,105.7,23.1,0,669920,41.4,35.7,44.5,56.7,90,season,13.5,,R,Jason Alexander,HOU,L14 file or pitcher row missing -- using season data.
4.19,3.75,1.12,0.77,3.9,20,FALSE,5.6,4.15,5.87,26,5.48,3.21,43.8,100.5,32.5,3,669923,45.1,44.9,48.8,56,91.1,L14,4.04,9.64,R,George Kirby,SEA,L14 rates within drift thresholds.
6.1,5.43,2.61,0.81,4.57,21.3,FALSE,8.5,4.5,5.17,2,3.86,7.94,40,85.3,22,0,669947,40.7,46.6,37.5,24.9,93,season,6.1,,R,Jesse Scholtens,TBR,L14 file or pitcher row missing -- using season data.
0,3.2,0,0.64,4.03,50,FALSE,12.5,3.6,2,1,0,,34.7,83.8,14.3,0,670990,32.7,38.5,33.6,28.8,39,season,0,,R,Yohan Ramírez,PIT,L14 file or pitcher row missing -- using season data.
4.49,4.81,1.27,0.74,4.76,17.7,TRUE,10.8,4.44,5.3,28,4.23,4.78,48.8,98.2,37,2,671096,42.1,47.8,48.4,53.8,91.8,L14,4.25,7.82,L,Andrew Abbott,CIN,HR/9 drift 1.73 (season 1.27 -> L14 3.00)
5.4,4.57,0,0.84,5.09,15.8,FALSE,15.8,5.4,3.33,1,,5.4,46.2,92.7,40.3,0,671106,22.7,36.7,41.9,61.5,81,season,5.4,,L,Logan Allen,CLE,L14 file or pitcher row missing -- using season data.
27,4.77,0,0.99,3.95,14.3,FALSE,28.6,14.4,0.67,1,,27,27.6,113.8,9.8,0,671111,25.5,19.1,29.7,44.9,23,season,27,,L,Sammy Peralta,COL,L14 file or pitcher row missing -- using season data.
5.17,3,0.57,0.59,3.58,24.2,FALSE,9.1,6.6,5.22,3,3.18,10.38,63.5,103.3,42.8,0,671212,48.1,61.7,58.3,61.8,87.7,season,3,10.38,R,Joe Boyle,TBR,L14 file or pitcher row missing -- using season data.
3.85,3.84,1.22,0.68,3.87,27.2,TRUE,10.1,3.27,5.72,27,4.35,3.3,47.1,99.9,37.7,2,671737,48.1,46.3,49.5,54.3,97.1,L14,3.13,5.62,R,Taj Bradley,MIN,K% drift 9.1 pts (season 27.2 -> L14 36.4); BB% drift 2.8 pts (season 10.1 -> L14 7.3)
0,4.01,0,0.8,4.58,14.3,FALSE,0,9,1.67,1,0,,56.8,101.8,44.2,0,671936,29.3,52.8,53.4,71.2,30,season,,,L,Adam Macko,TOR,L14 file or pitcher row missing -- using season data.
3.44,3.03,0.94,0.62,3.42,28,TRUE,6.8,3.41,5.79,28,3.8,3.21,44.6,98.9,36.5,3,672282,46.1,44.1,49.9,59.2,92.3,L14,4.05,0,L,Reid Detmers,LAA,K% drift 7.1 pts (season 28.0 -> L14 20.8); BB% drift 5.4 pts (season 6.8 -> L14 1.4); HR/9 drift 0.94 (season 0.94 -> L14 0.00)
0,4.47,0,0.75,3.58,37.5,FALSE,0,10.8,1,2,,0,31.9,92.4,37.5,0,672335,47.9,35.4,41.2,43,11.5,season,0,,L,Cionel Pérez,NYM,L14 file or pitcher row missing -- using season data.
3.32,3.76,1.01,0.6,4.27,15.3,FALSE,5.4,3.76,5.67,22,3.48,3.24,49,101.5,36.9,1,672456,44.9,47.8,51.5,60.5,80.9,season,3.79,2.76,R,Keider Montero,DET,Fewer than 2 L14 starts (1) -- using season data.
9.66,5.83,2.56,0.86,4.81,25.3,FALSE,16,7.88,3.96,8,6.63,14.21,47.4,99.2,30.7,0,673540,42.8,50.2,49.4,53.2,74.5,season,5.64,16.71,R,Kodai Senga,NYM,L14 file or pitcher row missing -- using season data.
0,6.64,0,0.8,5.27,0,FALSE,20,1.8,1.33,1,,0,47,110.2,24.8,0,673929,84.7,46,59.9,58.1,21,season,,,R,Jordan Leasure,CHW,L14 file or pitcher row missing -- using season data.
4.45,4.45,1.19,0.88,5.44,11.9,TRUE,5.2,4.8,5.06,6,4.32,4.61,36.7,96.4,23.1,3,674003,32.9,32.2,41.1,57.3,82,L14,4.38,,L,Cody Bradford,TEX,HR/9 drift 0.70 (season 1.19 -> L14 1.89)
3.86,5.06,3.86,0.77,3.49,55.6,FALSE,11.1,12.6,1.17,2,3.86,,46.6,98.3,38.8,0,674444,36.7,42.3,48.9,65.2,21,season,9,,R,Steven Cruz,KCR,L14 file or pitcher row missing -- using season data.
3.38,3.28,0.56,0.66,3.79,21.4,TRUE,11.4,2.77,4.92,13,3.48,3.26,32.2,94.7,24.5,3,674841,38.9,36.4,41.2,48.5,79.8,L14,3.48,,L,Andrew Alvarez,WSN,HR/9 drift 0.68 (season 0.50 -> L14 1.18)
2.2,3.83,1.06,0.63,3.9,20.6,TRUE,7.1,2.33,6.02,17,2.06,2.36,48.5,103.6,40.1,3,675512,44.5,46,52.6,65.8,89.6,L14,0.73,0,R,Troy Melton,DET,K% drift 6.5 pts (season 20.6 -> L14 14.1); BB% drift 2.0 pts (season 7.1 -> L14 5.1); HR/9 drift 1.02 (season 1.06 -> L14 2.08)
4.41,3.29,0.97,0.71,4.02,23.1,FALSE,8.6,4.16,5.23,16,3.65,5.01,36.5,95.7,26.2,2,675660,39,43.8,43.7,46.9,84.8,L14,4.53,5.06,L,Shane Drohan,MIL,L14 rates within drift thresholds.
27,4.2,0,0.76,4.91,33.3,FALSE,0,3.6,0.67,1,27,,41.4,105.2,26.5,0,675848,36.3,42,49,66.1,30,season,27,,R,Juan Mejia,COL,L14 file or pitcher row missing -- using season data.
5.31,5.28,2.08,0.83,4.32,27.9,FALSE,12.1,5.18,4.88,8,5.97,3.48,43.4,97.3,29.6,0,675911,42.9,49.3,45.8,43.9,86.4,season,6.43,0,R,Spencer Strider,ATL,L14 file or pitcher row missing -- using season data.
4.7,4.95,0,0.84,4.96,23.7,FALSE,18.4,7.8,2.56,3,4.7,,29.7,95.3,23.2,0,675989,42.9,44.6,39,29.9,55.3,season,4.7,,R,Cody Bolton,HOU,L14 file or pitcher row missing -- using season data.
4.15,4.07,1.06,0.74,4.22,16.2,TRUE,6.5,4.05,5.1,20,4.78,3.68,51.5,102.4,40.7,2,676083,49,49.8,54.2,62.9,80.9,L14,2.81,3.04,R,Janson Junk,MIA,K% drift 5.0 pts (season 16.1 -> L14 11.1); HR/9 drift 1.05 (season 1.05 -> L14 0.00)
3.57,3.85,1.3,0.69,3.94,22.3,TRUE,5.7,3.38,5.55,25,3.94,3.25,48.7,100.2,37.5,2,676106,49.2,47.7,51.6,57.8,86.8,L14,3.15,7.36,R,Emerson Hancock,SEA,K% drift 8.3 pts (season 22.3 -> L14 14.0); BB% drift 5.7 pts (season 5.7 -> L14 0.0); HR/9 drift 2.23 (season 1.30 -> L14 3.53)
0,3.44,0,0.61,3.18,100,FALSE,0,10.8,1,1,0,,46.3,98.8,27.8,0,676263,28.5,30.3,44.1,71.2,14,season,0,,L,Jack Dreyer,LAD,L14 file or pitcher row missing -- using season data.
3.81,3.96,1.02,0.75,4.18,24.5,TRUE,11.7,4.47,4.89,29,3.81,3.82,43.1,97.6,35.6,3,676282,43.1,45,48.5,56.4,84.8,L14,3.83,6.14,L,Joey Cantillo,CLE,K% drift 8.5 pts (season 24.5 -> L14 16.0); BB% drift 5.7 pts (season 11.7 -> L14 17.3); HR/9 drift 0.43 (season 1.02 -> L14 0.59)
3.88,4.46,1.44,0.7,4.33,19.3,TRUE,6.9,4.11,5.8,28,3.99,3.8,48.4,101.6,36.5,2,676440,49.2,47.5,51.9,58.8,90.4,L14,3.1,10.29,R,Tanner Bibee,CLE,HR/9 drift 0.69 (season 1.44 -> L14 0.75)
9.82,10.06,4.91,1.43,4.06,26.3,FALSE,0,9,3.67,1,,9.82,2.8,80.2,4.1,0,676467,37.4,38.7,29.5,13.2,68,season,9.82,,L,Colton Gordon,HOU,L14 file or pitcher row missing -- using season data.
1.8,4.87,1.2,0.67,5.33,19,FALSE,6.9,3.44,1.36,11,2.08,1.42,44.9,92.4,38.7,0,676571,47.3,46.4,51.1,59.1,21.2,season,2.7,0,L,PJ Poulin,WSN,L14 file or pitcher row missing -- using season data.
4.76,4.97,1.91,0.75,5.07,17.7,FALSE,7.3,5.7,4.72,6,4.3,5.27,54.1,96.1,47.5,0,676664,55.2,52.2,57.4,64.9,74.3,season,6.75,5.59,L,JP Sears,SDP,L14 file or pitcher row missing -- using season data.
7.71,2.83,0,0.63,2.88,40,FALSE,0,3.6,2.33,1,,7.71,83.5,120.7,53.6,0,676879,44.2,67.8,70.2,91.4,44,season,,7.71,L,Aaron Ashby,MIL,L14 file or pitcher row missing -- using season data.
3.12,3.13,1,0.67,3.35,27.7,TRUE,7.2,3.66,5.26,29,2.94,3.27,41.6,99.9,33.7,2,676917,45.6,45,48.4,54.3,86.4,L14,2.49,2.04,R,Cade Cavalli,WSN,K% drift 9.8 pts (season 27.7 -> L14 37.5); BB% drift 2.8 pts (season 7.2 -> L14 10.0); HR/9 drift 0.80 (season 1.00 -> L14 1.80)
1.7,2.41,0.21,0.5,3.6,25,FALSE,6.7,1.8,5.29,8,1.04,2.76,39.5,103.1,35,0,676962,43,36.6,46.2,59.5,75.4,season,1.32,5.4,R,Ben Brown,CHC,L14 file or pitcher row missing -- using season data.
2.68,3.32,0.89,0.63,3.75,26.2,FALSE,8.9,3.42,5.55,20,3.09,2.26,42.8,99.6,33.7,0,676974,43.1,46.2,49,56.4,89.4,season,2.36,3.07,R,Max Meyer,MIA,L14 file or pitcher row missing -- using season data.
6.3,3.9,1.5,0.82,3.62,26.8,FALSE,8,6.9,5,6,6.75,5.56,53,96.7,37.6,0,676979,41.9,49.2,50,56.9,86.3,season,3.27,2.84,L,Garrett Crochet,BOS,L14 file or pitcher row missing -- using season data.
4.78,4.52,1.34,0.81,4.42,17.8,FALSE,7.4,4.46,5.11,21,5.08,4.27,48.5,100.9,41.9,0,677944,45,48.5,50.9,58,84.8,season,5.44,1.59,R,Slade Cecconi,CLE,L14 file or pitcher row missing -- using season data.
3.59,3.41,1.18,0.66,3.34,25.4,TRUE,5.4,4.13,5.94,27,3.59,3.59,53.1,100.5,38.8,2,677952,45.9,52.5,53.1,59.1,86.9,L14,3.09,5.18,R,Braxton Ashcraft,PIT,K% drift 13.8 pts (season 25.4 -> L14 11.6); HR/9 drift 1.18 (season 1.18 -> L14 0.00)
4.77,4.26,1.38,0.75,4.1,20.7,TRUE,9.9,5.25,4.88,24,4.79,4.76,53.5,102.6,40.7,2,677958,45.3,48.1,51.5,59.9,84.5,L14,4.12,5.4,R,Kumar Rocker,TEX,K% drift 14.0 pts (season 21.8 -> L14 35.7); BB% drift 7.0 pts (season 9.7 -> L14 16.7)
3.6,3.55,1.18,0.7,3.21,25.2,FALSE,6.7,3.89,5.49,25,3.09,3.99,42.8,94.9,40.3,1,677960,43.8,38.5,45.9,55.7,91.2,season,4.65,1.69,L,Ryan Weathers,NYY,Fewer than 2 L14 starts (1) -- using season data.
2.81,4.04,0.75,0.7,4.37,17.5,TRUE,9.2,2.8,5.33,9,1.14,4.44,45.6,102.3,37.3,3,677976,46.2,44.3,50.7,61.2,91.7,L14,4.58,7.2,R,Randy Dobnak,KCR,K% drift 4.9 pts (season 16.2 -> L14 21.1); HR/9 drift 0.91 (season 0.78 -> L14 1.69)
7.6,4.59,2.26,0.82,4.56,24.6,FALSE,10.4,7.05,4.64,12,7.94,7.45,44.6,100,30.8,1,678022,49.2,47.3,50.9,56.4,82.8,season,8.04,6.75,R,Jack Perkins,ATH,Fewer than 2 L14 starts (1) -- using season data.
10.35,4.14,2.52,0.77,4.42,11.9,FALSE,11.4,10.58,4.46,8,10.03,10.95,50.7,102.6,45.4,0,678394,45.1,46.4,49.8,57,88.8,season,6.6,8.1,R,Brayan Bello,BOS,L14 file or pitcher row missing -- using season data.
7.71,3.8,3.86,0.51,4.34,0,FALSE,0,5.4,2.33,1,,7.71,15.4,95.4,53.3,0,678868,62.7,10.7,32.5,35.9,20,season,7.71,,R,Eddy Yean,WSN,L14 file or pitcher row missing -- using season data.
5.52,4.18,1.43,0.76,4.44,21.1,FALSE,10.3,5.76,4.4,10,6.41,4.81,50.8,101.9,35.7,0,678906,44,48.5,50.1,56.2,76.3,season,4.5,2.45,R,Kai-Wei Teng,HOU,L14 file or pitcher row missing -- using season data.
9,3.95,0,0.8,3.93,20,FALSE,0,10.8,1,1,9,,88.5,120.8,53.4,0,679775,59.2,85.5,70.7,62.1,15,season,,9,L,Kyle Backhus,PHI,L14 file or pitcher row missing -- using season data.
6.27,4.46,1.22,0.8,4.86,19.4,FALSE,14.2,5.85,4.31,12,4.91,9.6,46,102.2,33.2,0,679883,44.6,46.3,50.3,58.9,78.6,season,8.24,6.23,R,Luinder Avila,KCR,L14 file or pitcher row missing -- using season data.
6.03,4.53,1.39,0.84,4.62,20.7,TRUE,9.5,6.98,4.85,16,3.9,7.54,47.7,103.8,36.6,3,680570,48.1,49.7,54,63.1,87.6,L14,5.36,10.24,R,Grayson Rodriguez,LAA,BB% drift 3.0 pts (season 9.5 -> L14 6.5); HR/9 drift 0.40 (season 1.39 -> L14 0.99)
8.26,5.74,1.81,0.9,5.75,11.2,FALSE,10.7,8.64,4.47,10,8.53,7.91,43.5,100.2,41,0,680573,55,38.6,47.7,52.9,80.8,season,9.97,10.38,R,Simeon Woods Richardson,MIN,L14 file or pitcher row missing -- using season data.
36,11.2,9,1.04,5.33,28.6,FALSE,28.6,10.8,1,1,,36,48,95.7,53.9,0,680689,55.6,41.8,47.6,48.4,30,season,,,R,Lyon Richardson,CIN,L14 file or pitcher row missing -- using season data.
4.01,4.04,1.03,0.76,4.18,21.6,TRUE,10.1,4.87,5.48,27,4.45,3.46,44.8,99.9,39.1,3,680694,48.6,44.7,48.7,53.2,92.1,L14,3.91,5.03,R,Kyle Bradish,BAL,HR/9 drift 1.49 (season 1.03 -> L14 2.52)
3.47,3.5,1.04,0.66,3.91,26,TRUE,8.8,3.52,5.4,24,2.72,3.99,51,101.2,37.8,3,680732,51.1,53.2,54.7,59.2,92.1,L14,3.14,5.4,R,Sean Burke,CHW,K% drift 6.0 pts (season 26.3 -> L14 20.3); BB% drift 10.2 pts (season 8.5 -> L14 18.8)
3.46,4.18,1.4,0.68,4.39,19.6,FALSE,5.4,3.42,6.12,20,3.86,2.96,43,96,32.2,0,680736,49.1,45.5,47.6,48.9,92,season,2,6.75,L,Justin Wrobleski,LAD,L14 file or pitcher row missing -- using season data.
5.4,3.38,2.7,0.6,3.67,26.7,FALSE,13.3,3.6,3.33,1,5.4,,47,110.2,24.8,0,680744,77.1,41.9,54.5,52.9,48,season,,,R,Ty Madden,DET,L14 file or pitcher row missing -- using season data.
1,4.04,0,0.65,4.27,24.3,FALSE,21.6,1.58,1.12,8,0,1.69,53.4,99.1,44.2,0,680755,48.9,53.4,53.3,56.3,17.1,season,0,0,R,Braydon Fisher,TOR,L14 file or pitcher row missing -- using season data.
5.14,7.1,2.57,0.99,4.84,20,FALSE,22.9,4.5,3.5,2,5.4,4.91,24.3,94.7,19.9,0,680802,46.3,42.4,38.6,28.5,81,season,5.14,,R,Ryan Weiss,HOU,L14 file or pitcher row missing -- using season data.
3.8,3.48,0.95,0.68,3.92,27.4,TRUE,10.7,3.51,4.73,20,3.98,3.59,45.9,101.1,39,2,681035,45.5,44.8,49.7,58.2,86.2,L14,3.18,5.79,R,Christian Scott,NYM,K% drift 9.6 pts (season 27.4 -> L14 17.8); BB% drift 9.3 pts (season 10.7 -> L14 20.0); HR/9 drift 0.99 (season 0.95 -> L14 1.94)
3.81,4.21,1.05,0.75,4.76,15.1,TRUE,7,4.5,5.05,22,3.48,4.13,44.1,100.4,30.7,3,681190,45.2,49.2,50.1,54.5,79.8,L14,3.69,8.76,R,Randy Vásquez,SDP,HR/9 drift 1.06 (season 1.06 -> L14 0.00)
4.7,4.78,1.27,0.71,5,22.4,FALSE,12.8,5.1,5.11,18,5.98,3.38,47.6,100.2,36.7,1,681293,46.1,47.2,49.1,53.5,87.9,season,2.87,5.06,R,Spencer Arrighetti,TOR,Fewer than 2 L14 starts (1) -- using season data.
10.8,5.26,1.08,0.96,5.64,22.4,FALSE,18.4,10.2,2.78,3,19.29,0,57.6,105.8,45.9,0,681343,51.5,58.7,59.4,65.9,75,season,21,16.2,R,Shane Smith,CHW,L14 file or pitcher row missing -- using season data.
6.05,5.51,2.02,0.86,4.73,17.7,FALSE,8.4,6.78,5.51,17,5.13,7.24,42.3,99.3,34.9,0,681347,42.3,42.9,45.5,50.8,91.8,season,5.09,8.68,R,Mike Burrows,HOU,L14 file or pitcher row missing -- using season data.
3.13,3.46,0.9,0.73,3.8,21.7,TRUE,7,2.84,4.97,26,3.38,2.91,42.2,97.7,32.4,2,681517,43.9,44.2,46,49.6,82.2,L14,3.42,1.23,R,Kyle Leahy,STL,BB% drift 3.4 pts (season 7.0 -> L14 10.3); HR/9 drift 0.39 (season 0.90 -> L14 1.29)
9,3.92,0,0.77,3.93,9.1,FALSE,18.2,8.1,1,2,0,18,46.5,99.1,37.1,0,681810,41.8,45.7,47.8,54.6,26,season,9,,R,Austin Warren,NYM,L14 file or pitcher row missing -- using season data.
4.58,4.73,1.59,0.76,4.82,22.3,TRUE,11.3,5.13,4.82,20,4.02,5.11,45.5,101.7,33.2,3,682052,43.5,48.6,52.6,63.8,85.6,L14,4.47,4.15,L,Jacob Lopez,ATH,K% drift 9.3 pts (season 22.1 -> L14 31.4); BB% drift 2.6 pts (season 11.2 -> L14 8.6); HR/9 drift 0.40 (season 1.46 -> L14 1.06)
5.94,5.59,1.35,0.83,6.1,15.8,FALSE,14.5,5.91,4.76,7,3.31,8.47,35.2,91,26.4,1,682227,41.3,37.9,43.7,52.2,86.4,season,4.61,,L,Brandon Williamson,CIN,Fewer than 2 L14 starts (1) -- using season data.
4.04,4.2,1.54,0.7,4.07,24,TRUE,6.9,4.24,5.51,17,4.8,3.14,52.2,102,38.5,2,682243,45.3,49.6,52.5,61,85.1,L14,3.14,7.04,R,Bryce Miller,SEA,K% drift 5.3 pts (season 23.9 -> L14 18.6); BB% drift 12.1 pts (season 6.6 -> L14 18.6); HR/9 drift 0.62 (season 1.55 -> L14 2.17)
0,2.27,0,0.56,1.99,38.1,FALSE,14.3,0.72,1,5,0,0,46.4,94.5,37,0,682254,46.8,53.7,50.7,50,14.2,season,0,0,L,Mason Montgomery,PIT,L14 file or pitcher row missing -- using season data.
4.83,4.08,1.49,0.74,3.63,26.6,TRUE,8.7,4.95,4.54,16,4.28,5.31,51.7,99.7,34.5,2,683003,50.6,55.2,53,52.4,76.3,L14,4.69,4,R,Jared Jones,PIT,BB% drift 5.3 pts (season 8.6 -> L14 14.0); HR/9 drift 0.39 (season 1.49 -> L14 1.10)
5.29,4.61,1.57,0.77,4.44,23.4,FALSE,9.9,5.64,5.33,15,5.54,5.05,52.1,101.8,39.1,0,683004,43,52.2,50.8,54.8,93.1,season,5.23,5.65,R,Jack Leiter,TEX,L14 file or pitcher row missing -- using season data.
8.31,4.95,2.08,1.08,4.86,22.2,FALSE,5.6,9,4.33,1,,8.31,2.8,94.7,4.1,0,683155,42.3,43.9,33.4,15,71,season,8.31,,R,Joey Estes,ATH,L14 file or pitcher row missing -- using season data.
4.7,5.06,1.02,0.77,5.76,15.5,TRUE,13.9,4.86,4.4,10,6.17,3.05,48.1,98,31,2,683352,44.9,51.1,50,52.5,72.6,L14,4.81,9,L,Mitch Bratt,ARI,HR/9 drift 1.02 (season 1.02 -> L14 0.00)
4.63,3.7,0.77,0.68,4.87,12.8,FALSE,4.3,3,3.89,3,6.35,3,47.2,103.6,28.4,2,683363,60.7,55.5,56.7,55.4,60.3,L14,,,L,Matt Wilkinson,SFG,L14 rates within drift thresholds.
0,2.31,0,0.5,3.56,25,FALSE,0,5.4,1,1,,0,45.2,86.8,29.6,0,683618,46.1,51.7,38.8,19,21,season,0,,R,Edgardo Henriquez,LAD,L14 file or pitcher row missing -- using season data.
5.4,4.08,1.8,0.64,4.7,28.6,FALSE,0,5.4,5,1,5.4,,48.2,104.6,52.9,1,683627,52.4,47.1,54.3,64,75,season,,,R,Anthony Molina,SFG,Fewer than 2 L14 starts (1) -- using season data.
4.01,4.68,1.98,0.74,3.95,24,TRUE,5.7,3.73,5.57,27,3.65,4.23,48.7,97.4,35.6,2,684007,41.7,49.9,49,53.2,89.4,L14,3.29,5.85,L,Shota Imanaga,CHC,BB% drift 2.2 pts (season 5.7 -> L14 7.9); HR/9 drift 3.16 (season 1.98 -> L14 5.14)
6.53,5.62,2.18,0.95,5.6,17.9,FALSE,7.4,6.12,4.13,5,8.25,4.15,49.5,96.5,33.3,1,684442,44.3,46.7,53.1,66.7,76.4,season,7.88,9,L,Kohl Drake,ARI,Fewer than 2 L14 starts (1) -- using season data.
7.71,4.06,3.86,0.8,3.69,28.6,FALSE,4.8,4.05,1.17,4,6.75,9,45.9,91.4,43.2,0,685126,47.6,44.6,51,60.8,23.8,season,0,,L,Brandon Eisert,CHW,L14 file or pitcher row missing -- using season data.
5.13,4.51,1.79,0.86,4.6,15.1,TRUE,4.5,6.52,5.04,8,1.59,7.71,50.4,104.2,34.5,3,685299,35.2,38.9,45,58.9,79.5,L14,7.71,1.5,R,Tanner Gordon,COL,K% drift 4.7 pts (season 18.8 -> L14 14.1); HR/9 drift 0.68 (season 1.73 -> L14 1.05)
5.29,4.51,1.89,0.8,3.82,26.2,FALSE,7.3,4.5,4.77,20,5.28,5.29,42.3,96.8,28.6,0,686218,44.1,44.6,46.2,49.4,84.9,season,5.53,3.75,R,Emmet Sheehan,LAD,L14 file or pitcher row missing -- using season data.
3.33,4.21,1.11,0.66,3.98,25.3,TRUE,12.9,3.36,5.4,15,2.67,3.8,38.3,100.3,32.4,2,686613,43.8,35,43.6,53.4,93.4,L14,3,,R,Hunter Brown,HOU,BB% drift 4.8 pts (season 12.9 -> L14 8.2); HR/9 drift 0.32 (season 1.11 -> L14 0.79)
5.12,3.75,0.9,0.72,4.16,18.4,FALSE,7.4,5.66,5.02,14,3.6,6.62,54.2,100.9,41.2,0,686790,55.5,54.9,55.4,55.9,81.2,season,5.11,5.21,R,Trevor McDonald,SFG,L14 file or pitcher row missing -- using season data.
6.19,4.74,0.98,0.74,4.96,15.9,FALSE,12.2,6.23,4.92,13,8.39,3.64,51.3,102.6,43.4,0,686799,51.3,50.1,54.1,60.8,85.1,season,4.13,11.08,R,Jack Kochanowicz,LAA,L14 file or pitcher row missing -- using season data.
10.69,6.84,3.94,0.91,5.27,18.8,FALSE,13.8,9,4,4,14.14,8,43.7,94.1,30.6,0,686930,57.8,47.3,47.5,40.5,76.2,season,7.71,,R,Mason Barnett,ATH,L14 file or pitcher row missing -- using season data.
3.38,4.27,1.17,0.72,4.33,18.5,TRUE,8.3,3.99,5.67,23,3.39,3.37,47.5,102,39.9,2,687064,48.5,44.7,50.6,58.7,90.2,L14,4.24,3.32,R,Brandon Young,BAL,K% drift 4.2 pts (season 18.5 -> L14 14.3); HR/9 drift 0.31 (season 1.17 -> L14 1.48)
5.2,4.82,1.63,0.79,4.36,24.3,FALSE,11,4.93,4.65,19,3.91,6.75,46.2,98.9,32.7,0,687075,43.8,45.8,48.1,53.9,83.3,season,4.17,6.23,R,Brandon Sproat,MIL,L14 file or pitcher row missing -- using season data.
10.97,3.53,0.84,0.85,5.3,23.6,FALSE,10.9,6.6,1.78,6,22.5,8.31,34.6,94.7,32.2,0,687223,42.3,44.9,45.2,47.8,38.8,season,10.8,3,L,Carson Palmquist,WSN,L14 file or pitcher row missing -- using season data.
5.03,2.95,0.46,0.73,4.15,22.5,TRUE,9,4.95,4.92,4,6.43,1.59,28,92.2,32.2,2,687273,40.7,37.5,40.8,44.6,98.2,L14,5.74,,L,Quinn Mathews,STL,BB% drift 4.8 pts (season 9.0 -> L14 4.2); HR/9 drift 0.46 (season 0.46 -> L14 0.00)
6.57,3.94,0.91,0.74,4.65,18.6,TRUE,9.1,6.3,4.93,10,9,4.26,57.3,101.3,35.2,3,687312,43.5,45.6,47.8,53.4,84.5,L14,9.33,4.5,R,Gabriel Hughes,COL,K% drift 4.8 pts (season 18.2 -> L14 13.4); BB% drift 2.9 pts (season 9.1 -> L14 11.9); HR/9 drift 0.41 (season 0.86 -> L14 1.27)
3.86,3.84,1.23,0.72,4.14,18.4,TRUE,7.7,4.11,4.17,14,4.15,3.62,40.3,96.7,27.8,3,687473,45.6,42.4,46.1,50.6,67.2,L14,4.42,1.08,R,Ryan Gusto,MIA,K% drift 6.0 pts (season 19.1 -> L14 13.1); BB% drift 3.1 pts (season 6.7 -> L14 9.8); HR/9 drift 1.06 (season 1.06 -> L14 0.00)
3.27,3.07,0.67,0.59,3.88,19.8,TRUE,4.8,3.38,5.85,16,3.02,3.52,46.6,95.8,37.9,2,687562,38.7,38.8,43.3,51.8,82.2,L14,3.86,4.76,L,Jake Bennett,BOS,K% drift 6.2 pts (season 19.8 -> L14 26.0); BB% drift 2.8 pts (season 4.8 -> L14 2.0)
5.55,3.74,1.18,0.75,3.89,24.7,TRUE,9.1,6.44,5.21,19,6.4,4.83,44.5,94,36.5,2,687570,47.3,47.2,48.1,49.9,88.4,L14,5.4,,L,Connor Prielipp,MIN,BB% drift 2.6 pts (season 8.9 -> L14 6.2); HR/9 drift 0.31 (season 1.12 -> L14 0.81)
9,4.24,0,0.86,4.92,16.7,FALSE,16.7,7.2,1,1,,9,46.2,97.8,33.8,0,687606,47.5,57.4,56,60.6,26,season,,,R,Paxton Schultz,WSN,L14 file or pitcher row missing -- using season data.
13.5,8.89,0,1.22,6.3,5,FALSE,5,12.6,4,1,13.5,,83.5,108.3,53.6,0,687765,49.3,61.8,67.2,86,63,season,,13.5,R,Mitch Spence,KCR,L14 file or pitcher row missing -- using season data.
13.5,4.48,0,0.78,4.08,25,FALSE,50,1.8,0.67,1,13.5,,25.9,90.7,15.4,0,687911,27.2,20.8,40.9,73.6,19,season,13.5,,L,Bryan King,HOU,L14 file or pitcher row missing -- using season data.
6.49,5.29,1.3,0.85,5.96,15.9,FALSE,12.8,5.62,4.33,8,10.34,3.32,32.5,95.1,22.9,1,687931,41.2,38.9,42.1,46.3,77.1,season,5.81,,L,Carson Whisenhunt,SFG,Fewer than 2 L14 starts (1) -- using season data.
0,3.02,0,0.56,3.92,22.2,FALSE,0,2.7,1.33,2,0,0,63.4,107.6,53.2,1,687941,47.5,52.4,57.3,69.8,16,season,,,L,Alec Gamboa,BOS,Fewer than 2 L14 starts (1) -- using season data.
4.76,4.09,1.44,0.75,4.28,21.5,TRUE,7.1,5.62,5.08,16,5.44,4.05,48.9,95.8,34.5,2,688107,41.4,49.7,48.5,52.2,85.6,L14,5.59,5.4,L,Robert Gasser,MIL,BB% drift 8.2 pts (season 7.2 -> L14 15.4); HR/9 drift 1.35 (season 1.35 -> L14 0.00)
1.69,4.29,1.69,0.79,5.35,14,FALSE,11.6,1.2,3.56,3,0,6,58,100.6,42.4,1,688642,56.2,48.2,50,47.9,56.7,season,0,6,R,Zach Agnos,COL,Fewer than 2 L14 starts (1) -- using season data.
2.08,3.68,0,0.64,4.23,19,FALSE,19,2.25,1.08,4,2.08,,60.8,97.1,60.9,1,689254,42.3,55,55.5,65.6,19.2,season,0,,L,Mason Fluharty,TOR,Fewer than 2 L14 starts (1) -- using season data.
5.94,4.39,1.08,0.8,5.29,13.2,FALSE,6.6,4.95,4.17,4,3.14,23.14,39.5,104.8,29.3,0,689441,37,35.8,47.1,67.2,69,season,7.71,,R,Coleman Crow,MIL,L14 file or pitcher row missing -- using season data.
5.62,5.78,1.12,0.79,4.17,21.9,FALSE,10.9,6.6,5.33,3,18,1.5,49.3,104.3,42.3,0,689818,51.4,48.3,55.4,66.4,77.3,season,,,R,David Sandlin,CHW,L14 file or pitcher row missing -- using season data.
3,5.43,2,0.83,4.63,26.3,FALSE,13.2,2.7,4.5,2,3,,65.9,106.5,53.2,2,690279,50.8,54.4,60.8,75,74.5,L14,,2.25,R,Mason Adams,COL,L14 rates within drift thresholds.
3.82,4.19,1.12,0.72,4.26,22,FALSE,12.1,4.5,5,8,3.9,3.6,45.6,100.7,38.3,1,690928,41.8,48,48.8,54.9,88.5,season,3.26,3.86,R,Hunter Dobbins,STL,Fewer than 2 L14 starts (1) -- using season data.
2.12,2.31,0,0.73,4.33,26,FALSE,8.2,3.6,5.67,3,,2.12,50.7,100.3,34.6,0,690953,57.4,48,49.9,46.7,92,season,0,,R,Mick Abel,MIN,L14 file or pitcher row missing -- using season data.
3.45,3.79,1.6,0.72,3.28,29.1,TRUE,6.5,3.6,4.86,22,5.94,1.26,55.2,100.4,41,2,690986,44,50.4,52.4,60.6,85.6,L14,2.64,4.85,L,Kyle Harrison,MIL,K% drift 11.3 pts (season 29.1 -> L14 17.8); HR/9 drift 4.99 (season 1.60 -> L14 6.59)
2.45,4.6,1.23,0.52,3.71,15.4,FALSE,7.7,2.7,3.67,2,0,2.84,64.7,101.5,44.7,0,690990,51.1,52.5,55.8,62.9,46,season,0,2.84,R,Cade Horton,CHC,L14 file or pitcher row missing -- using season data.
3.06,3.32,0.87,0.62,3.68,26.7,TRUE,9.5,3.6,5.77,27,2.49,3.62,47.3,100.1,35.8,2,690997,46.4,46.9,49.8,55.4,94.2,L14,2.64,5.47,R,Nolan McLean,NYM,K% drift 6.7 pts (season 26.7 -> L14 20.0); BB% drift 4.5 pts (season 9.5 -> L14 14.0); HR/9 drift 0.87 (season 0.87 -> L14 0.00)
3.72,3.9,1.13,0.67,3.98,26.1,TRUE,10.6,4.03,5.41,25,4.54,2.81,44.2,100.4,35.5,3,691587,47.4,46.9,50.1,55.7,90.8,L14,2.52,3.75,R,Eury Pérez,MIA,K% drift 6.7 pts (season 26.1 -> L14 19.4); BB% drift 5.5 pts (season 10.6 -> L14 16.1); HR/9 drift 1.82 (season 1.13 -> L14 2.95)
5.57,4.52,1.51,0.76,4.33,19.6,TRUE,8,5.31,5.02,19,4.99,6.28,51.3,100.2,37.3,3,691725,43.1,45.9,49.5,58.2,84.5,L14,4.02,4.26,R,Andrew Painter,PHI,K% drift 7.4 pts (season 20.0 -> L14 27.4); BB% drift 4.0 pts (season 8.1 -> L14 4.1); HR/9 drift 1.45 (season 1.45 -> L14 0.00)
0,2.21,0,0.53,2.86,31.2,FALSE,0,3.15,1.25,4,0,0,33.9,97.6,51.2,0,691799,57.7,33.5,45.5,50.7,15.2,season,0,,R,Grant Taylor,CHW,L14 file or pitcher row missing -- using season data.
3.67,4.62,0.67,0.68,5.34,19.2,FALSE,16.8,4.5,4.5,6,3.46,3.86,38.5,99,26.9,1,691946,44.1,40,45.5,53,81.8,season,3.67,,R,George Klassen,LAA,Fewer than 2 L14 starts (1) -- using season data.
6.31,5.24,1.4,0.72,5.66,11.9,FALSE,11.9,7.5,4.28,6,18,4.76,50.8,103.5,33.5,0,691951,53.2,52.2,54.5,58.2,80,season,11.57,,L,Sam Aldegheri,LAA,L14 file or pitcher row missing -- using season data.
4.25,3.3,1.09,0.66,3.65,24.6,TRUE,5.1,4.22,5.71,26,5.62,2.63,45.1,100.6,35.2,2,693433,43.8,44.7,49.4,58.7,88.2,L14,3.97,4.5,R,Bryan Woo,SEA,HR/9 drift 1.61 (season 1.09 -> L14 2.70)
2.04,2.52,0.79,0.56,2.91,31,TRUE,6.2,2.42,5.92,29,1.14,3.41,43.1,98.4,37.4,3,693645,48.4,40.4,45,47.9,92.5,L14,1.5,2.65,R,Cam Schlittler,NYY,BB% drift 4.5 pts (season 6.2 -> L14 10.7); HR/9 drift 0.32 (season 0.79 -> L14 0.47)
7.41,2.79,1.06,0.58,3.32,13.2,TRUE,3.9,6.9,2.83,6,9,6,41.5,99.2,35.1,2,693686,40.3,39.7,47.5,61.5,45.3,L14,2.25,,R,Spencer Miles,TOR,K% drift 14.3 pts (season 22.7 -> L14 8.3); BB% drift 6.2 pts (season 6.2 -> L14 0.0); HR/9 drift 0.53 (season 0.53 -> L14 0.00)
4.11,4.56,1.45,0.71,4.26,19.1,TRUE,7.7,4.43,5.73,26,4.93,3.75,51.4,101.2,37.1,2,693821,46,47.4,51,58.6,86.3,L14,4.86,3.96,R,Bryce Elder,ATL,K% drift 4.3 pts (season 19.1 -> L14 14.8); BB% drift 2.2 pts (season 7.7 -> L14 5.6)
4.5,3.81,2.33,0.72,3.26,33.5,TRUE,4.5,4.2,4.83,12,3,5.35,44.2,98.7,40.7,2,693855,45.3,50.3,51.2,56.4,78,L14,4.15,5.4,L,Ian Seymour,TBR,K% drift 9.8 pts (season 29.4 -> L14 39.1); BB% drift 4.6 pts (season 6.8 -> L14 2.2); HR/9 drift 1.65 (season 1.59 -> L14 3.24)
2.91,4.04,0.9,0.67,4.29,14.8,TRUE,4.5,2.52,5.98,15,2.57,3.21,52.5,101.5,39.7,2,694297,46.9,54.1,54,59,87.3,L14,3.93,2.84,R,Brandon Pfaadt,ARI,K% drift 8.3 pts (season 16.0 -> L14 7.7); HR/9 drift 0.43 (season 1.05 -> L14 1.48)
0,4.16,0,0.83,4.77,25,FALSE,0,3.6,1,1,,0,75.2,110.3,54.5,0,694335,71.8,74.6,68.1,58.1,14,season,,0,R,Matt Svanson,STL,L14 file or pitcher row missing -- using season data.
12.27,10.54,7.36,1.08,6.73,16.7,FALSE,11.1,10.8,3.67,1,,12.27,49.9,108.6,36.5,0,694341,39.1,42.5,48.9,63.2,87,season,,,R,Brendan Beck,NYY,L14 file or pitcher row missing -- using season data.
7.55,6.31,2.03,0.88,5,18.5,FALSE,15.9,7.2,4.43,7,5.27,9.35,54.5,104.7,42.8,0,694346,48.5,54.2,56.4,64.6,84.1,season,5.19,5.59,R,Trey Gibson,BAL,L14 file or pitcher row missing -- using season data.
18,4.81,0,0.8,4.19,0,FALSE,0,3.6,1,1,18,,59.8,103.9,49.3,0,694360,46.8,48.6,54.5,66.7,25,season,,,R,Beck Way,KCR,L14 file or pitcher row missing -- using season data.
4.5,3.2,2.25,0.7,3.11,25,FALSE,5,1.2,1.33,3,4.5,,46.5,102.6,43.2,0,694361,35.5,45.2,49,62.9,29.3,season,0,9,R,Will Klein,LAD,L14 file or pitcher row missing -- using season data.
10.38,7.88,3.12,0.95,5.77,13.6,FALSE,13.6,9,4.33,2,18.9,5.06,49.1,103.8,39.3,0,694462,35.3,48.4,51.5,66.3,80,season,5.06,,R,Hurston Waldrep,ATL,L14 file or pitcher row missing -- using season data.
2.86,3.91,0.32,0.68,4.47,18.3,FALSE,12.5,2.7,4.72,6,4.32,2.25,46.2,95,43.1,0,694477,48.9,40.4,46,50.4,77.3,season,3.79,,R,Chad Patrick,MIL,L14 file or pitcher row missing -- using season data.
4.17,3.6,0.68,0.66,4.1,22.3,TRUE,11.1,4.4,5.36,27,4.27,4.04,52.8,101,37.1,3,694738,53.6,53.2,54.2,55.9,94.2,L14,3.65,6.99,R,Landen Roupp,SFG,K% drift 8.7 pts (season 22.3 -> L14 13.6)
1.97,2.1,0.81,0.48,2.24,38.3,TRUE,6.6,2.22,5.96,26,2.39,1.62,48.2,100.7,37.5,3,694819,44.5,48.6,49.2,53.3,90.8,L14,1.81,1.89,R,Jacob Misiorowski,MIL,K% drift 12.2 pts (season 38.3 -> L14 26.2); BB% drift 5.7 pts (season 6.6 -> L14 12.3)
5.26,4.22,1.4,0.7,4.15,19.6,TRUE,9.3,5.4,5.13,5,1.69,7.8,33.5,95.3,17.9,2,694918,46.2,41.5,41.2,37.3,90.4,L14,5.26,,R,Blade Tidwell,SFG,K% drift 4.9 pts (season 20.1 -> L14 25.0); HR/9 drift 1.46 (season 1.19 -> L14 2.65)
3.97,2.89,0.9,0.67,3,28.9,TRUE,7.1,4.56,5.35,28,4.01,3.94,47.1,99.5,34.2,2,694973,50.3,50.1,51,52.5,90.6,L14,4.99,3.15,R,Paul Skenes,PIT,K% drift 11.5 pts (season 28.9 -> L14 17.4)
20.25,6.51,6.75,1.06,5.11,18.2,FALSE,13.6,23.4,4,1,20.25,,41.4,105.2,26.5,0,695034,36.3,42,49,66.1,90,season,20.25,,R,Kade Morris,ATH,L14 file or pitcher row missing -- using season data.
5.4,4.54,1.29,0.78,4.79,18.2,TRUE,8.1,6.09,5,21,6.79,3.66,52.7,101.5,37.7,2,695076,46.7,50.4,51.1,55.1,85,L14,4.7,7.23,R,Rhett Lowder,CIN,K% drift 4.9 pts (season 17.6 -> L14 12.8); BB% drift 6.5 pts (season 8.6 -> L14 2.1); HR/9 drift 1.16 (season 1.29 -> L14 2.45)
2.31,3.8,0,0.62,3.87,24.5,TRUE,15.1,1.08,2.33,5,3.18,1.5,40.6,94.2,31.7,2,695418,43.5,42.5,44,46.2,46.8,L14,3.24,,R,Brad Lord,WSN,K% drift 6.7 pts (season 22.5 -> L14 29.2); HR/9 drift 0.99 (season 0.99 -> L14 0.00)
2.79,3.12,0.93,0.64,3.39,28.9,TRUE,8.4,2.7,5.59,26,3.5,2.09,44.2,102.4,34.2,2,695505,40.6,42.6,47.3,57.4,92.4,L14,2.71,3.21,R,Chase Burns,CIN,BB% drift 3.9 pts (season 8.5 -> L14 4.5); HR/9 drift 1.21 (season 0.93 -> L14 2.14)
6.57,5.47,2.19,0.76,5.61,5.6,FALSE,7.4,5.4,4.11,3,6.14,7.2,74.7,103.2,48.5,0,695534,48.2,64,60.5,65.2,58.3,season,7.2,6.14,R,Chase Petty,CIN,L14 file or pitcher row missing -- using season data.
4.63,4.99,1.54,0.82,4.71,18.3,TRUE,9.6,4.68,4.67,5,2.93,7.88,45.6,107.8,34.3,2,695549,43,41.6,52.5,71.6,81.8,L14,0,,R,Jackson Jobe,DET,BB% drift 2.0 pts (season 9.6 -> L14 11.6); HR/9 drift 0.44 (season 1.54 -> L14 1.98)
5.15,3.82,0.97,0.76,4.2,24.3,TRUE,11.1,5.4,5.15,18,4.6,5.62,47.2,102.4,32.5,3,695611,46.5,51.2,53.8,62,90.6,L14,5.4,5.28,L,Gage Jump,ATH,K% drift 4.0 pts (season 24.3 -> L14 20.3)
5.4,4.3,0.68,0.73,5.39,16.8,TRUE,12.8,5.1,4.44,6,5.25,5.52,29.8,97,15,2,695684,34.5,29.1,36.3,45.8,82.8,L14,5.4,,R,Elmer Rodríguez,NYY,K% drift 9.4 pts (season 16.8 -> L14 26.2); HR/9 drift 0.30 (season 0.68 -> L14 0.98)
2.19,3.91,0,0.69,4.64,28.6,FALSE,14.3,3.15,3.08,4,7.71,0.9,58,96.1,36.9,0,696070,50.8,58.2,58.5,64.4,49.8,season,2.84,4.5,L,Kendry Rojas,MIN,L14 file or pitcher row missing -- using season data.
15.63,3.39,1.42,0.97,4.14,17.6,FALSE,2.9,11.7,3.17,2,15.63,,49.1,93.6,39.3,0,696136,35.8,49.2,52.2,67.1,64.5,season,13.5,,L,Jordan Wicks,CHC,L14 file or pitcher row missing -- using season data.
4.34,4.03,0.83,0.68,4.76,19.9,TRUE,12.1,4.5,5.03,26,4.4,4.27,47.9,99.7,34.3,3,696149,49.6,49.4,51,53.8,86.4,L14,4.41,4.89,R,Bubba Chandler,PIT,HR/9 drift 0.48 (season 0.79 -> L14 1.27)
4.81,6.03,1.87,0.78,5.66,16.9,TRUE,11.4,5.53,4.81,14,6.48,3.18,47.5,101.8,34.7,2,696270,46.7,48.8,51.5,58.1,83.8,L14,4.08,12.91,R,Ryan Johnson,LAA,K% drift 5.3 pts (season 16.5 -> L14 11.1); BB% drift 4.2 pts (season 11.4 -> L14 15.6); HR/9 drift 1.99 (season 1.99 -> L14 0.00)
0,2.44,0,0.58,3.24,30.8,FALSE,0,3.6,1,4,0,0,44.7,102.1,30.9,0,699134,42.1,41.8,50.3,66,12,season,0,0,R,Bradgley Rodriguez,SDP,L14 file or pitcher row missing -- using season data.
19.64,12.25,4.91,1.39,8.32,13,FALSE,8.7,16.2,3.67,1,,19.64,41,104.4,35.9,1,699151,39.2,37.7,42.7,51,87,season,19.64,,R,Jedixson Paez,BOS,Fewer than 2 L14 starts (1) -- using season data.
3.97,4.3,1.22,0.73,4.46,16.8,FALSE,6.6,4.2,5.46,27,3.89,4.06,55.6,102.5,39.5,3,700241,51.2,54.8,54.9,57.8,88.9,L14,3.39,4.58,R,Michael McGreevy,STL,L14 rates within drift thresholds.
4.23,4.72,1.3,0.78,4.88,19.5,FALSE,8.5,3.9,4.61,6,7.2,0.71,31.1,96.7,26.9,1,700249,30.5,33.6,39.7,53.1,75.5,season,3.04,,L,Cade Povich,BAL,Fewer than 2 L14 starts (1) -- using season data.
7.13,4.74,1.02,0.8,5.14,17.9,TRUE,13.1,6.3,4.42,4,7.82,5.4,66.5,106.6,42.6,2,700363,48.5,58.5,59.8,69.2,80,L14,4.15,8,R,AJ Smith-Shawver,ATL,HR/9 drift 0.98 (season 1.02 -> L14 2.00)
0,3.88,0,0.58,4.79,44.4,FALSE,0,1.8,3,1,,0,56.8,103.9,44.2,1,700669,35.1,59.6,56.3,67.9,38,season,,,R,Gordon Graceffo,STL,Fewer than 2 L14 starts (1) -- using season data.
2.88,3.55,0.59,0.6,4.25,23.1,FALSE,12,3.13,5.29,23,3.71,2.42,43.9,100.7,31.8,2,700712,48.5,46.8,51.3,58.4,89.5,L14,2.89,0.69,R,Walbert Ureña,LAA,L14 rates within drift thresholds.
9.45,4.2,1.35,0.66,4.22,20.6,FALSE,17.6,4.2,2.22,3,0,21,46,98,30.7,0,700842,45.8,41.6,46.4,52.4,56.3,season,0,,L,Eduardo Rivera,BOS,L14 file or pitcher row missing -- using season data.
4.25,4.08,1.35,0.78,3.75,22.7,TRUE,7.7,4.64,5.13,26,4.45,4.06,43.8,99.3,35.1,2,701542,43.9,41.5,45.9,52.4,87.5,L14,5.33,0.77,R,Will Warren,NYY,HR/9 drift 0.59 (season 1.34 -> L14 0.75)
2.48,3.27,1.3,0.57,3.03,30.1,TRUE,4.9,2.19,5.45,14,2.89,2.08,55.4,104.4,42.7,2,701656,45.4,51.8,54.8,64.9,81,L14,2.25,1.96,R,Logan Henderson,MIL,K% drift 6.2 pts (season 30.1 -> L14 23.9); HR/9 drift 0.61 (season 1.30 -> L14 0.69)
36,3.25,0,0.72,4.29,22.2,FALSE,0,7.2,1,1,36,,45.8,85.6,35.8,0,701719,55.3,46.1,47.6,43.8,22,season,36,,L,Tyler Samaniego,BOS,L14 file or pitcher row missing -- using season data.
0,3.74,0,0.7,3.45,11.1,FALSE,11.1,5.4,3,1,,0,40.7,91.8,38.9,1,702021,39.1,37.3,45.9,60.6,37,season,0,,L,Will Dion,WSN,Fewer than 2 L14 starts (1) -- using season data.
3.65,4.02,0.96,0.62,4.33,23.6,FALSE,11.9,3.4,5.2,18,3.14,4.2,50.7,100.3,40.9,0,702056,41,50.5,51.1,59,86.1,season,2.83,3.06,R,Trey Yesavage,TOR,L14 file or pitcher row missing -- using season data.
4.28,3.61,0.98,0.68,4.03,20.9,FALSE,7.4,4.71,5.67,26,3.62,4.95,47.6,95,38.5,3,702070,46,51.1,51.2,54.9,93,L14,5.34,6.35,L,Noah Cameron,KCR,L14 rates within drift thresholds.
6.75,3.1,0,0.68,4.25,10,FALSE,5,3.6,1.33,3,0,9,51.2,98.1,46.3,1,702193,54.8,47.2,51.9,55,27.7,season,0,,R,Andrew Morris,MIN,Fewer than 2 L14 starts (1) -- using season data.
6.41,4.51,1.34,0.78,4.81,20.2,FALSE,11.4,7.2,4.31,14,7.03,5.72,46.4,99.7,34.7,0,702273,47.7,48.1,52.6,61.2,77.1,season,11.05,4.82,L,Noah Schultz,CHW,L14 file or pitcher row missing -- using season data.
5.45,5.15,1.59,0.72,5.17,20,FALSE,14.4,6.75,4.96,8,6,4.82,58.6,104.4,41.7,0,702275,44.9,50.6,55.4,68.2,89.8,season,8.36,2.93,R,JR Ritchie,ATL,L14 file or pitcher row missing -- using season data.
5.4,7.3,1.8,0.91,5.56,9.1,FALSE,18.2,5.4,5,1,,5.4,83.5,120.7,53.6,0,702281,52.4,65.7,71.5,91.5,86,season,,5.4,L,Robby Snelling,MIA,L14 file or pitcher row missing -- using season data.
0,2.98,0,0.52,2.89,33.3,FALSE,0,5.4,1,1,0,,15.8,90,21.1,0,702303,34.6,24.7,30,32.8,6,season,0,,L,Riley Martin,CHC,L14 file or pitcher row missing -- using season data.
4.5,5.4,2.05,0.81,5.58,11.5,FALSE,7.3,4.68,4.4,5,4.32,5.06,43.4,98.6,33.9,0,702474,46.4,47.2,47.3,48.1,69.4,season,4.2,6.75,R,Mike Paredes,MIN,L14 file or pitcher row missing -- using season data.
6.75,4.15,3.38,0.7,4.28,13.3,FALSE,13.3,5.4,2.67,1,,6.75,27.6,102.7,9.8,0,702566,40.3,25.6,36.1,45,49,season,6.75,,R,Owen Murphy,ATL,L14 file or pitcher row missing -- using season data.
5.32,4.85,1.64,0.76,4.86,16.2,FALSE,8.1,4.32,4.4,5,6.59,3.24,48.8,105.8,33,1,703615,53.2,48.1,54.4,62.6,69.8,season,4.15,8.1,R,Jose Cabrera,ARI,Fewer than 2 L14 starts (1) -- using season data.
2.46,3.03,0.78,0.6,3.19,25.3,TRUE,6.8,2.13,5.96,27,2.25,2.67,49.3,99.5,37,2,800048,45.5,47.6,51.5,60.1,92.7,L14,2.5,0.82,L,Parker Messick,CLE,K% drift 5.7 pts (season 25.3 -> L14 19.6); HR/9 drift 0.78 (season 0.78 -> L14 0.00)
12,2.3,3,0.6,2.93,38.9,FALSE,5.6,7.2,3,1,12,,83.5,108.3,53.6,0,800311,49.3,61.8,67.2,86,74,season,,12,R,Didier Fuentes,ATL,L14 file or pitcher row missing -- using season data.
5.59,4.34,0.47,0.73,4.71,19.3,TRUE,17,5.85,4.83,4,8.64,3.27,49.4,104.5,35.2,2,800600,43,46.9,52.3,65.1,89.5,L14,5.28,6.75,L,Jackson Kent,WSN,BB% drift 2.2 pts (season 17.1 -> L14 14.9); HR/9 drift 0.47 (season 0.47 -> L14 0.00)
3.23,3.19,1.03,0.65,3.39,27.7,TRUE,7,3.37,5.7,23,2.59,3.88,50.1,96.2,45.1,2,801139,43.9,43.3,46.9,53,87.1,L14,3.44,8,L,Payton Tolle,BOS,HR/9 drift 0.72 (season 1.03 -> L14 1.75)
3.29,3.96,1.32,0.73,3.86,20.3,FALSE,13.6,4.2,4.56,3,3.29,,32,99.1,28.1,0,801403,34.5,36,42.2,54.7,74,season,1.42,,R,Chase Dollander,COL,L14 file or pitcher row missing -- using season data.
27,6.53,9,1.1,5.61,0,FALSE,30,5.4,1,1,27,,98.5,102.3,57.3,1,802408,62.9,87.9,72.8,62.7,36,season,,27,L,Brycen Mautz,STL,Fewer than 2 L14 starts (1) -- using season data.
2.93,3.8,1.03,0.67,4.23,18.4,TRUE,5.7,3.44,5.58,11,2.95,2.92,51.4,96.2,41.7,2,804267,46.1,49.8,50.3,53.7,84,L14,3.55,8.31,L,Zac Thornton,NYM,BB% drift 5.7 pts (season 5.7 -> L14 0.0)
4.58,4.5,1.53,0.75,4.04,19.9,TRUE,6.9,5.49,5.89,19,6.38,2.84,53.3,104.6,42.2,2,805673,45,51.8,55.2,66.2,93.6,L14,2.84,8.2,R,Zebby Matthews,MIN,BB% drift 5.1 pts (season 6.9 -> L14 1.8); HR/9 drift 1.53 (season 1.53 -> L14 0.00)
6.75,3.85,0,0.74,4.74,14.3,FALSE,14.3,1.8,1.33,1,6.75,,15.8,90,21.1,0,806188,38.6,33.8,35.2,34.4,23,season,6.75,,L,Cade Gibson,MIA,L14 file or pitcher row missing -- using season data.
12.27,9.79,4.91,1.2,5.93,11.9,FALSE,19,10.8,3.67,2,10.38,15,28.4,100.3,39.9,0,806960,50,28.4,42.7,53.8,74,season,12.27,,R,Luis Morales,ATH,L14 file or pitcher row missing -- using season data.
4.5,5.6,1.8,0.77,5.54,19.5,FALSE,12.2,2.7,5,2,4.15,4.76,51.9,100.3,53.3,2,807739,59.6,56.7,55.7,51.7,83,L14,4.15,4.76,L,Kade Anderson,SEA,L14 rates within drift thresholds.
8.87,6.06,2.01,1.1,6.82,14,FALSE,9.6,9,4.47,5,10.29,8.22,49.3,103.2,33,0,807743,37.3,42.3,43.4,49,82.4,season,8.22,18,L,Sean Sullivan,COL,L14 file or pitcher row missing -- using season data.
4.6,4.74,1.66,0.79,4.08,22.9,FALSE,9.4,4.46,5.19,23,4.86,4.31,42.7,99.6,32.4,1,808963,43.9,46.4,47.6,51.6,89.2,season,2.99,4.73,R,Roki Sasaki,LAD,Fewer than 2 L14 starts (1) -- using season data.
2.67,3.26,0.98,0.56,3.28,25.4,TRUE,6,2.45,6.6,25,1.94,3.28,44.7,98.4,35,3,808967,45.3,44.2,48.1,54.8,98.6,L14,3.28,1.64,R,Yoshinobu Yamamoto,LAD,K% drift 6.7 pts (season 25.4 -> L14 32.0); HR/9 drift 0.43 (season 0.98 -> L14 1.41)
3.44,4.31,1.47,0.72,4.27,23.8,FALSE,8.7,3.71,5.39,17,2.64,4.18,51.8,98.9,42.4,0,813349,44.6,47.4,50.1,57.2,89.9,season,5.18,2.93,L,Connelly Early,BOS,L14 file or pitcher row missing -- using season data.
6.23,7.79,2.77,0.86,6.39,15.5,TRUE,15.5,6,4.33,3,6.75,4.91,41.2,97.3,38.7,2,814490,33.9,41.5,45,56.7,86.7,L14,4.15,10.38,R,Ethan Pecko,HOU,HR/9 drift 1.19 (season 2.77 -> L14 3.96)
5.83,4.26,1.38,0.7,4.24,27.2,FALSE,15.1,5.64,3.91,15,4.88,6.68,45.4,102.4,33.9,0,837227,44.4,41.9,48.6,59.2,76.7,season,6.66,3.72,R,Tatsuya Imai,HOU,L14 file or pitcher row missing -- using season data.
