abq,obr,oor,osi,rcv,pals,team,abq_l7,obr_l7,osi_l7,pp_gap,rcv_l7,abq_l14,abq_l30,abq_ytd,obr_l14,obr_l30,obr_ytd,osi_l14,osi_l30,osi_ytd,rcv_l14,rcv_l30,rcv_ytd,away_abq,away_obr,away_osi,away_rcv,away_slg,away_wrc,home_abq,home_obr,home_osi,home_rcv,home_slg,home_wrc,proj_osi,team_era,top_3_sp,away_woba,home_woba,abq_vs_lhp,abq_vs_rhp,obr_vs_lhp,obr_vs_rhp,osi_vs_lhp,osi_vs_rhp,rcv_vs_lhp,rcv_vs_rhp,team_k_pct,bullpen_era,closer_name,platoon_gap,team_bb_pct,top_batters,primary_setup,avg_ip_per_start,window_direction,home_away_osi_gap,platoon_sensitive,avg_pitching_score,record_placeholder,bullpen_osi_allowed,bullpen_high_lev_era,bullpen_ir_scored_pct
58.22,31.72,42.14,40.47,37.8,31.8,ARI,56.4,24,34.4,-1.4,33.5,55.7,59.4,58.22,25.1,27.4,31.72,34,39,40.47,31.6,38.8,37.8,37.1,44.3,49.2,63.3,0.4,95.8,40.8,43.7,50.4,64.8,0.4,108,39.06,4.37,"[{""name"": ""Michael Soroka"", ""pitch_score"": 51.7}, {""name"": ""Ryne Nelson"", ""pitch_score"": 46.6}, {""name"": ""Brandon Pfaadt"", ""pitch_score"": 46.1}]",0.3,0.3,60.56,58.22,29.82,31.72,51.68,40.47,70.31,37.8,16.6,2.95,Brandyn Garcia,-11.2,7.9,"[{""player_name"": ""Gabriel Moreno"", ""OSI"": 56.1, ""trend"": ""falling"", ""position"": ""C""}, {""player_name"": ""Geraldo Perdomo"", ""OSI"": 53.9, ""trend"": ""stable"", ""position"": ""SS""}, {""player_name"": ""Corbin Carroll"", ""OSI"": 50.3, ""trend"": ""falling"", ""position"": ""RF""}, {""player_name"": ""Ketel Marte"", ""OSI"": 48.7, ""trend"": ""falling"", ""position"": ""2B""}, {""player_name"": ""Nolan Arenado"", ""OSI"": 43.6, ""trend"": ""stable"", ""position"": ""3B""}]",Jonathan Loáisiga;Kevin Ginkel;Taylor Clarke;Juan Morillo,5.48,stable,1.2,TRUE,47.3,--,52.2,2.63,27
42.26,37.31,39.77,48.13,64.69,19.5,ATH,35.5,26.1,36.3,-8,55.4,34.2,40.2,42.26,26.1,26.1,37.31,36.2,41.4,48.13,52.8,62.3,64.69,35.7,41.7,50,69.7,0.4,85.5,35.5,41.4,51.7,74.9,0.4,109.8,40.13,6.76,"[{""name"": ""Jack Perkins"", ""pitch_score"": 51.1}, {""name"": ""Gage Jump"", ""pitch_score"": 50.8}, {""name"": ""Luis Medina"", ""pitch_score"": 50.7}]",0.3,0.3,28.75,42.26,20.59,37.31,38.96,48.13,67.25,64.69,21.6,4.51,Mason Barnett,9.2,10.2,"[{""player_name"": ""Nick Kurtz"", ""OSI"": 67.1, ""trend"": ""stable"", ""position"": """"}, {""player_name"": ""Tyler Soderstrom"", ""OSI"": 57.6, ""trend"": ""falling"", ""position"": ""LF""}, {""player_name"": ""Donovan Walton"", ""OSI"": 52.8, ""trend"": ""stable"", ""position"": ""2B""}, {""player_name"": ""Carlos Cortes"", ""OSI"": 51.3, ""trend"": ""falling"", ""position"": ""RF""}, {""player_name"": ""Lawrence Butler"", ""OSI"": 47.2, ""trend"": ""stable"", ""position"": ""RF""}]",Luis Medina,4.9,falling,1.7,TRUE,19.8,--,46.7,3.71,35.7
51.3,55.83,58.67,58.97,68.05,77.1,ATL,48,45.6,50.3,-5.7,58.2,47.8,50.2,51.3,48.5,46.5,55.83,51.4,55,58.97,57.7,68.7,68.05,34.6,44.2,46.6,58,0.4,101.1,34.5,42,45.7,57.8,0.5,109.7,53.26,7.02,"[{""name"": ""Chris Sale"", ""pitch_score"": 55.0}, {""name"": ""Didier Fuentes"", ""pitch_score"": 53.7}, {""name"": ""Spencer Strider"", ""pitch_score"": 50.3}]",0.3,0.3,45.45,51.3,46.69,55.83,49.83,58.97,56.54,68.05,22.5,2.93,Didier Fuentes,9.1,13.7,"[{""player_name"": ""Drake Baldwin"", ""OSI"": 53.0, ""trend"": ""stable"", ""position"": ""C""}, {""player_name"": ""Ronald Acu\u00f1a Jr."", ""OSI"": 52.8, ""trend"": ""falling"", ""position"": ""RF""}, {""player_name"": ""Matt Olson"", ""OSI"": 52.7, ""trend"": ""falling"", ""position"": ""1B""}, {""player_name"": ""Mike Yastrzemski"", ""OSI"": 42.7, ""trend"": ""stable"", ""position"": ""LF""}, {""player_name"": ""Michael Harris II"", ""OSI"": 42.5, ""trend"": ""stable"", ""position"": ""CF""}]",Brent Suter;Tyler Kinley;Danny Young;Dylan Lee;Dylan Dodd,5.27,falling,-0.9,TRUE,60.5,--,49.1,3.23,25.5
31.63,69.33,67.65,61.39,73.57,70.9,BAL,34.2,53.7,53.5,-2.1,65.4,29.2,31,31.63,56.9,60.7,69.33,52,58.5,61.39,62,74.7,73.57,32.1,47.7,49,62.5,0.4,95.9,32.3,47.5,48.4,60.8,0.4,94.4,59.26,4.54,"[{""name"": ""Zach Eflin"", ""pitch_score"": 58.2}, {""name"": ""Dean Kremer"", ""pitch_score"": 49.8}, {""name"": ""Kyle Bradish"", ""pitch_score"": 48.8}]",0.3,0.3,25.89,31.63,62.54,69.33,58.42,61.39,76.95,73.57,25.6,3.91,Rico Garcia,3,8.5,"[{""player_name"": ""Pete Alonso"", ""OSI"": 57.1, ""trend"": ""falling"", ""position"": ""1B""}, {""player_name"": ""Taylor Ward"", ""OSI"": 50.9, ""trend"": ""falling"", ""position"": ""LF""}, {""player_name"": ""Jackson Holliday"", ""OSI"": 47.9, ""trend"": ""falling"", ""position"": ""2B""}, {""player_name"": ""Christian Encarnacion-Strand"", ""OSI"": 47.0, ""trend"": ""stable"", ""position"": ""3B""}, {""player_name"": ""Colton Cowser"", ""OSI"": 45.9, ""trend"": ""stable"", ""position"": ""CF""}]",Grant Wolfram,5.31,stable,-0.6,FALSE,50.3,--,48.4,4.25,27.5
43.02,41.3,36.4,32.87,15.99,32.7,BOS,47.7,32.9,27.9,3.9,12.4,48.4,46.6,43.02,34.2,35.2,41.3,29.4,32.1,32.87,13.7,17.1,15.99,34.5,42.4,42.5,48.3,0.4,101.2,33.7,39.9,40.5,46.2,0.4,101.9,36.78,8.12,"[{""name"": ""Ranger Suarez"", ""pitch_score"": 52.8}, {""name"": ""Payton Tolle"", ""pitch_score"": 52.3}, {""name"": ""Garrett Crochet"", ""pitch_score"": 51.8}]",0.3,0.3,51.21,43.02,54.26,41.3,53.79,32.87,55.09,15.99,21.9,1.95,Garrett Whitlock,-20.9,8.1,"[{""player_name"": ""Nick Sogard"", ""OSI"": 48.4, ""trend"": ""falling"", ""position"": ""2B""}, {""player_name"": ""Willson Contreras"", ""OSI"": 47.4, ""trend"": ""stable"", ""position"": ""1B""}, {""player_name"": ""Wilyer Abreu"", ""OSI"": 43.2, ""trend"": ""stable"", ""position"": ""RF""}, {""player_name"": ""Masataka Yoshida"", ""OSI"": 42.9, ""trend"": ""stable"", ""position"": ""DH""}, {""player_name"": ""Anthony Seigler"", ""OSI"": 39.8, ""trend"": ""falling"", ""position"": ""2B""}]",Tyron Guerrero;Jovani Morán;Justin Slaten,5.28,stable,-2,TRUE,74.1,--,49.3,1.92,32
62.94,82.62,86.65,69.23,58.42,60.1,CHC,63.3,59.3,56.3,-4.4,48.6,62.8,59.1,62.94,62.4,67.2,82.62,57.3,63.8,69.23,48.7,60.5,58.42,35.1,47.4,48,57.8,0.4,110.2,37.4,48.4,48.1,55.4,0.4,112,64.8,4.51,"[{""name"": ""Riley Martin"", ""pitch_score"": 56.0}, {""name"": ""Ben Brown"", ""pitch_score"": 51.7}, {""name"": ""Shota Imanaga"", ""pitch_score"": 50.3}]",0.3,0.3,61.32,62.94,81.31,82.62,73.19,69.23,72.39,58.42,20.6,3.56,Ryan Zeferjahn,-4,6,"[{""player_name"": ""Pete Crow-Armstrong"", ""OSI"": 51.5, ""trend"": ""stable"", ""position"": ""CF""}, {""player_name"": ""Michael Busch"", ""OSI"": 46.4, ""trend"": ""falling"", ""position"": ""1B""}, {""player_name"": ""Ian Happ"", ""OSI"": 45.7, ""trend"": ""falling"", ""position"": ""LF""}, {""player_name"": ""Seiya Suzuki"", ""OSI"": 44.5, ""trend"": ""stable"", ""position"": ""RF""}, {""player_name"": ""Nico Hoerner"", ""OSI"": 43.7, ""trend"": ""falling"", ""position"": ""2B""}]",Ryan Rolison,5.17,falling,0.1,FALSE,46.7,--,48.5,3.22,23.6
32.19,45.82,55.13,54.22,79.55,64,CHW,30.3,33.6,45.8,-6.7,71.6,25.8,29.7,32.19,37.4,40,45.82,43.9,49.8,54.22,64.2,75.7,79.55,32.7,45.3,52.1,73.7,0.4,99,33.1,42.4,50.9,73.4,0.4,105.1,47.54,4.78,"[{""name"": ""Grant Taylor"", ""pitch_score"": 57.0}, {""name"": ""Sean Burke"", ""pitch_score"": 52.5}, {""name"": ""Sean Newcomb"", ""pitch_score"": 50.1}]",0.3,0.3,28.2,32.19,42.11,45.82,51.22,54.22,78.08,79.55,23.8,3.02,Grant Taylor,3,7.5,"[{""player_name"": ""Munetaka Murakami"", ""OSI"": 63.4, ""trend"": ""falling"", ""position"": ""1B""}, {""player_name"": ""Miguel Vargas"", ""OSI"": 59.1, ""trend"": ""falling"", ""position"": ""3B""}, {""player_name"": ""Sam Antonacci"", ""OSI"": 53.8, ""trend"": ""falling"", ""position"": ""LF""}, {""player_name"": ""Andrew Benintendi"", ""OSI"": 48.1, ""trend"": ""falling"", ""position"": ""DH""}, {""player_name"": ""Braden Montgomery"", ""OSI"": 48.1, ""trend"": ""falling"", ""position"": ""RF""}]",Huascar Brazobán;Jordan Hicks,4.47,falling,-1.2,FALSE,53.9,--,48.4,2.63,31.1
32.67,40.85,40.4,35.37,31.02,40,CIN,32.9,34.8,29.9,0.2,23.9,31.5,29.5,32.67,39.2,34.5,40.85,31.9,32.6,35.37,25.2,31.6,31.02,32,43,41.8,47.3,0.4,89.8,29.1,45.2,42.5,49.1,0.4,99.5,35.61,7.7,"[{""name"": ""Hunter Greene"", ""pitch_score"": 54.6}, {""name"": ""Chase Burns"", ""pitch_score"": 52.5}, {""name"": ""Brady Singer"", ""pitch_score"": 47.5}]",0.3,0.3,43.1,32.67,57.6,40.85,55.84,35.37,62.94,31.02,19.3,3.83,Brock Burke,-20.5,11.9,"[{""player_name"": ""JJ Bleday"", ""OSI"": 51.0, ""trend"": ""falling"", ""position"": ""LF""}, {""player_name"": ""Nathaniel Lowe"", ""OSI"": 45.9, ""trend"": ""falling"", ""position"": ""1B""}, {""player_name"": ""Elly De La Cruz"", ""OSI"": 45.3, ""trend"": ""stable"", ""position"": ""SS""}, {""player_name"": ""Sal Stewart"", ""OSI"": 43.5, ""trend"": ""falling"", ""position"": ""1B""}, {""player_name"": ""Tyler Stephenson"", ""OSI"": 40.8, ""trend"": ""stable"", ""position"": ""C""}]",Pierce Johnson;Sam Moll;Tejay Antone,5.15,stable,0.7,TRUE,27.7,--,50,3.95,26.3
50.04,36.77,39.76,42.76,44.41,39,CLE,57,30.3,38.4,-2.1,38.5,59.1,54.7,50.04,33.7,30.6,36.77,39.8,40.6,42.76,37.1,44.1,44.41,36.4,42.4,48,62.6,0.4,87.9,37.1,42.6,48.1,62.4,0.4,95.6,40.63,4.03,"[{""name"": ""Gavin Williams"", ""pitch_score"": 55.0}, {""name"": ""Logan Allen"", ""pitch_score"": 51.6}, {""name"": ""Parker Messick"", ""pitch_score"": 51.3}]",0.3,0.3,53.23,50.04,49.12,36.77,45.7,42.76,36.42,44.41,22.6,3.16,Cade Smith,-2.9,9.2,"[{""player_name"": ""Chase DeLauter"", ""OSI"": 54.5, ""trend"": ""stable"", ""position"": ""RF""}, {""player_name"": ""Jos\u00e9 Ram\u00edrez"", ""OSI"": 52.8, ""trend"": ""falling"", ""position"": ""3B""}, {""player_name"": ""Steven Kwan"", ""OSI"": 51.5, ""trend"": ""stable"", ""position"": ""LF""}, {""player_name"": ""Travis Bazzana"", ""OSI"": 48.2, ""trend"": ""falling"", ""position"": ""2B""}, {""player_name"": ""Rhys Hoskins"", ""OSI"": 46.5, ""trend"": ""falling"", ""position"": ""1B""}]",Matt Festa;Colin Holderman;Franco Aleman;Erik Sabrowski;Tim Herrin;Hunter Gaddis,5.51,stable,0.1,FALSE,67.9,--,48.8,3.39,25.2
34.46,31.81,0,26.08,13.55,4.3,COL,37.5,23.2,21,-8,9.6,35.2,32.6,34.46,23.5,24.9,31.81,20.7,23.4,26.08,9.5,14.5,13.55,33.1,41.4,34,26.2,0.4,99.2,34.9,39.6,34.3,27.9,0.5,117.4,18.08,9.49,"[{""name"": ""Gabriel Hughes"", ""pitch_score"": 51.7}, {""name"": ""Chase Dollander"", ""pitch_score"": 50.2}, {""name"": ""Tanner Gordon"", ""pitch_score"": 48.9}]",0.3,0.4,23.31,34.46,23.08,31.81,15.16,26.08,0.29,13.55,17.6,5.01,Zach Agnos,10.9,10.2,"[{""player_name"": ""Cole Carrigg"", ""OSI"": 42.3, ""trend"": ""falling"", ""position"": ""CF""}, {""player_name"": ""Kyle Karros"", ""OSI"": 38.2, ""trend"": ""falling"", ""position"": """"}, {""player_name"": ""TJ Rumfield"", ""OSI"": 36.7, ""trend"": ""falling"", ""position"": ""1B""}, {""player_name"": ""Edouard Julien"", ""OSI"": 35.1, ""trend"": ""stable"", ""position"": """"}, {""player_name"": ""Troy Johnston"", ""OSI"": 34.4, ""trend"": ""stable"", ""position"": ""RF""}]",Brennan Bernardino,4.7,stable,0.3,TRUE,16.2,--,50.3,4.95,30.2
43.25,42.54,53.26,49.69,62.47,35.5,DET,48.2,32.4,41.7,-6.4,50.6,46.1,45.9,43.25,34.7,36.6,42.54,42.9,48.3,49.69,51.9,65.2,62.47,35.9,46.7,50.2,64.5,0.4,108.2,33.5,45.5,47.6,60,0.4,99.5,43.28,8.4,"[{""name"": ""Tarik Skubal"", ""pitch_score"": 56.7}, {""name"": ""Ty Madden"", ""pitch_score"": 52.9}, {""name"": ""Drew Anderson"", ""pitch_score"": 52.3}]",0.3,0.3,51.36,43.25,61.52,42.54,54.49,49.69,48.7,62.47,18.9,3.07,Tyler Holton,-4.8,7.1,"[{""player_name"": ""Kevin McGonigle"", ""OSI"": 58.0, ""trend"": ""falling"", ""position"": ""SS""}, {""player_name"": ""Riley Greene"", ""OSI"": 51.7, ""trend"": ""falling"", ""position"": """"}, {""player_name"": ""Dillon Dingler"", ""OSI"": 51.1, ""trend"": ""falling"", ""position"": ""C""}, {""player_name"": ""Ben Malgeri"", ""OSI"": 48.1, ""trend"": ""stable"", ""position"": ""RF""}, {""player_name"": ""Gleyber Torres"", ""OSI"": 47.2, ""trend"": ""falling"", ""position"": ""2B""}]",Drew Sommers,5.19,stable,-2.6,FALSE,71.7,--,47.4,3.31,22.3
38.53,45.24,43.76,48.82,60.27,25.3,HOU,35.5,38.7,40.9,-6.5,47.6,38.9,39.9,38.53,41.5,40.1,45.24,43.4,46.9,48.82,48.9,60.3,60.27,39.3,46.7,49.8,60.8,0.4,107.1,34.2,44.8,47.4,59.7,0.5,112.1,42.29,7,"[{""name"": ""Steven Okert"", ""pitch_score"": 53.2}, {""name"": ""Peter Lambert"", ""pitch_score"": 49.6}, {""name"": ""Tatsuya Imai"", ""pitch_score"": 49.2}]",0.3,0.3,35.54,38.53,38.75,45.24,43.27,48.82,53.94,60.27,21.2,3.07,Bryan King,5.6,14.9,"[{""player_name"": ""Yordan Alvarez"", ""OSI"": 73.5, ""trend"": ""falling"", ""position"": ""DH""}, {""player_name"": ""Isaac Paredes"", ""OSI"": 47.5, ""trend"": ""falling"", ""position"": ""3B""}, {""player_name"": ""Jeremy Pe\u00f1a"", ""OSI"": 45.8, ""trend"": ""falling"", ""position"": ""SS""}, {""player_name"": ""LaMonte Wade Jr."", ""OSI"": 44.9, ""trend"": ""stable"", ""position"": ""LF""}, {""player_name"": ""Taylor Trammell"", ""OSI"": 43.1, ""trend"": ""rising"", ""position"": ""CF""}]",Steven Okert;Bennett Sousa;AJ Blubaugh,4.83,stable,-2.4,FALSE,34.6,--,45.5,2.85,22.7
56.95,42.95,47.74,50.85,55.51,71.8,KCR,66.4,31.6,44.7,-3.3,49.2,64.6,59.2,56.95,32.3,32.7,42.95,43.5,46.7,50.85,46.2,55.3,55.51,33.4,39.3,46.4,63.7,0.4,85.8,32.9,36.6,46.3,66.7,0.4,103.3,47.51,8.05,"[{""name"": ""Steven Cruz"", ""pitch_score"": 51.2}, {""name"": ""Cole Ragans"", ""pitch_score"": 49.9}, {""name"": ""Kris Bubic"", ""pitch_score"": 49.2}]",0.3,0.3,51.73,56.95,32.46,42.95,45.88,50.85,57.03,55.51,19.1,3.96,Steven Cruz,5,9.6,"[{""player_name"": ""Jac Caglianone"", ""OSI"": 51.6, ""trend"": ""stable"", ""position"": ""RF""}, {""player_name"": ""Isaac Collins"", ""OSI"": 48.6, ""trend"": ""falling"", ""position"": ""LF""}, {""player_name"": ""Nick Loftin"", ""OSI"": 46.4, ""trend"": ""falling"", ""position"": ""3B""}, {""player_name"": ""Lane Thomas"", ""OSI"": 44.3, ""trend"": ""falling"", ""position"": ""CF""}, {""player_name"": ""Tyler Tolbert"", ""OSI"": 43.5, ""trend"": ""stable"", ""position"": ""SS""}]",Daniel Lynch IV;John Schreiber,5.28,stable,-0.1,FALSE,27.6,--,48.9,4.21,38.9
22.61,13.07,17.1,27.39,47.16,21.5,LAA,24.3,10.3,23.4,-8,39.8,18.9,20.4,22.61,10.5,11.3,13.07,21.8,24.6,27.39,36.9,43.5,47.16,32.2,43.5,51.3,73.8,0.4,108.4,27.8,38.8,44.7,63.4,0.3,75.9,19.39,5.93,"[{""name"": ""Reid Detmers"", ""pitch_score"": 53.2}, {""name"": ""Brent Suter"", ""pitch_score"": 49.8}, {""name"": ""Yusei Kikuchi"", ""pitch_score"": 49.4}]",0.3,0.3,25.44,22.61,20.95,13.07,35.68,27.39,59.82,47.16,18.6,3.77,Samy Natera Jr.,-8.3,14,"[{""player_name"": ""Mike Trout"", ""OSI"": 61.8, ""trend"": ""falling"", ""position"": ""CF""}, {""player_name"": ""Nolan Schanuel"", ""OSI"": 52.0, ""trend"": ""stable"", ""position"": ""1B""}, {""player_name"": ""Wade Meckler"", ""OSI"": 46.4, ""trend"": ""falling"", ""position"": ""LF""}, {""player_name"": ""Jose Siri"", ""OSI"": 45.1, ""trend"": ""stable"", ""position"": ""CF""}, {""player_name"": ""Vaughn Grissom"", ""OSI"": 44.7, ""trend"": ""falling"", ""position"": ""2B""}]",Tayler Saucedo;Luke Murphy;José Fermin,4.75,stable,-6.6,TRUE,48.7,--,49.4,3.94,33.9
68.32,95.71,99.9,82.75,78.25,52.9,LAD,63.4,78.4,68.4,-6.9,62.2,60.2,61.2,68.32,76.9,75.4,95.71,66.8,71.7,82.75,60.7,73.3,78.25,37.8,54.1,54.5,67,0.5,125.2,37.4,49.7,49.8,58.7,0.4,104.4,75.83,3.79,"[{""name"": ""Tyler Glasnow"", ""pitch_score"": 55.5}, {""name"": ""Jack Dreyer"", ""pitch_score"": 53.5}, {""name"": ""Shohei Ohtani"", ""pitch_score"": 53.4}]",0.4,0.3,63.08,68.32,87.88,95.71,73.35,82.75,64.09,78.25,30.6,3.55,Alex Vesia,9.4,6.2,"[{""player_name"": ""Shohei Ohtani"", ""OSI"": 61.4, ""trend"": ""falling"", ""position"": ""TWP""}, {""player_name"": ""Freddie Freeman"", ""OSI"": 55.4, ""trend"": ""falling"", ""position"": ""1B""}, {""player_name"": ""Max Muncy"", ""OSI"": 50.6, ""trend"": ""falling"", ""position"": ""3B""}, {""player_name"": ""Kyle Tucker"", ""OSI"": 48.4, ""trend"": ""stable"", ""position"": ""RF""}, {""player_name"": ""Dalton Rushing"", ""OSI"": 47.4, ""trend"": ""stable"", ""position"": """"}]",Jack Dreyer;Edgardo Henriquez,5.44,falling,-4.7,TRUE,82.4,--,46.1,3.48,31.2
40.14,39.32,44.23,48.64,65.36,61,MIA,44.5,32.3,43.2,-8,56.1,42.3,36.2,40.14,32.2,33.2,39.32,41.5,44.1,48.64,52.5,62.4,65.36,37.5,43.3,51.4,70.7,0.4,107.1,38.3,41.5,49.8,67.5,0.4,105.8,40.64,7.98,"[{""name"": ""Pete Fairbanks"", ""pitch_score"": 52.7}, {""name"": ""Max Meyer"", ""pitch_score"": 51.5}, {""name"": ""Lake Bachar"", ""pitch_score"": 50.7}]",0.3,0.3,33.19,40.14,38.7,39.32,44.11,48.64,58.1,65.36,19.8,3.78,Victor Vodnik,4.5,10.9,"[{""player_name"": ""Griffin Conine"", ""OSI"": 61.4, ""trend"": ""stable"", ""position"": ""RF""}, {""player_name"": ""Liam Hicks"", ""OSI"": 53.7, ""trend"": ""falling"", ""position"": ""C""}, {""player_name"": ""Xavier Edwards"", ""OSI"": 50.7, ""trend"": ""falling"", ""position"": ""2B""}, {""player_name"": ""Kyle Stowers"", ""OSI"": 48.6, ""trend"": ""stable"", ""position"": """"}, {""player_name"": ""Esteury Ruiz"", ""OSI"": 47.5, ""trend"": ""stable"", ""position"": ""RF""}]",Michael Petersen;John King;Calvin Faucher;Tyler Zuber;Cade Gibson,5.13,stable,-1.6,FALSE,65.3,--,48.9,3.87,21.5
67.42,75.26,73.39,66.31,55.29,66.6,MIL,60.7,59.6,54.9,-8,46.4,58.4,62.2,67.42,64.9,64.4,75.26,55.3,60,66.31,43.5,52.8,55.29,37.1,51.3,49.5,56.5,0.4,105.6,33,49,47.6,56.3,0.4,110.9,58.31,3.82,"[{""name"": ""Jacob Misiorowski"", ""pitch_score"": 61.3}, {""name"": ""Logan Henderson"", ""pitch_score"": 56.3}, {""name"": ""Kyle Harrison"", ""pitch_score"": 54.6}]",0.3,0.3,67.09,67.42,76.66,75.26,59.68,66.31,34.97,55.29,27.1,2.98,Chad Patrick,6.6,8.7,"[{""player_name"": ""Gary S\u00e1nchez"", ""OSI"": 57.3, ""trend"": ""falling"", ""position"": ""C""}, {""player_name"": ""Jake Bauers"", ""OSI"": 53.0, ""trend"": ""falling"", ""position"": ""1B""}, {""player_name"": ""Brice Turang"", ""OSI"": 50.2, ""trend"": ""falling"", ""position"": ""2B""}, {""player_name"": ""Garrett Mitchell"", ""OSI"": 45.8, ""trend"": ""falling"", ""position"": ""CF""}, {""player_name"": ""Cooper Pratt"", ""OSI"": 45.4, ""trend"": ""falling"", ""position"": """"}]",DL Hall;Aaron Ashby,5.09,falling,-1.9,FALSE,91.7,--,49.5,2.82,37.6
39.67,33.76,44.02,47.07,67.58,40.8,MIN,40,24.1,39,-8,57.3,37.5,39.1,39.67,26.2,27.8,33.76,39,42.9,47.07,55.6,64.7,67.58,35.2,42.1,47.7,63,0.4,102.2,39.1,41.4,47,58.9,0.4,96.6,39.07,4.11,"[{""name"": ""Joe Ryan"", ""pitch_score"": 53.6}, {""name"": ""Taj Bradley"", ""pitch_score"": 51.7}, {""name"": ""Andrew Morris"", ""pitch_score"": 51.0}]",0.3,0.3,43.5,39.67,47.48,33.76,45.81,47.07,45.55,67.58,21.5,3.61,Andrew Morris,1.3,8.3,"[{""player_name"": ""Ryan Jeffers"", ""OSI"": 52.7, ""trend"": ""falling"", ""position"": ""C""}, {""player_name"": ""Trevor Larnach"", ""OSI"": 49.6, ""trend"": ""falling"", ""position"": ""LF""}, {""player_name"": ""Alan Roden"", ""OSI"": 46.8, ""trend"": ""stable"", ""position"": ""RF""}, {""player_name"": ""Josh Bell"", ""OSI"": 45.3, ""trend"": ""stable"", ""position"": ""DH""}, {""player_name"": ""Luke Keaschall"", ""OSI"": 45.3, ""trend"": ""stable"", ""position"": ""2B""}]",A.J. Minter;Tommy Nance;Kody Funderburk,5.31,falling,-0.7,FALSE,51.6,--,49.3,3.68,32
30.55,40.04,40.88,42.47,53.76,41,NYM,33.6,32.8,39.3,0.8,51.5,27.9,27.5,30.55,32.5,34.5,40.04,36.4,40.5,42.47,47.3,57.2,53.76,33.4,41.4,45.7,59.4,0.4,95,32.6,41.4,44.3,56.1,0.4,84.6,43.29,6.16,"[{""name"": ""Nolan McLean"", ""pitch_score"": 53.1}, {""name"": ""Christian Scott"", ""pitch_score"": 52.3}, {""name"": ""Sean Manaea"", ""pitch_score"": 49.5}]",0.3,0.3,30.46,30.55,42.25,40.04,47.52,42.47,65.74,53.76,20.5,4.36,,-5.1,11.7,"[{""player_name"": ""Francisco Lindor"", ""OSI"": 48.3, ""trend"": ""stable"", ""position"": ""SS""}, {""player_name"": ""Francisco Alvarez"", ""OSI"": 47.5, ""trend"": ""rising"", ""position"": ""C""}, {""player_name"": ""Jared Young"", ""OSI"": 46.4, ""trend"": ""stable"", ""position"": ""1B""}, {""player_name"": ""Tyrone Taylor"", ""OSI"": 46.0, ""trend"": ""rising"", ""position"": ""LF""}, {""player_name"": ""Carson Benge"", ""OSI"": 45.2, ""trend"": ""stable"", ""position"": ""RF""}]",Nate Lavender,5.05,stable,-1.4,FALSE,64.4,--,51.1,2.5,44.8
38.85,75.1,74.8,66.36,76.03,85.4,NYY,36.8,59,58.4,-1,72.5,36.8,35.2,38.85,64.7,61.8,75.1,57,58.7,66.36,62.7,71.5,76.03,29,41.2,42.1,52.5,0.4,91.3,32.1,43.6,44.3,53.8,0.4,100.5,65.32,4.21,"[{""name"": ""Cam Schlittler"", ""pitch_score"": 55.7}, {""name"": ""Gerrit Cole"", ""pitch_score"": 52.6}, {""name"": ""Ryan Weathers"", ""pitch_score"": 52.4}]",0.3,0.3,33.4,38.85,65.28,75.1,61.44,66.36,77.09,76.03,21.2,2.55,David Bednar,4.9,8.1,"[{""player_name"": ""Ben Rice"", ""OSI"": 55.7, ""trend"": ""falling"", ""position"": ""1B""}, {""player_name"": ""Trent Grisham"", ""OSI"": 48.8, ""trend"": ""falling"", ""position"": ""CF""}, {""player_name"": ""Austin Wells"", ""OSI"": 39.8, ""trend"": ""rising"", ""position"": ""C""}, {""player_name"": ""Jazz Chisholm Jr."", ""OSI"": 39.3, ""trend"": ""falling"", ""position"": ""2B""}, {""player_name"": ""Amed Rosario"", ""OSI"": 38.1, ""trend"": ""stable"", ""position"": ""3B""}]",Paul Blackburn;Tim Hill;Brent Headrick,5.43,stable,2.2,FALSE,79.4,--,47.8,2.52,18.4
32.09,30.7,25.14,33.37,37.32,39.4,PHI,41.6,28.5,32.2,-1.6,32,41.3,36.3,32.09,29.1,29.2,30.7,31.7,33.6,33.37,29.7,38,37.32,33.6,46.7,44.8,50.4,0.4,91.3,33.6,44.9,45.1,53.7,0.5,111.7,31.76,6.02,"[{""name"": ""Zack Wheeler"", ""pitch_score"": 55.5}, {""name"": ""Tim Mayza"", ""pitch_score"": 51.8}, {""name"": ""Kyle Backhus"", ""pitch_score"": 49.8}]",0.3,0.3,36.08,32.09,39.83,30.7,38.58,33.37,38.93,37.32,22.2,3.62,Jhoan Duran,-5.2,9.8,"[{""player_name"": ""Bryce Harper"", ""OSI"": 60.0, ""trend"": ""stable"", ""position"": ""1B""}, {""player_name"": ""Kyle Schwarber"", ""OSI"": 50.9, ""trend"": ""falling"", ""position"": ""DH""}, {""player_name"": ""Bryson Stott"", ""OSI"": 44.0, ""trend"": ""rising"", ""position"": ""2B""}, {""player_name"": ""Alec Bohm"", ""OSI"": 39.2, ""trend"": ""stable"", ""position"": ""3B""}, {""player_name"": ""Brandon Marsh"", ""OSI"": 38.8, ""trend"": ""falling"", ""position"": ""LF""}]",Brooks Raley;José Alvarado;Jonathan Bowlan;Orion Kerkering,4.81,stable,0.3,FALSE,70.6,--,51,3.3,34.4
33.47,60.73,58.75,62.13,84.22,56.1,PIT,31.4,45.6,50.2,-8,68.5,26.9,28.7,33.47,47.5,49,60.73,48.1,53.7,62.13,63.8,77.2,84.22,31.1,44.1,48.5,66,0.4,97.4,34.1,43.5,49.7,67.9,0.4,114.5,54.13,4.01,"[{""name"": ""Mason Montgomery"", ""pitch_score"": 56.5}, {""name"": ""Paul Skenes"", ""pitch_score"": 55.4}, {""name"": ""Jared Jones"", ""pitch_score"": 53.6}]",0.3,0.3,23.34,33.47,46.75,60.73,45.95,62.13,61.18,84.22,25.2,3.02,Mason Montgomery,16.2,9.1,"[{""player_name"": ""Endy Rodr\u00edguez"", ""OSI"": 54.4, ""trend"": ""stable"", ""position"": ""C""}, {""player_name"": ""Bryan Reynolds"", ""OSI"": 54.2, ""trend"": ""falling"", ""position"": ""LF""}, {""player_name"": ""Brandon Lowe"", ""OSI"": 50.7, ""trend"": ""falling"", ""position"": ""2B""}, {""player_name"": ""Esmerlyn Valdez"", ""OSI"": 49.9, ""trend"": ""falling"", ""position"": ""RF""}, {""player_name"": ""Ryan O'Hearn"", ""OSI"": 48.8, ""trend"": ""falling"", ""position"": """"}]",Luke Weaver;Camilo Doval;Yohan Ramírez;Evan Sisk,5.02,falling,1.2,TRUE,66.1,--,48.3,3.04,33.1
40.45,52.37,48.59,53.23,63.33,47.7,SDP,40.9,36.7,44.2,-1.6,56.9,40,43.8,40.45,40,44.5,52.37,45,52.9,53.23,54.8,68.7,63.33,36.6,45.6,53.1,73.4,0.4,103.3,37.3,45.1,50.5,66.2,0.4,85.9,51.59,3.96,"[{""name"": ""Nick Pivetta"", ""pitch_score"": 58.2}, {""name"": ""Bradgley Rodriguez"", ""pitch_score"": 50.8}, {""name"": ""Kyle Hart"", ""pitch_score"": 48.9}]",0.3,0.3,35.2,40.45,42.78,52.37,44,53.23,51.68,63.33,22.1,2.97,Mason Miller,9.2,8.7,"[{""player_name"": ""Luis Campusano"", ""OSI"": 56.9, ""trend"": ""falling"", ""position"": ""C""}, {""player_name"": ""Gavin Sheets"", ""OSI"": 53.2, ""trend"": ""falling"", ""position"": ""1B""}, {""player_name"": ""Fernando Tatis Jr."", ""OSI"": 51.8, ""trend"": ""rising"", ""position"": ""RF""}, {""player_name"": ""Luis Rengifo"", ""OSI"": 50.7, ""trend"": ""stable"", ""position"": ""LF""}, {""player_name"": ""Manny Machado"", ""OSI"": 50.2, ""trend"": ""falling"", ""position"": ""3B""}]",Wandy Peralta;Kyle Hart;Jeremiah Estrada;Yuki Matsui;Bradgley Rodriguez,4.45,falling,-2.6,TRUE,51.2,--,48.5,2.76,32.5
43.3,45.16,45.92,49.15,57.89,22.9,SEA,41.9,32.8,39.7,-1.5,47.7,43.3,46.6,43.3,38,37.9,45.16,42.6,46.5,49.15,48.6,57.5,57.89,34.3,44.2,49.1,65.4,0.4,98.4,32.3,43.4,47.1,61.9,0.4,85,47.65,3.81,"[{""name"": ""Bryce Miller"", ""pitch_score"": 53.4}, {""name"": ""Logan Gilbert"", ""pitch_score"": 53.1}, {""name"": ""Bryan Woo"", ""pitch_score"": 51.7}]",0.3,0.3,41.94,43.3,49.18,45.16,45.66,49.15,44.28,57.89,23.4,3.69,José A. Ferrer,3.5,5.8,"[{""player_name"": ""Randy Arozarena"", ""OSI"": 51.8, ""trend"": ""falling"", ""position"": ""LF""}, {""player_name"": ""Dominic Canzone"", ""OSI"": 50.5, ""trend"": ""falling"", ""position"": ""DH""}, {""player_name"": ""J.P. Crawford"", ""OSI"": 49.2, ""trend"": ""stable"", ""position"": """"}, {""player_name"": ""Josh Naylor"", ""OSI"": 47.9, ""trend"": ""stable"", ""position"": ""1B""}, {""player_name"": ""Cole Young"", ""OSI"": 47.3, ""trend"": ""stable"", ""position"": ""2B""}]",Gabe Speier;Eduard Bazardo,5.72,falling,-2,FALSE,81.9,--,48.3,3.97,35
35.06,17.19,24.43,38.18,64.4,22.3,SFG,33.8,12.5,30.1,-8,49.6,32.8,32.7,35.06,12.8,14.4,17.19,29.8,34.1,38.18,48.3,59.3,64.4,36.3,38.2,47.6,66.3,0.4,105.4,35.2,38.8,45.7,61.2,0.4,91.3,30.18,4.39,"[{""name"": ""Erik Miller"", ""pitch_score"": 52.5}, {""name"": ""Landen Roupp"", ""pitch_score"": 49.9}, {""name"": ""Blade Tidwell"", ""pitch_score"": 49.7}]",0.3,0.3,28.38,35.06,16.04,17.19,31.6,38.18,51.69,64.4,21.8,3.5,Dylan Smith,6.6,7.1,"[{""player_name"": ""Bryce Eldridge"", ""OSI"": 52.6, ""trend"": ""falling"", ""position"": ""DH""}, {""player_name"": ""Rafael Devers"", ""OSI"": 50.3, ""trend"": ""stable"", ""position"": ""1B""}, {""player_name"": ""Drew Gilbert"", ""OSI"": 48.7, ""trend"": ""stable"", ""position"": ""CF""}, {""player_name"": ""Drew Cavanaugh"", ""OSI"": 47.0, ""trend"": ""stable"", ""position"": ""C""}, {""player_name"": ""Luis Arraez"", ""OSI"": 46.6, ""trend"": ""falling"", ""position"": ""2B""}]",Sam Hentges;Keaton Winn,5.33,falling,-1.9,FALSE,44.8,--,50.5,4.26,30.3
41.05,40.4,43.98,42.08,44.73,34.9,STL,41,32.1,35.9,0.2,37.8,39,40.8,41.05,33.9,34.9,40.4,35.7,38.4,42.08,36.5,41.4,44.73,37.1,46.8,50.4,64,0.4,112.8,37.6,44,46.3,55.1,0.4,82.6,42.28,3.32,"[{""name"": ""Dustin May"", ""pitch_score"": 50.6}, {""name"": ""Hunter Dobbins"", ""pitch_score"": 49.6}, {""name"": ""Matthew Liberatore"", ""pitch_score"": 48.4}]",0.3,0.3,50.73,41.05,53.86,40.4,52.04,42.08,50.91,44.73,20.9,3.69,Riley O'Brien,-10,6.8,"[{""player_name"": ""Alec Burleson"", ""OSI"": 57.0, ""trend"": ""stable"", ""position"": ""1B""}, {""player_name"": ""JJ Wetherholt"", ""OSI"": 51.7, ""trend"": ""stable"", ""position"": ""2B""}, {""player_name"": ""Lars Nootbaar"", ""OSI"": 48.7, ""trend"": ""falling"", ""position"": ""LF""}, {""player_name"": ""Jordan Walker"", ""OSI"": 44.8, ""trend"": ""falling"", ""position"": ""RF""}, {""player_name"": ""Iv\u00e1n Herrera"", ""OSI"": 44.3, ""trend"": ""falling"", ""position"": ""DH""}]",Ryne Stanek;Caleb Ferguson;Justin Bruihl;Gordon Graceffo,5.25,stable,-4.1,TRUE,52.9,--,50.2,3.77,36
77.85,34.76,43.71,51.2,50.95,28.8,TBR,79.5,26.6,45.2,-8,47,73.1,71.7,77.85,26.9,26.2,34.76,43.3,45.7,51.2,44.1,50.5,50.95,38.9,41.6,49.9,67.3,0.4,101,37.5,38.8,48.7,68.1,0.4,105.7,43.2,4.15,"[{""name"": ""Drew Rasmussen"", ""pitch_score"": 52.9}, {""name"": ""Ian Seymour"", ""pitch_score"": 52.2}, {""name"": ""Griffin Jax"", ""pitch_score"": 51.1}]",0.3,0.3,72.62,77.85,26.77,34.76,40.21,51.2,32.42,50.95,22.1,3.13,Ian Seymour,11,6.6,"[{""player_name"": ""Junior Caminero"", ""OSI"": 57.8, ""trend"": ""falling"", ""position"": ""3B""}, {""player_name"": ""Jonathan Aranda"", ""OSI"": 54.5, ""trend"": ""falling"", ""position"": ""1B""}, {""player_name"": ""Yandy D\u00edaz"", ""OSI"": 52.8, ""trend"": ""falling"", ""position"": ""DH""}, {""player_name"": ""Richie Palacios"", ""OSI"": 49.4, ""trend"": ""stable"", ""position"": ""2B""}, {""player_name"": ""Victor Mesa Jr."", ""OSI"": 48.4, ""trend"": ""falling"", ""position"": ""RF""}]",Cam Booser;Casey Legumina,5.13,stable,-1.2,TRUE,75.3,--,46.3,3.18,18.1
36.62,27.1,29.35,36.39,46.85,20.3,TEX,31.7,19.4,27.3,-8,34.3,32.4,32.4,36.62,21.8,21.7,27.1,28.8,32.9,36.39,34.5,47.7,46.85,33.6,41.8,43.3,51.9,0.4,104.3,32.3,38.3,40.9,49.9,0.4,95.5,28.39,3.12,"[{""name"": ""Jacob deGrom"", ""pitch_score"": 54.6}, {""name"": ""Jacob Latz"", ""pitch_score"": 54.0}, {""name"": ""Nathan Eovaldi"", ""pitch_score"": 51.9}]",0.3,0.3,30.31,36.62,26.96,27.1,40.22,36.39,62.47,46.85,21,3.25,Jacob Latz,-3.8,5.7,"[{""player_name"": ""Joc Pederson"", ""OSI"": 50.0, ""trend"": ""stable"", ""position"": ""DH""}, {""player_name"": ""Brandon Nimmo"", ""OSI"": 45.1, ""trend"": ""stable"", ""position"": ""RF""}, {""player_name"": ""Evan Carter"", ""OSI"": 40.2, ""trend"": ""falling"", ""position"": ""CF""}, {""player_name"": ""Wyatt Langford"", ""OSI"": 39.9, ""trend"": ""falling"", ""position"": ""LF""}, {""player_name"": ""Alejandro Osuna"", ""OSI"": 39.1, ""trend"": ""stable"", ""position"": """"}]",Cole Winn;Chase Silseth;Peyton Gray;Robby Ahlstrom,5.16,falling,-2.4,FALSE,63.9,--,47.7,3.27,35.3
54.65,7.63,16.34,29.44,36.36,46.4,TOR,54.2,5.3,23.1,-5.7,29.4,50.8,55.2,54.65,5.4,5.5,7.63,23.1,25.8,29.44,28.4,34.2,36.36,36.9,33.9,43.6,59.5,0.4,86.7,36.8,36,44.1,58.5,0.4,88.8,23.75,3.98,"[{""name"": ""Dylan Cease"", ""pitch_score"": 57.3}, {""name"": ""Cody Ponce"", ""pitch_score"": 54.0}, {""name"": ""Mason Fluharty"", ""pitch_score"": 51.6}]",0.3,0.3,54.35,54.65,23.09,7.63,32.11,29.44,26.53,36.36,22.2,2.87,Louis Varland,-2.7,9.7,"[{""player_name"": ""Vladimir Guerrero Jr."", ""OSI"": 46.1, ""trend"": ""falling"", ""position"": ""1B""}, {""player_name"": ""George Springer"", ""OSI"": 45.0, ""trend"": ""stable"", ""position"": ""DH""}, {""player_name"": ""Alejandro Kirk"", ""OSI"": 43.1, ""trend"": ""stable"", ""position"": ""C""}, {""player_name"": ""Myles Straw"", ""OSI"": 42.8, ""trend"": ""falling"", ""position"": ""RF""}, {""player_name"": ""Yohendrick Pi\u00f1ango"", ""OSI"": 42.3, ""trend"": ""stable"", ""position"": """"}]",Brendon Little;Braydon Fisher;Mason Fluharty;Spencer Miles,4.89,stable,0.5,FALSE,66.8,--,48.6,2.1,22.7
43.71,66.98,85.36,67.67,85.57,58.8,WSN,34.9,46.9,49.1,-5.4,69,34.1,42.1,43.71,46.9,55.8,66.98,50.3,63.2,67.67,66.3,86.3,85.57,33.9,46.5,52,71.1,0.4,109.3,36.1,45,50.8,67.9,0.4,107.6,62.28,5.75,"[{""name"": ""Cade Cavalli"", ""pitch_score"": 52.1}, {""name"": ""Jake Irvin"", ""pitch_score"": 50.5}, {""name"": ""Foster Griffin"", ""pitch_score"": 50.4}]",0.3,0.3,40.38,43.71,75.7,66.98,73.48,67.67,94.59,85.57,19.2,3.98,Clayton Beeter,-5.8,9.9,"[{""player_name"": ""James Wood"", ""OSI"": 68.5, ""trend"": ""falling"", ""position"": """"}, {""player_name"": ""CJ Abrams"", ""OSI"": 55.2, ""trend"": ""falling"", ""position"": ""SS""}, {""player_name"": ""Andr\u00e9s Chaparro"", ""OSI"": 53.9, ""trend"": ""stable"", ""position"": ""1B""}, {""player_name"": ""Luis Garc\u00eda Jr."", ""OSI"": 51.8, ""trend"": ""falling"", ""position"": ""1B""}, {""player_name"": ""Harry Ford"", ""OSI"": 51.6, ""trend"": ""falling"", ""position"": ""C""}]",Jake Bird;Brad Lord,4.48,falling,-1.2,FALSE,36.7,--,47.9,4.63,35.8
