Game_PK,MLB_Game_PK,Game_Number,Slate_Date,Time,Away,Home,Away_SP,Home_SP,Away_Hand,Home_Hand,Away_OSI,Home_OSI,Away_FIP,Home_FIP,Away_HR9,Home_HR9,Away_K%,Home_K%
3550310101,824238,1,2026-08-13,1:10 PM ET,CLE,DET,Parker Messick,Keider Montero,L,R,48,47.6,3.19,3.71,0.86,1.08,25.1,16.1
1180653423,823829,1,2026-08-13,1:10 PM ET,PIT,MIA,Braxton Ashcraft,Tyler Phillips,R,R,48.5,49.8,3.49,4.62,1.29,1.53,26.6,16.1
4087193893,823508,1,2026-08-13,1:35 PM ET,SEA,NYY,Logan Gilbert,Max Fried,R,L,49.1,44.3,3.31,2.58,1.23,0.11,26.4,24
3714643717,824561,1,2026-08-13,2:10 PM ET,CIN,CHW,Andrew Abbott,Davis Martin,L,R,41.8,50.9,4.78,3.07,1.19,0.73,17.8,20.8
326408994,822776,1,2026-08-13,3:07 PM ET,BOS,TOR,Payton Tolle,Max Scherzer,L,R,42.5,44.1,3.4,8.22,1.09,2.75,28.5,16.8
953583847,822696,1,2026-08-13,4:05 PM ET,CHC,WSN,Kevin Gausman,Cade Cavalli,R,R,48,50.8,3.58,3.23,1.07,1.05,23.1,25.5
2244790888,823669,1,2026-08-13,7:30 PM ET,PHI,MIN,Aaron Nola,Taj Bradley,R,R,44.8,47,5.1,3.91,2.09,1.16,23.7,26.6
3376004665,823995,1,2026-08-13,10:07 PM ET,TEX,LAA,Jacob deGrom,Walbert Ureña,R,R,43.3,44.7,3.26,,1.29,,29.6,
2847367826,823915,1,2026-08-13,10:10 PM ET,MIL,LAD,Shane Drohan,Roki Sasaki,L,R,49.5,49.8,3.02,5.2,1.05,1.8,22.9,23.8
